// Generated TFLite S3 model data.
#include "model/s3_large_8class_model.h"

alignas(16) const unsigned char g_s3_model[] = {
  0x20, 0x00, 0x00, 0x00, 0x54, 0x46, 0x4c, 0x33, 0x00, 0x00, 0x00, 0x00,
  0x14, 0x00, 0x20, 0x00, 0x1c, 0x00, 0x18, 0x00, 0x14, 0x00, 0x10, 0x00,
  0x0c, 0x00, 0x00, 0x00, 0x08, 0x00, 0x04, 0x00, 0x14, 0x00, 0x00, 0x00,
  0x1c, 0x00, 0x00, 0x00, 0x8c, 0x00, 0x00, 0x00, 0xe4, 0x00, 0x00, 0x00,
  0x10, 0x4c, 0x00, 0x00, 0x20, 0x4c, 0x00, 0x00, 0xa0, 0x92, 0x00, 0x00,
  0x03, 0x00, 0x00, 0x00, 0x01, 0x00, 0x00, 0x00, 0x04, 0x00, 0x00, 0x00,
  0xee, 0xb0, 0xff, 0xff, 0x0c, 0x00, 0x00, 0x00, 0x1c, 0x00, 0x00, 0x00,
  0x3c, 0x00, 0x00, 0x00, 0x0f, 0x00, 0x00, 0x00, 0x73, 0x65, 0x72, 0x76,
  0x69, 0x6e, 0x67, 0x5f, 0x64, 0x65, 0x66, 0x61, 0x75, 0x6c, 0x74, 0x00,
  0x01, 0x00, 0x00, 0x00, 0x04, 0x00, 0x00, 0x00, 0x90, 0xff, 0xff, 0xff,
  0x24, 0x00, 0x00, 0x00, 0x04, 0x00, 0x00, 0x00, 0x08, 0x00, 0x00, 0x00,
  0x6f, 0x75, 0x74, 0x70, 0x75, 0x74, 0x5f, 0x30, 0x00, 0x00, 0x00, 0x00,
  0x01, 0x00, 0x00, 0x00, 0x04, 0x00, 0x00, 0x00, 0xf6, 0xb0, 0xff, 0xff,
  0x04, 0x00, 0x00, 0x00, 0x0e, 0x00, 0x00, 0x00, 0x69, 0x6e, 0x70, 0x75,
  0x74, 0x5f, 0x66, 0x65, 0x61, 0x74, 0x75, 0x72, 0x65, 0x73, 0x00, 0x00,
  0x02, 0x00, 0x00, 0x00, 0x34, 0x00, 0x00, 0x00, 0x04, 0x00, 0x00, 0x00,
  0xdc, 0xff, 0xff, 0xff, 0x27, 0x00, 0x00, 0x00, 0x04, 0x00, 0x00, 0x00,
  0x13, 0x00, 0x00, 0x00, 0x43, 0x4f, 0x4e, 0x56, 0x45, 0x52, 0x53, 0x49,
  0x4f, 0x4e, 0x5f, 0x4d, 0x45, 0x54, 0x41, 0x44, 0x41, 0x54, 0x41, 0x00,
  0x08, 0x00, 0x0c, 0x00, 0x08, 0x00, 0x04, 0x00, 0x08, 0x00, 0x00, 0x00,
  0x26, 0x00, 0x00, 0x00, 0x04, 0x00, 0x00, 0x00, 0x13, 0x00, 0x00, 0x00,
  0x6d, 0x69, 0x6e, 0x5f, 0x72, 0x75, 0x6e, 0x74, 0x69, 0x6d, 0x65, 0x5f,
  0x76, 0x65, 0x72, 0x73, 0x69, 0x6f, 0x6e, 0x00, 0x28, 0x00, 0x00, 0x00,
  0x28, 0x4b, 0x00, 0x00, 0x20, 0x4b, 0x00, 0x00, 0x0c, 0x4b, 0x00, 0x00,
  0xf8, 0x4a, 0x00, 0x00, 0xe4, 0x4a, 0x00, 0x00, 0xd0, 0x4a, 0x00, 0x00,
  0xbc, 0x4a, 0x00, 0x00, 0xa4, 0x4a, 0x00, 0x00, 0x74, 0x4a, 0x00, 0x00,
  0x64, 0x47, 0x00, 0x00, 0xd4, 0x45, 0x00, 0x00, 0xc4, 0x2d, 0x00, 0x00,
  0xb4, 0x2c, 0x00, 0x00, 0x64, 0x2a, 0x00, 0x00, 0x54, 0x29, 0x00, 0x00,
  0x44, 0x19, 0x00, 0x00, 0x34, 0x18, 0x00, 0x00, 0xe4, 0x15, 0x00, 0x00,
  0xd4, 0x14, 0x00, 0x00, 0xc4, 0x0c, 0x00, 0x00, 0x34, 0x0c, 0x00, 0x00,
  0x04, 0x0b, 0x00, 0x00, 0x74, 0x0a, 0x00, 0x00, 0x04, 0x01, 0x00, 0x00,
  0xfc, 0x00, 0x00, 0x00, 0xf4, 0x00, 0x00, 0x00, 0xec, 0x00, 0x00, 0x00,
  0xe4, 0x00, 0x00, 0x00, 0xdc, 0x00, 0x00, 0x00, 0xd4, 0x00, 0x00, 0x00,
  0xcc, 0x00, 0x00, 0x00, 0xc4, 0x00, 0x00, 0x00, 0xbc, 0x00, 0x00, 0x00,
  0xb4, 0x00, 0x00, 0x00, 0xac, 0x00, 0x00, 0x00, 0xa4, 0x00, 0x00, 0x00,
  0x9c, 0x00, 0x00, 0x00, 0x94, 0x00, 0x00, 0x00, 0x74, 0x00, 0x00, 0x00,
  0x04, 0x00, 0x00, 0x00, 0x12, 0xb2, 0xff, 0xff, 0x04, 0x00, 0x00, 0x00,
  0x60, 0x00, 0x00, 0x00, 0x0c, 0x00, 0x00, 0x00, 0x08, 0x00, 0x0e, 0x00,
  0x08, 0x00, 0x04, 0x00, 0x08, 0x00, 0x00, 0x00, 0x10, 0x00, 0x00, 0x00,
  0x28, 0x00, 0x00, 0x00, 0x00, 0x00, 0x06, 0x00, 0x08, 0x00, 0x04, 0x00,
  0x06, 0x00, 0x00, 0x00, 0x04, 0x00, 0x00, 0x00, 0x01, 0x00, 0x00, 0x00,
  0xeb, 0x03, 0x00, 0x00, 0x0c, 0x00, 0x18, 0x00, 0x14, 0x00, 0x10, 0x00,
  0x0c, 0x00, 0x04, 0x00, 0x0c, 0x00, 0x00, 0x00, 0x54, 0x5d, 0xdf, 0x85,
  0x69, 0xa9, 0xe2, 0x6d, 0x02, 0x00, 0x00, 0x00, 0x02, 0x00, 0x00, 0x00,
  0x04, 0x00, 0x00, 0x00, 0x06, 0x00, 0x00, 0x00, 0x32, 0x2e, 0x32, 0x31,
  0x2e, 0x30, 0x00, 0x00, 0x7e, 0xb2, 0xff, 0xff, 0x04, 0x00, 0x00, 0x00,
  0x10, 0x00, 0x00, 0x00, 0x31, 0x2e, 0x31, 0x34, 0x2e, 0x30, 0x00, 0x00,
  0x00, 0x00, 0x00, 0x00, 0x00, 0x00, 0x00, 0x00, 0x54, 0x70, 0xff, 0xff,
  0x58, 0x70, 0xff, 0xff, 0x5c, 0x70, 0xff, 0xff, 0x60, 0x70, 0xff, 0xff,
  0x64, 0x70, 0xff, 0xff, 0x68, 0x70, 0xff, 0xff, 0x6c, 0x70, 0xff, 0xff,
  0x70, 0x70, 0xff, 0xff, 0x74, 0x70, 0xff, 0xff, 0x78, 0x70, 0xff, 0xff,
  0x7c, 0x70, 0xff, 0xff, 0x80, 0x70, 0xff, 0xff, 0x84, 0x70, 0xff, 0xff,
  0x88, 0x70, 0xff, 0xff, 0xd2, 0xb2, 0xff, 0xff, 0x04, 0x00, 0x00, 0x00,
  0x60, 0x09, 0x00, 0x00, 0x6e, 0x0f, 0xe8, 0x55, 0x1e, 0xf4, 0x09, 0xeb,
  0xf8, 0x01, 0xd9, 0x12, 0xed, 0xee, 0x1c, 0x69, 0x23, 0xc5, 0x2c, 0xdb,
  0x08, 0xfd, 0xee, 0xf7, 0xf8, 0x08, 0x03, 0xd7, 0x29, 0x0b, 0x7f, 0xdc,
  0xeb, 0x10, 0xd7, 0xed, 0x09, 0xe5, 0x0e, 0xef, 0x01, 0x25, 0x11, 0x2a,
  0x1d, 0x3d, 0xeb, 0x1d, 0xf0, 0xf4, 0xed, 0xe7, 0x06, 0xfd, 0xe4, 0x0a,
  0x0d, 0xf4, 0xfb, 0x18, 0x34, 0xef, 0x21, 0xf1, 0xf7, 0x05, 0xe6, 0x12,
  0xee, 0x15, 0x01, 0xff, 0x07, 0x03, 0xf7, 0x08, 0xc9, 0x22, 0x25, 0xb7,
  0x10, 0x12, 0xc8, 0xf3, 0xfb, 0xe5, 0x0c, 0x09, 0xc4, 0x0f, 0x1a, 0xed,
  0x05, 0xfd, 0xb9, 0x09, 0xed, 0xc4, 0xfd, 0x17, 0xd3, 0x0d, 0x01, 0xca,
  0xf5, 0x1a, 0x9a, 0x0b, 0x0e, 0x9c, 0xfb, 0xf0, 0xb4, 0x01, 0xf1, 0xc7,
  0xe8, 0x19, 0xd4, 0xe7, 0xd1, 0x81, 0xdc, 0xed, 0x99, 0xed, 0x10, 0xd6,
  0xff, 0xe8, 0x9d, 0xe9, 0x18, 0xab, 0xea, 0xf3, 0xa1, 0xe8, 0xf3, 0x92,
  0x03, 0xd9, 0xbd, 0x2b, 0xde, 0xbf, 0xed, 0x15, 0xa8, 0xf4, 0x15, 0xfe,
  0xfc, 0x0d, 0x48, 0xd4, 0x45, 0x43, 0x32, 0x11, 0x0b, 0x0b, 0xa9, 0x7f,
  0xf1, 0xef, 0x1a, 0x30, 0xf9, 0xf3, 0xd6, 0x45, 0x42, 0x54, 0x12, 0x24,
  0x3f, 0xd0, 0x5c, 0x33, 0xfd, 0x31, 0xde, 0x3e, 0x40, 0xaa, 0x2f, 0x09,
  0xde, 0xe0, 0x17, 0xdc, 0xfc, 0xa4, 0xc6, 0x08, 0xfe, 0x34, 0xa7, 0xf9,
  0x43, 0x9f, 0x18, 0x21, 0xfd, 0x3d, 0x6f, 0x97, 0x77, 0x37, 0x2f, 0x1a,
  0x1f, 0x21, 0xe3, 0xfe, 0xd4, 0x45, 0xb7, 0x95, 0x3f, 0x09, 0x98, 0x12,
  0x11, 0x31, 0xa0, 0x22, 0xa2, 0xaf, 0x60, 0x30, 0xe8, 0x3b, 0xca, 0xd6,
  0xea, 0xfc, 0x86, 0x30, 0x22, 0x62, 0x63, 0xb4, 0xda, 0x73, 0x2c, 0x60,
  0x64, 0x0b, 0x08, 0x44, 0x0d, 0x46, 0x64, 0x23, 0xce, 0x01, 0xe4, 0xe3,
  0xb6, 0xe3, 0xed, 0xf2, 0xaa, 0xf6, 0x15, 0x37, 0xa4, 0xe8, 0xbf, 0xc9,
  0x0f, 0xde, 0x9c, 0x51, 0xd2, 0x34, 0x4d, 0xaf, 0xec, 0x23, 0x56, 0x04,
  0x1b, 0xf5, 0x39, 0x40, 0x9c, 0x2d, 0x63, 0xc0, 0x27, 0x38, 0x81, 0xf9,
  0x47, 0xdf, 0x30, 0x2a, 0xc1, 0x33, 0x33, 0x7f, 0x1d, 0x16, 0x0a, 0x14,
  0xf9, 0x0c, 0xe7, 0xd7, 0x2c, 0x01, 0x17, 0xf6, 0xeb, 0x07, 0x5d, 0xbe,
  0x0d, 0xfd, 0xec, 0xd3, 0x1f, 0xa9, 0xbe, 0x1b, 0xd9, 0xdc, 0xec, 0x40,
  0x29, 0x2a, 0xee, 0xe2, 0xf6, 0xe1, 0x0e, 0x03, 0xf6, 0xd7, 0x04, 0xe6,
  0xe0, 0xc8, 0x2a, 0x26, 0xfa, 0x0b, 0xe6, 0xbd, 0x10, 0x1b, 0xf6, 0xe3,
  0xe5, 0xc5, 0x04, 0xef, 0x1c, 0x17, 0x0d, 0x27, 0xc0, 0x0b, 0xe1, 0x0a,
  0xf4, 0xd2, 0xcf, 0x11, 0xc2, 0x24, 0xcf, 0x03, 0xe2, 0x15, 0x25, 0x15,
  0xe2, 0x17, 0xe9, 0x04, 0xe7, 0xe4, 0x02, 0xf4, 0xe3, 0xf9, 0x16, 0xf1,
  0xff, 0xf4, 0x32, 0x26, 0x08, 0x2d, 0xdd, 0xf0, 0x0a, 0x11, 0x00, 0xe5,
  0xf3, 0xf3, 0x29, 0x04, 0x3d, 0x33, 0x28, 0x5c, 0x06, 0x07, 0x23, 0x09,
  0x1f, 0x10, 0x0d, 0x07, 0x11, 0xfe, 0x1a, 0x48, 0x07, 0xfa, 0x6b, 0xdf,
  0xe9, 0xfd, 0xf7, 0x18, 0xcf, 0xea, 0x2c, 0x0c, 0x22, 0xf8, 0x39, 0xe2,
  0xe7, 0x7f, 0xd1, 0xed, 0xea, 0x13, 0x12, 0xf0, 0xfe, 0x0b, 0x24, 0x09,
  0x0d, 0x18, 0xef, 0x20, 0x28, 0xf9, 0x28, 0x1f, 0x03, 0xf6, 0x02, 0x11,
  0xeb, 0xfd, 0xe5, 0xda, 0x15, 0xdf, 0x00, 0xed, 0xf2, 0x0e, 0xff, 0xd5,
  0xd3, 0x20, 0xbb, 0xe7, 0xcc, 0xc6, 0xd0, 0x05, 0xcb, 0xd7, 0xeb, 0x81,
  0xf5, 0x15, 0x98, 0xf2, 0xf8, 0x93, 0xf8, 0xf0, 0x92, 0x09, 0x19, 0x95,
  0x0c, 0x11, 0x8e, 0xec, 0xda, 0xbe, 0x14, 0x0b, 0x96, 0x0c, 0xd8, 0xd2,
  0x13, 0xf0, 0xfd, 0x36, 0xd6, 0xf1, 0x3c, 0xfd, 0xde, 0x33, 0xd4, 0xea,
  0x29, 0xa6, 0xef, 0x56, 0xaa, 0xaa, 0x1c, 0xd8, 0xf2, 0x2c, 0xd0, 0x29,
  0x02, 0xda, 0x08, 0x03, 0x16, 0x21, 0x09, 0xe5, 0xfe, 0x29, 0x91, 0x3c,
  0x65, 0xb0, 0x35, 0x56, 0xb7, 0xe7, 0x53, 0x27, 0x1c, 0x42, 0xaf, 0x7f,
  0x44, 0x10, 0x04, 0x1c, 0x02, 0x13, 0xe4, 0xca, 0x0c, 0x32, 0xe0, 0xd6,
  0xdd, 0xd8, 0xf0, 0xac, 0xb2, 0xca, 0x17, 0xdc, 0x17, 0xac, 0x28, 0xfc,
  0xdd, 0xef, 0xda, 0xfd, 0xf5, 0xa3, 0x0c, 0xe8, 0xec, 0xcd, 0xe7, 0xba,
  0xd7, 0xfa, 0xed, 0xc6, 0xe4, 0xcd, 0x2d, 0xce, 0xf0, 0x0b, 0xd8, 0x39,
  0xe5, 0x2c, 0x69, 0xff, 0x2d, 0x18, 0xee, 0xb5, 0x11, 0xff, 0xc1, 0xff,
  0x05, 0x08, 0xeb, 0x18, 0x03, 0x3e, 0xec, 0x4b, 0x31, 0xd5, 0xc5, 0xff,
  0xf7, 0x06, 0xff, 0xf8, 0x16, 0x07, 0x03, 0x08, 0xec, 0xcb, 0x2f, 0xfe,
  0xf0, 0xd3, 0x3c, 0xe6, 0xdb, 0xf2, 0x0a, 0xf8, 0x14, 0xe6, 0x2d, 0x90,
  0xe1, 0x1f, 0x81, 0xda, 0x1e, 0x2c, 0x1b, 0xf2, 0xd2, 0xf8, 0x29, 0xbf,
  0x0d, 0xf4, 0x99, 0x37, 0x30, 0x96, 0x1f, 0x27, 0x36, 0xd8, 0x59, 0x12,
  0xaf, 0x26, 0xc2, 0xc2, 0x2f, 0xa7, 0xec, 0x19, 0xbf, 0xa2, 0x31, 0xb8,
  0x90, 0x00, 0xc5, 0xae, 0xf2, 0x81, 0xda, 0x1a, 0xc4, 0xce, 0xed, 0xaf,
  0xe0, 0x14, 0xe5, 0x04, 0xf2, 0xc8, 0xf7, 0x09, 0x94, 0xe7, 0xfa, 0xa8,
  0xe8, 0x30, 0x9c, 0x0e, 0xcf, 0x02, 0x43, 0x21, 0xe3, 0x0e, 0x01, 0xfd,
  0xe2, 0xe3, 0xfa, 0xf4, 0xfc, 0xf6, 0x1b, 0xb1, 0x2a, 0x13, 0xf4, 0x0b,
  0xda, 0xe2, 0x16, 0xf8, 0xd2, 0xfc, 0x04, 0xde, 0xdd, 0xf8, 0x0f, 0xbb,
  0x1a, 0xc1, 0xfc, 0xe7, 0x9e, 0xdd, 0xfb, 0xc9, 0xfc, 0x15, 0x0a, 0xec,
  0x0d, 0x2e, 0x08, 0xea, 0xca, 0xef, 0x0d, 0x81, 0xd5, 0xfb, 0xc8, 0xbf,
  0x34, 0xee, 0xaa, 0xf0, 0x4d, 0xf9, 0x12, 0x4d, 0xb1, 0x2e, 0xb3, 0xb8,
  0xd5, 0xfe, 0xd2, 0x0f, 0xfc, 0xc1, 0xed, 0x43, 0x23, 0xed, 0x1e, 0xbb,
  0x40, 0xd0, 0xea, 0xe8, 0x00, 0xad, 0x24, 0xf4, 0xf3, 0x0e, 0x16, 0x28,
  0x00, 0x2b, 0x68, 0xfd, 0x8c, 0x55, 0x58, 0xe5, 0x60, 0x3a, 0x0a, 0x60,
  0x60, 0x04, 0x39, 0xdd, 0x24, 0xf6, 0xfe, 0x45, 0xc3, 0x08, 0x5e, 0xff,
  0xd0, 0x48, 0xfe, 0x28, 0xf8, 0x22, 0xf6, 0x28, 0x28, 0xd3, 0xdd, 0x29,
  0x07, 0x58, 0xf7, 0xe9, 0x07, 0xe6, 0xe4, 0x63, 0x75, 0x2c, 0x41, 0x2c,
  0xfd, 0x4a, 0xb7, 0x2e, 0xb9, 0xba, 0x0e, 0x26, 0xaa, 0xd3, 0xd5, 0x3d,
  0xf1, 0x46, 0xe7, 0xb2, 0xe0, 0xa0, 0xcb, 0x24, 0x90, 0xea, 0x14, 0x9c,
  0xd9, 0x17, 0x81, 0xcb, 0x37, 0xeb, 0xb4, 0xb3, 0x97, 0xe5, 0xa7, 0x0d,
  0x2d, 0xe6, 0xee, 0x02, 0xf1, 0x35, 0x32, 0x25, 0xb4, 0xe6, 0xb0, 0xd1,
  0x3e, 0xe4, 0xeb, 0xd5, 0x00, 0xe4, 0x40, 0xd8, 0xfd, 0x4e, 0x08, 0x2e,
  0xdd, 0xa2, 0x27, 0xb0, 0x89, 0xda, 0x0c, 0xd2, 0x1f, 0x3c, 0xdc, 0xd4,
  0x0b, 0xb8, 0xe4, 0xc4, 0x11, 0xdd, 0xe4, 0x01, 0xd7, 0xbe, 0xc2, 0x20,
  0x3b, 0x99, 0x5d, 0xd5, 0x9f, 0x54, 0xbb, 0xc0, 0x04, 0xb6, 0xbb, 0x3c,
  0xfe, 0xd7, 0xe7, 0x2c, 0xc7, 0xed, 0x3c, 0xd9, 0x58, 0x10, 0x0f, 0x7f,
  0x5a, 0xdc, 0x09, 0x3d, 0x0a, 0x11, 0x26, 0x0d, 0xea, 0x03, 0x3c, 0xda,
  0xf5, 0xe4, 0x2b, 0xf8, 0x03, 0x1f, 0x20, 0x00, 0x0d, 0xfa, 0x21, 0x05,
  0x19, 0x32, 0xea, 0x1a, 0xf1, 0x10, 0x10, 0x1f, 0x06, 0x15, 0xfd, 0xec,
  0x00, 0xf1, 0xd1, 0x1e, 0x7f, 0xdd, 0x03, 0x13, 0x19, 0x0b, 0xf1, 0x25,
  0xe8, 0x05, 0xec, 0x14, 0x0e, 0x8f, 0xcb, 0x32, 0xbb, 0xd2, 0x3b, 0x04,
  0xcf, 0xef, 0x0a, 0xdd, 0xe9, 0xfd, 0x1d, 0xeb, 0xab, 0x45, 0x29, 0xd6,
  0x03, 0x1e, 0x13, 0x35, 0x01, 0x20, 0x0e, 0x1f, 0x2b, 0x19, 0xf4, 0x04,
  0xa7, 0xe6, 0x0a, 0x98, 0xc0, 0xe8, 0xad, 0xc6, 0x0a, 0xc6, 0xfe, 0xb9,
  0xae, 0xf7, 0x18, 0x23, 0x3e, 0x17, 0x12, 0x22, 0x32, 0x0c, 0xb1, 0x20,
  0x44, 0xe5, 0x3c, 0x50, 0x55, 0xe3, 0xfb, 0x56, 0xc6, 0xcd, 0x13, 0xc2,
  0xed, 0x1f, 0xa7, 0x81, 0xee, 0xd3, 0x96, 0x22, 0xf2, 0x52, 0x08, 0x1c,
  0x18, 0xf6, 0x00, 0x2d, 0xcd, 0x08, 0x1b, 0xcd, 0xbf, 0x2b, 0x35, 0xf6,
  0xfe, 0x10, 0x1b, 0xe8, 0x1f, 0x06, 0x27, 0xe5, 0x06, 0xfa, 0xd7, 0x42,
  0xf6, 0x1e, 0x06, 0xf4, 0x12, 0x67, 0x3a, 0xfc, 0x22, 0x14, 0x06, 0xdb,
  0xf0, 0x03, 0xb5, 0xbe, 0xf4, 0xe1, 0xcb, 0xe5, 0xb2, 0x81, 0xec, 0xc5,
  0xd2, 0xfa, 0xe4, 0x09, 0x23, 0xe8, 0xf3, 0x0f, 0x00, 0x0f, 0xec, 0x27,
  0x3f, 0xe7, 0x2b, 0x54, 0x1d, 0x35, 0x46, 0x10, 0x18, 0x22, 0xe7, 0x3e,
  0x3d, 0xf7, 0x5f, 0x50, 0xfe, 0x00, 0xe1, 0x0a, 0xfa, 0x24, 0x18, 0x1d,
  0x15, 0xe8, 0xd0, 0x89, 0xd4, 0xe7, 0xc0, 0x19, 0x06, 0x24, 0xef, 0x0b,
  0xf9, 0xf4, 0x0e, 0xd3, 0xc7, 0x61, 0xf6, 0xf3, 0x55, 0xf5, 0xfb, 0x5b,
  0xe0, 0xd2, 0x19, 0xde, 0xcb, 0x49, 0xe1, 0x2b, 0x5f, 0xd0, 0xdc, 0x7b,
  0xff, 0x37, 0x7f, 0xf8, 0xd3, 0x28, 0xe7, 0xde, 0x27, 0xfb, 0x39, 0x05,
  0xe8, 0x39, 0x22, 0x11, 0x20, 0x30, 0x00, 0x2a, 0x52, 0xf9, 0x0a, 0x4e,
  0x12, 0xdf, 0x35, 0xda, 0x03, 0x35, 0xde, 0x34, 0x64, 0xd5, 0x43, 0x6a,
  0x0a, 0x25, 0x24, 0x16, 0x15, 0xee, 0xe7, 0x02, 0x14, 0xc4, 0x40, 0x04,
  0xfd, 0x0e, 0x30, 0xde, 0x12, 0xfd, 0xee, 0xfc, 0x69, 0x04, 0x1c, 0x7f,
  0xd4, 0x13, 0x36, 0x26, 0xdd, 0x0b, 0xcf, 0x04, 0x53, 0xee, 0x13, 0x0c,
  0xb3, 0x28, 0x47, 0x9d, 0x12, 0x2a, 0xfe, 0x44, 0x06, 0xca, 0x1d, 0xf7,
  0xf1, 0xef, 0x99, 0x95, 0xd4, 0xb0, 0x9c, 0xdf, 0x00, 0xda, 0x07, 0xb3,
  0xbc, 0x1b, 0xbf, 0xb0, 0x07, 0x09, 0x0a, 0x11, 0xe9, 0xbf, 0xe8, 0x00,
  0xea, 0xf1, 0xcd, 0xf5, 0x2f, 0xd5, 0x20, 0x18, 0xb7, 0x1f, 0xbc, 0xdc,
  0xf3, 0xd4, 0xd6, 0x1e, 0x2c, 0xda, 0xbc, 0x16, 0xf0, 0x1a, 0xed, 0x20,
  0xe9, 0x0b, 0x0f, 0x22, 0x0b, 0x01, 0x16, 0x02, 0x00, 0x12, 0xc8, 0xff,
  0x0a, 0xfd, 0x61, 0xfd, 0xf2, 0x5e, 0x04, 0x01, 0x3f, 0x46, 0xc9, 0x34,
  0x2e, 0xcf, 0x4d, 0x10, 0xe9, 0x7f, 0x2a, 0x38, 0x2b, 0x01, 0x2a, 0x47,
  0x03, 0xf4, 0x18, 0xd6, 0xfc, 0x27, 0x19, 0x0a, 0x0c, 0xcc, 0x33, 0xf0,
  0xbf, 0x49, 0xd1, 0xda, 0x07, 0xd0, 0xb2, 0xfc, 0xdd, 0xdb, 0xdf, 0x0f,
  0xfd, 0xfa, 0xd4, 0xed, 0xf9, 0xe9, 0xfb, 0x04, 0x0e, 0xd9, 0xf5, 0xe4,
  0xde, 0xba, 0x06, 0xf7, 0xed, 0x42, 0xc4, 0xdd, 0x23, 0x1c, 0x42, 0x26,
  0xe9, 0xef, 0xc2, 0x01, 0x0e, 0x05, 0x3e, 0x30, 0xe6, 0xc9, 0xf1, 0xde,
  0x17, 0x10, 0xdd, 0x2b, 0xf2, 0xb4, 0xd3, 0x08, 0xe0, 0x09, 0xe8, 0x27,
  0xcc, 0x3a, 0x3a, 0x02, 0xe0, 0x38, 0xd9, 0x0e, 0xfa, 0xef, 0xe7, 0x6d,
  0xfb, 0xc9, 0x29, 0x10, 0xe5, 0x26, 0x57, 0x47, 0x05, 0x37, 0x2c, 0x7e,
  0x3b, 0x3c, 0x61, 0x33, 0x76, 0x27, 0xf6, 0x7f, 0x4f, 0x3c, 0x7c, 0x35,
  0x06, 0x49, 0x49, 0x3e, 0xa7, 0xbd, 0xf1, 0x02, 0xd5, 0x01, 0xa9, 0x1d,
  0xe7, 0x07, 0x18, 0x38, 0xff, 0x12, 0xfd, 0x9b, 0xbe, 0xf4, 0xd9, 0xb8,
  0x29, 0xb6, 0x0e, 0xc8, 0xce, 0xd6, 0x04, 0x8c, 0x06, 0x35, 0xda, 0xf0,
  0x2f, 0x81, 0x33, 0x2c, 0x08, 0x19, 0x14, 0xf7, 0xee, 0x02, 0xc3, 0x06,
  0xd1, 0xe1, 0xea, 0x60, 0xdb, 0x3e, 0x32, 0x10, 0xf3, 0x4f, 0x16, 0x0d,
  0x2b, 0xbe, 0x2d, 0x19, 0xfc, 0xff, 0xcf, 0xc2, 0x2f, 0xf0, 0xf4, 0xee,
  0x1a, 0xd1, 0xe8, 0x0c, 0xcf, 0x2f, 0xe9, 0xfc, 0x37, 0xca, 0xc1, 0x3c,
  0x0d, 0x0f, 0x58, 0xec, 0xdf, 0x2a, 0xf3, 0xfa, 0x56, 0xca, 0x0f, 0x35,
  0xe7, 0x02, 0x78, 0x02, 0xdb, 0x4a, 0xf3, 0x00, 0x2d, 0xe7, 0xe2, 0xd4,
  0x0e, 0xc1, 0x78, 0xf3, 0x11, 0x6e, 0x33, 0x37, 0x53, 0xe8, 0xd3, 0x3e,
  0xf2, 0xf4, 0x3d, 0x17, 0xf4, 0x63, 0xd0, 0x0b, 0x4e, 0x1e, 0x0f, 0x55,
  0x30, 0x02, 0x13, 0x1a, 0xfe, 0x52, 0x3a, 0x3c, 0x5f, 0xc1, 0x10, 0x6e,
  0xcc, 0x52, 0x6b, 0xfc, 0x41, 0x77, 0xe9, 0x1e, 0x7f, 0xf4, 0x0c, 0x1a,
  0x07, 0xe8, 0x15, 0xdb, 0x06, 0xfb, 0xfc, 0xf7, 0xf5, 0xf7, 0xf7, 0x07,
  0x03, 0x05, 0x46, 0x1d, 0x0f, 0x10, 0xff, 0x45, 0xfd, 0x13, 0x04, 0x0d,
  0xe7, 0xf4, 0xe7, 0x08, 0x37, 0x1d, 0xf5, 0x6d, 0xfb, 0x10, 0x7f, 0xeb,
  0xfe, 0x11, 0x05, 0xf2, 0x01, 0xff, 0xec, 0x30, 0xfa, 0xf6, 0x3f, 0x13,
  0xef, 0x4c, 0xeb, 0xf1, 0xe7, 0x0c, 0xed, 0x0d, 0xf7, 0xf4, 0x1a, 0xf1,
  0x19, 0xf8, 0xdf, 0x18, 0x06, 0xf1, 0x16, 0x11, 0xeb, 0xe8, 0x08, 0x1b,
  0x08, 0xe8, 0x10, 0x15, 0xd5, 0x26, 0xd0, 0xde, 0x26, 0xfc, 0x2e, 0x2d,
  0xf8, 0xea, 0x01, 0xf4, 0x10, 0xe7, 0xe0, 0x02, 0xf2, 0xf2, 0x20, 0x13,
  0x32, 0xfb, 0x10, 0x2e, 0xf1, 0x3c, 0xcc, 0x1b, 0x47, 0x07, 0xc9, 0x50,
  0x23, 0x1b, 0x29, 0x48, 0xe0, 0x56, 0x28, 0x23, 0x19, 0xf3, 0x2d, 0x66,
  0xdc, 0x38, 0x7f, 0xe8, 0x69, 0x37, 0x2e, 0x0e, 0x40, 0x04, 0x0e, 0xeb,
  0xe8, 0x60, 0x14, 0xc4, 0x79, 0x12, 0xb7, 0x59, 0x47, 0xe1, 0x59, 0x1a,
  0x00, 0x27, 0x03, 0xd5, 0x17, 0x03, 0xf3, 0x27, 0xfa, 0xe4, 0x15, 0x2d,
  0xfd, 0x17, 0xfd, 0xf7, 0xf7, 0x23, 0xfe, 0xed, 0x0e, 0xec, 0x53, 0x1d,
  0xdf, 0x56, 0x2b, 0xf7, 0x03, 0x26, 0x0c, 0x0e, 0x0f, 0x0a, 0xf2, 0xff,
  0xe5, 0x7f, 0xfd, 0xe5, 0x45, 0x07, 0xfa, 0x31, 0x05, 0xec, 0xee, 0x12,
  0x0a, 0xe0, 0xf5, 0x06, 0x1b, 0xe7, 0x0a, 0x2a, 0xda, 0xfc, 0xfa, 0xd2,
  0x11, 0xe0, 0x01, 0x02, 0x0c, 0x10, 0x0c, 0x2a, 0xde, 0x0d, 0x1a, 0x05,
  0xe3, 0x18, 0xd2, 0xeb, 0x13, 0xe5, 0x13, 0x1d, 0xe7, 0x18, 0xd7, 0xd0,
  0x11, 0xfa, 0x9c, 0x18, 0x30, 0xae, 0xe1, 0x21, 0x81, 0xca, 0x6e, 0xeb,
  0xcf, 0x29, 0x19, 0xf3, 0xf2, 0xd3, 0x47, 0x13, 0xa1, 0x3d, 0x08, 0x90,
  0x14, 0xfe, 0xbf, 0xfb, 0x12, 0xc6, 0x23, 0x22, 0x08, 0x21, 0xf1, 0x12,
  0x3b, 0xa5, 0xcc, 0x09, 0x16, 0xda, 0xcc, 0x12, 0xf0, 0xfb, 0x2c, 0xad,
  0xe1, 0x17, 0xf9, 0xe9, 0x0e, 0xa1, 0xd4, 0x41, 0xe5, 0xef, 0x05, 0x9f,
  0x48, 0x01, 0xcd, 0x2e, 0xce, 0x06, 0xe2, 0xc9, 0xf0, 0xef, 0x2b, 0xd5,
  0x1c, 0xd5, 0xf7, 0x0b, 0x30, 0xe2, 0x0b, 0x43, 0xa9, 0xd3, 0x34, 0xee,
  0xd8, 0x50, 0xf6, 0xdb, 0x0c, 0xbd, 0xd9, 0xec, 0xd1, 0xfe, 0xdf, 0xde,
  0xf8, 0x1b, 0xc9, 0x0c, 0x03, 0x22, 0xc2, 0xde, 0xb1, 0xdf, 0xf9, 0xfd,
  0x15, 0x0c, 0xad, 0x24, 0xc2, 0xf3, 0xe8, 0x26, 0xf3, 0xf0, 0xec, 0xf1,
  0x09, 0xfd, 0xc4, 0x33, 0xae, 0x9a, 0x08, 0x94, 0xfb, 0xfc, 0xc3, 0xbf,
  0x2a, 0xe5, 0xea, 0xfc, 0xd5, 0xd9, 0xde, 0x81, 0xc3, 0xd6, 0xbf, 0xcc,
  0x2e, 0x16, 0xb0, 0x08, 0x1d, 0xb7, 0xf3, 0x1c, 0xef, 0x01, 0x63, 0xd1,
  0xe0, 0x7f, 0x8f, 0xef, 0xe2, 0xb6, 0x18, 0xf5, 0xd5, 0xee, 0x0e, 0xe1,
  0xfd, 0x27, 0xac, 0xe1, 0x39, 0xb8, 0xe0, 0xf7, 0xc2, 0x1a, 0xf1, 0xd1,
  0x1f, 0x11, 0xf1, 0xf6, 0x10, 0xc9, 0xe7, 0x12, 0xa0, 0x13, 0xfe, 0xef,
  0x0e, 0x04, 0xdd, 0x0b, 0xe4, 0xf5, 0x0b, 0xdc, 0xe1, 0x04, 0xf0, 0xd9,
  0x1a, 0x18, 0xd4, 0x11, 0x12, 0x16, 0xdc, 0x0a, 0xf6, 0xf4, 0x06, 0x03,
  0xe9, 0xd9, 0xf7, 0x27, 0xe8, 0x46, 0x01, 0x1c, 0x4d, 0xe9, 0x0e, 0x1d,
  0xe1, 0x1c, 0xf1, 0xd2, 0x88, 0x28, 0x13, 0x03, 0xef, 0x18, 0xe8, 0x39,
  0xc9, 0xf9, 0xeb, 0x08, 0x22, 0xf7, 0x0a, 0x83, 0x2a, 0x11, 0x1a, 0x1b,
  0xc1, 0xff, 0x35, 0xbd, 0x46, 0xe6, 0xc2, 0xd5, 0x17, 0x10, 0xba, 0xf9,
  0x12, 0xd6, 0x07, 0x10, 0x0f, 0xea, 0x0f, 0x2a, 0xfd, 0xb2, 0x0a, 0x08,
  0xec, 0x81, 0xfb, 0x13, 0xe5, 0xed, 0x22, 0x16, 0xd9, 0x45, 0x25, 0xfe,
  0xdc, 0xce, 0x1e, 0xf2, 0x9d, 0xd6, 0xe7, 0xec, 0x39, 0xe8, 0xe7, 0x35,
  0xf4, 0xe5, 0x11, 0x01, 0xfb, 0x12, 0x09, 0xdd, 0x25, 0xfd, 0x16, 0x1d,
  0xeb, 0x09, 0x26, 0xf4, 0x09, 0x18, 0xfd, 0xf6, 0x32, 0x11, 0x0d, 0x2c,
  0x0f, 0x10, 0x1b, 0xf4, 0xfb, 0x14, 0xfb, 0x05, 0x0c, 0x05, 0x13, 0x3a,
  0x16, 0x03, 0x57, 0x28, 0x13, 0xff, 0x0b, 0xfb, 0x14, 0x03, 0x08, 0x27,
  0xf0, 0x08, 0x63, 0x0a, 0xf3, 0x7f, 0x20, 0x08, 0xfb, 0x05, 0x03, 0x05,
  0x00, 0x27, 0x14, 0xef, 0x01, 0x48, 0xfb, 0x1f, 0x3b, 0x05, 0x9e, 0xd7,
  0x2b, 0x58, 0x12, 0xf6, 0x28, 0x0f, 0x0c, 0xf2, 0xd0, 0xe5, 0x16, 0xe3,
  0x25, 0x9b, 0xd4, 0x2c, 0x25, 0xee, 0xe0, 0x1e, 0xe1, 0xf8, 0xca, 0xc6,
  0xfc, 0xf6, 0xba, 0x1e, 0x81, 0xff, 0x3b, 0xe6, 0x9f, 0xd9, 0x24, 0xc7,
  0xc2, 0x34, 0x98, 0xd8, 0x36, 0x05, 0xf3, 0xb5, 0x3a, 0x1a, 0x4a, 0xa8,
  0x2e, 0xd0, 0xdd, 0x00, 0x17, 0xd7, 0x03, 0x3e, 0x45, 0x4d, 0xef, 0x2a,
  0xfe, 0x20, 0x24, 0xfb, 0xd7, 0xd4, 0xf6, 0xf3, 0xa6, 0x03, 0x20, 0x29,
  0xcb, 0x15, 0x03, 0xf5, 0xf4, 0x14, 0xeb, 0xe9, 0x1b, 0x00, 0x08, 0x00,
  0x0e, 0x15, 0xf7, 0xff, 0x11, 0xfe, 0x04, 0xfc, 0x10, 0xf5, 0xf0, 0x0d,
  0xf4, 0x03, 0xff, 0x0e, 0x00, 0xf4, 0x0a, 0x34, 0x17, 0xfb, 0x2f, 0x20,
  0xf1, 0xf9, 0x06, 0x04, 0xf6, 0xf3, 0x00, 0xf0, 0x00, 0xef, 0x7f, 0x24,
  0x03, 0x68, 0x0b, 0x03, 0x1b, 0xfa, 0xe8, 0xf5, 0x06, 0xf1, 0x02, 0x0d,
  0xf3, 0x25, 0x0f, 0xda, 0x2e, 0xe4, 0xe7, 0x17, 0x03, 0xec, 0x02, 0xe9,
  0x07, 0xf2, 0xec, 0xf3, 0x3e, 0xbc, 0xff, 0xff, 0x04, 0x00, 0x00, 0x00,
  0x80, 0x00, 0x00, 0x00, 0x69, 0x81, 0xff, 0xff, 0xa1, 0x04, 0x00, 0x00,
  0x11, 0x52, 0x00, 0x00, 0x44, 0x92, 0x00, 0x00, 0xad, 0xef, 0xff, 0xff,
  0xda, 0x79, 0xff, 0xff, 0x0f, 0x07, 0x00, 0x00, 0xc6, 0xdc, 0x00, 0x00,
  0xcb, 0xfc, 0xff, 0xff, 0x79, 0xe0, 0xff, 0xff, 0x9c, 0x5b, 0x00, 0x00,
  0x95, 0x75, 0xff, 0xff, 0xb3, 0xf4, 0x00, 0x00, 0x22, 0x7c, 0xff, 0xff,
  0x7b, 0xf1, 0xff, 0xff, 0x7c, 0x08, 0x00, 0x00, 0x2d, 0xc1, 0xff, 0xff,
  0xb9, 0xe0, 0xff, 0xff, 0xbf, 0x07, 0x00, 0x00, 0x07, 0x7d, 0xff, 0xff,
  0x25, 0xe9, 0x00, 0x00, 0x31, 0xed, 0xff, 0xff, 0x5f, 0x74, 0xff, 0xff,
  0x54, 0x73, 0xff, 0xff, 0x69, 0x56, 0xff, 0xff, 0x1f, 0xc4, 0xff, 0xff,
  0x25, 0x52, 0x00, 0x00, 0x56, 0xa3, 0xff, 0xff, 0xda, 0x5e, 0x00, 0x00,
  0x38, 0xed, 0xff, 0xff, 0xcf, 0x08, 0x00, 0x00, 0x8f, 0x81, 0xff, 0xff,
  0xca, 0xbc, 0xff, 0xff, 0x04, 0x00, 0x00, 0x00, 0x20, 0x01, 0x00, 0x00,
  0x7f, 0xda, 0x33, 0x72, 0x78, 0x9b, 0x28, 0x18, 0x8e, 0xc1, 0x8a, 0xdf,
  0x1a, 0x32, 0x1c, 0xaa, 0x10, 0x2a, 0x9c, 0x10, 0x69, 0x60, 0xf3, 0x7f,
  0x52, 0x6f, 0xda, 0xc4, 0xf2, 0xe7, 0x81, 0xbb, 0x57, 0x01, 0xce, 0xb8,
  0x81, 0xa7, 0xb8, 0xdd, 0xbb, 0x31, 0xa7, 0x7f, 0x6c, 0x7f, 0xc5, 0xb7,
  0xb2, 0xc2, 0x12, 0x67, 0x70, 0xee, 0x53, 0x67, 0x4a, 0x50, 0x11, 0xea,
  0x7f, 0xbc, 0xca, 0xab, 0xf2, 0x06, 0x08, 0x11, 0x0d, 0xef, 0x55, 0x01,
  0xcb, 0xb0, 0x14, 0x31, 0x41, 0xbe, 0x22, 0xef, 0x39, 0xf2, 0x32, 0x51,
  0x2f, 0xb4, 0xa6, 0x1a, 0x06, 0x81, 0x81, 0x7c, 0xb7, 0x5c, 0x97, 0x82,
  0x2b, 0xe3, 0x0f, 0x7f, 0x56, 0x81, 0x31, 0x1b, 0x7f, 0xbe, 0x81, 0xf2,
  0x1d, 0x92, 0xa4, 0xc9, 0x1c, 0x7f, 0x81, 0x1a, 0xe4, 0x29, 0x0b, 0xd9,
  0x3b, 0xfe, 0x07, 0xd3, 0x1c, 0xa3, 0xe8, 0x38, 0xd7, 0xc1, 0xba, 0x01,
  0xf1, 0x09, 0x2b, 0x03, 0x8e, 0xab, 0x99, 0xff, 0x7f, 0x58, 0x81, 0xd2,
  0x81, 0xd9, 0xc8, 0xac, 0x3e, 0x33, 0x54, 0xc7, 0x0c, 0x5b, 0x71, 0xcd,
  0x5d, 0xe6, 0x3f, 0x4d, 0xae, 0x06, 0xd7, 0x53, 0x54, 0x6d, 0xeb, 0x31,
  0xef, 0x33, 0x2b, 0x04, 0x4f, 0xae, 0x17, 0xf6, 0xa3, 0x38, 0x1f, 0xc9,
  0x08, 0x9e, 0x25, 0x09, 0x0e, 0xf4, 0xd5, 0x7f, 0xc2, 0x7f, 0xcb, 0x7f,
  0xb7, 0xe5, 0xc7, 0x4e, 0x64, 0xe8, 0x81, 0x7f, 0xfe, 0xcf, 0x1f, 0x0d,
  0xef, 0xd0, 0xf0, 0x84, 0x3b, 0xca, 0xd6, 0xcc, 0x29, 0x7f, 0x81, 0xc3,
  0x81, 0xda, 0x15, 0xa8, 0xe6, 0xe1, 0xe8, 0x36, 0xb0, 0x81, 0x81, 0xee,
  0xcd, 0x0b, 0xcc, 0x1f, 0x0f, 0x48, 0xf0, 0x0c, 0xf8, 0x2c, 0xde, 0x81,
  0x3f, 0xf1, 0x1a, 0x7f, 0x81, 0x07, 0x68, 0xc8, 0xa5, 0x93, 0xc8, 0x10,
  0x27, 0x9c, 0x46, 0x3c, 0x3e, 0xcb, 0xf1, 0xf1, 0xaf, 0x68, 0xd1, 0x24,
  0xee, 0x7f, 0xf4, 0xc9, 0x05, 0xeb, 0xfd, 0x0d, 0x95, 0xf4, 0x56, 0x65,
  0xc2, 0xe0, 0xca, 0xea, 0xfc, 0x88, 0xb1, 0x37, 0x15, 0x74, 0xd8, 0xba,
  0xf6, 0xbd, 0xff, 0xff, 0x04, 0x00, 0x00, 0x00, 0x80, 0x00, 0x00, 0x00,
  0xd3, 0xfe, 0xff, 0xff, 0xe3, 0x12, 0x00, 0x00, 0x18, 0x11, 0x00, 0x00,
  0xa3, 0xed, 0xff, 0xff, 0xe7, 0xfa, 0xff, 0xff, 0x83, 0x07, 0x00, 0x00,
  0x15, 0x05, 0x00, 0x00, 0x36, 0xf2, 0xff, 0xff, 0xd6, 0x0a, 0x00, 0x00,
  0x35, 0x01, 0x00, 0x00, 0x04, 0x14, 0x00, 0x00, 0xe2, 0xf9, 0xff, 0xff,
  0x10, 0xe8, 0xff, 0xff, 0x64, 0xfe, 0xff, 0xff, 0x78, 0x08, 0x00, 0x00,
  0x7a, 0x12, 0x00, 0x00, 0xb2, 0x0d, 0x00, 0x00, 0xec, 0xfd, 0xff, 0xff,
  0x4e, 0x07, 0x00, 0x00, 0x60, 0xf1, 0xff, 0xff, 0x90, 0xf7, 0xff, 0xff,
  0x27, 0xfe, 0xff, 0xff, 0x22, 0xfc, 0xff, 0xff, 0xb7, 0xfc, 0xff, 0xff,
  0xd6, 0xfe, 0xff, 0xff, 0x75, 0x08, 0x00, 0x00, 0x6d, 0x0a, 0x00, 0x00,
  0xc5, 0xff, 0xff, 0xff, 0x31, 0xf5, 0xff, 0xff, 0xe6, 0x00, 0x00, 0x00,
  0x50, 0x09, 0x00, 0x00, 0xe1, 0xfd, 0xff, 0xff, 0x82, 0xbe, 0xff, 0xff,
  0x04, 0x00, 0x00, 0x00, 0x00, 0x08, 0x00, 0x00, 0x5b, 0xc6, 0xd9, 0xb6,
  0x00, 0x0d, 0xbb, 0x2a, 0xc2, 0x0f, 0x6d, 0x64, 0x32, 0x56, 0xfa, 0xfe,
  0x88, 0x0d, 0x36, 0x06, 0x26, 0xcc, 0x7f, 0xb6, 0xd4, 0x00, 0x04, 0xed,
  0x54, 0x65, 0xfe, 0x45, 0x1d, 0xdd, 0xdf, 0xe6, 0xe7, 0x13, 0xf4, 0xfc,
  0x0c, 0xd9, 0x2a, 0xc1, 0x0f, 0x07, 0x49, 0x40, 0xec, 0xe9, 0x35, 0x1f,
  0x97, 0x29, 0xfe, 0x00, 0x46, 0x1a, 0x5f, 0x81, 0xe6, 0x7a, 0x11, 0x2e,
  0xa7, 0x84, 0x36, 0x2e, 0xdd, 0x0a, 0xe3, 0x10, 0x48, 0x01, 0xf4, 0x5f,
  0x81, 0xff, 0xe2, 0xca, 0x2b, 0xc1, 0x08, 0xde, 0xd4, 0xbf, 0x0d, 0x68,
  0x35, 0x23, 0x62, 0xeb, 0x2e, 0x30, 0x53, 0x81, 0x92, 0x2a, 0x7f, 0xa1,
  0x96, 0xd3, 0x79, 0xbe, 0x3a, 0x3b, 0x04, 0xfa, 0x4d, 0x40, 0xca, 0x1b,
  0x5e, 0xfd, 0xc2, 0x18, 0x8a, 0xb3, 0x48, 0x47, 0xcd, 0xb9, 0xd1, 0xc7,
  0xae, 0x68, 0x22, 0x2c, 0xca, 0x37, 0x4a, 0x0d, 0x02, 0x2f, 0xeb, 0xe4,
  0xcd, 0xf4, 0x36, 0x06, 0x33, 0x0a, 0xd7, 0x44, 0xef, 0xe2, 0xd9, 0xfd,
  0xf2, 0xdf, 0x05, 0xc7, 0x53, 0xe5, 0xec, 0xb6, 0xd1, 0xfe, 0xab, 0x7f,
  0x32, 0xeb, 0x67, 0xdf, 0xf2, 0x51, 0xe3, 0xb5, 0x81, 0xd0, 0x49, 0x06,
  0x20, 0x2b, 0x42, 0x05, 0xe7, 0x49, 0xb2, 0xe5, 0xbe, 0x97, 0x17, 0x96,
  0x30, 0xa7, 0xed, 0x25, 0x31, 0xbc, 0x89, 0xcf, 0x97, 0xf5, 0x6e, 0xac,
  0xf2, 0xa6, 0xc4, 0x06, 0x9e, 0xd4, 0x65, 0x7a, 0x4a, 0x2f, 0xa2, 0xb3,
  0x29, 0xd4, 0xd5, 0xbb, 0x24, 0xce, 0xec, 0x1a, 0x38, 0xd9, 0xae, 0x7f,
  0x3c, 0xb1, 0xa6, 0x9f, 0x14, 0xab, 0x50, 0x20, 0xf2, 0x20, 0xef, 0xb0,
  0x31, 0xe1, 0xf4, 0x02, 0xeb, 0xc9, 0x0c, 0xd9, 0xde, 0xe3, 0xb3, 0x1e,
  0x01, 0x81, 0x30, 0x3d, 0x0c, 0xdc, 0x15, 0xe1, 0x26, 0xbd, 0x24, 0x3f,
  0xc4, 0x53, 0xf0, 0x14, 0xa2, 0xd2, 0x3b, 0x8b, 0xc5, 0x2a, 0xce, 0xcf,
  0x99, 0xf1, 0x0b, 0xb3, 0xd3, 0xcc, 0xc9, 0x40, 0xc2, 0xe1, 0x43, 0x81,
  0x8f, 0xe4, 0x1c, 0x37, 0xef, 0xb2, 0x99, 0x2c, 0xdf, 0xbd, 0xde, 0xf8,
  0xff, 0xf0, 0x20, 0xcd, 0xf8, 0x26, 0x0b, 0xf7, 0xfc, 0xfa, 0xee, 0x21,
  0xe7, 0xfb, 0xf1, 0x11, 0xd6, 0xf1, 0xdb, 0x05, 0x05, 0xfe, 0x25, 0x26,
  0x31, 0x81, 0x1a, 0x1e, 0xe0, 0xe3, 0x0f, 0xfe, 0xea, 0xde, 0xcd, 0xf4,
  0x50, 0x19, 0xe6, 0x3c, 0xd3, 0x59, 0xd9, 0x99, 0xdf, 0x27, 0x04, 0xd3,
  0x22, 0x10, 0xd0, 0x02, 0xcb, 0xf5, 0x7f, 0x25, 0x31, 0x1d, 0xea, 0xe7,
  0x35, 0x47, 0x09, 0x3b, 0x20, 0xe8, 0xe5, 0x88, 0xfc, 0xd2, 0x30, 0x01,
  0xc8, 0x6c, 0x9a, 0x52, 0x56, 0x34, 0x70, 0xf1, 0x1a, 0xc5, 0x08, 0xb4,
  0x81, 0x08, 0x68, 0x3c, 0xbe, 0x3b, 0x93, 0x12, 0xd4, 0x54, 0xcb, 0xa4,
  0xbe, 0x05, 0xda, 0xd4, 0xfa, 0xe4, 0x35, 0x0f, 0x16, 0x19, 0x42, 0x03,
  0x46, 0x0c, 0x27, 0x51, 0x01, 0x69, 0xc2, 0xd1, 0xcc, 0xd0, 0x32, 0xfa,
  0x55, 0x86, 0x2e, 0x81, 0x73, 0xe0, 0x38, 0x0c, 0xbc, 0x20, 0x18, 0xf3,
  0xcd, 0xea, 0x2b, 0x38, 0xcd, 0xdd, 0xdb, 0xe5, 0xe4, 0xfe, 0xb3, 0xd8,
  0x3d, 0xdd, 0x0d, 0x08, 0x04, 0x2f, 0xf6, 0x81, 0x1e, 0x0d, 0x3d, 0xbd,
  0x0c, 0x52, 0xed, 0x11, 0x13, 0xa2, 0x1b, 0xad, 0x50, 0xcf, 0x31, 0x2b,
  0xc8, 0xf7, 0xb3, 0xe3, 0xd9, 0x15, 0xee, 0xe7, 0xe3, 0x7f, 0x54, 0xc0,
  0xd5, 0x2b, 0x07, 0xaa, 0xf0, 0x8b, 0x2e, 0x48, 0xbf, 0x7f, 0x14, 0x31,
  0xf7, 0x4f, 0x33, 0x14, 0xe9, 0x95, 0x5d, 0x0e, 0xdf, 0x33, 0x03, 0xc5,
  0xed, 0xd5, 0xed, 0xd5, 0x23, 0x09, 0xfe, 0x8d, 0xae, 0x27, 0x1a, 0x02,
  0x0b, 0xb1, 0xf8, 0xba, 0xf4, 0xf4, 0xc9, 0xd8, 0x16, 0xdb, 0x89, 0x61,
  0x04, 0x54, 0xea, 0x34, 0xdc, 0x3f, 0x99, 0x81, 0xf3, 0x1a, 0x3e, 0x07,
  0xf3, 0x13, 0xd4, 0x1c, 0xee, 0x04, 0x71, 0xc0, 0xe9, 0x05, 0xab, 0x0c,
  0xf8, 0x66, 0x48, 0xa4, 0xfe, 0x89, 0x3e, 0xb3, 0x81, 0xbc, 0x3c, 0xed,
  0x90, 0x0f, 0xb4, 0xef, 0x64, 0x30, 0xe0, 0x10, 0xd5, 0xe9, 0x34, 0x7b,
  0x06, 0xfa, 0xee, 0x9d, 0xf7, 0xae, 0xb5, 0xc9, 0xb8, 0xda, 0x24, 0xf6,
  0xc4, 0xfb, 0x30, 0xfe, 0x00, 0x3f, 0xfe, 0x45, 0xe7, 0xa7, 0x59, 0xeb,
  0xde, 0xa9, 0x67, 0xf0, 0xfa, 0x7f, 0x33, 0x19, 0xca, 0xd4, 0x3b, 0x15,
  0x36, 0xfa, 0xd2, 0x3f, 0xf1, 0x81, 0x32, 0xcc, 0xe1, 0xff, 0x0a, 0xfd,
  0x57, 0x05, 0x2b, 0x4b, 0x35, 0x2d, 0x04, 0x07, 0xea, 0x07, 0xca, 0xeb,
  0x08, 0x01, 0x14, 0x28, 0x0b, 0xf6, 0x01, 0x94, 0xe5, 0xe3, 0x15, 0x26,
  0xc9, 0xe5, 0x0a, 0xd6, 0x28, 0xd3, 0x43, 0xec, 0xcf, 0xe6, 0xfb, 0xcd,
  0x12, 0xf9, 0xe1, 0x1e, 0xd3, 0xc4, 0xdc, 0xf6, 0xb9, 0x1e, 0xc8, 0x0d,
  0xd3, 0x8c, 0x8e, 0x6d, 0xde, 0x7f, 0x2d, 0xfc, 0x5a, 0x43, 0x27, 0x9e,
  0xed, 0xa5, 0x45, 0x29, 0x7f, 0xb2, 0xe1, 0xd9, 0xf9, 0x3b, 0x0f, 0x65,
  0x46, 0x04, 0xd0, 0xc0, 0x12, 0x43, 0x41, 0xf9, 0xfe, 0xdf, 0xc9, 0xa6,
  0xc3, 0x08, 0x59, 0x0d, 0x98, 0x1d, 0x28, 0x24, 0x15, 0x1a, 0xb7, 0xff,
  0x3b, 0xde, 0xbf, 0xa2, 0x3d, 0x0b, 0xbc, 0x81, 0x22, 0xef, 0xb3, 0x2a,
  0xdd, 0xb4, 0xed, 0x43, 0xa1, 0xae, 0x1d, 0xe7, 0x1f, 0xc4, 0x01, 0xed,
  0xc9, 0x93, 0xbf, 0x96, 0xaa, 0xb2, 0xdd, 0x3e, 0x09, 0xc9, 0x17, 0xdd,
  0x48, 0x3b, 0x81, 0xbb, 0xae, 0xcf, 0x1b, 0x8c, 0x23, 0x12, 0x1e, 0x43,
  0x98, 0x42, 0x34, 0xe1, 0x33, 0x4e, 0xb1, 0x04, 0xd9, 0x02, 0xf7, 0xe3,
  0x2d, 0xcc, 0x06, 0x6a, 0x0b, 0xee, 0x36, 0xbc, 0x45, 0x27, 0xdd, 0x31,
  0x94, 0xa7, 0xe0, 0x2a, 0xdd, 0xcf, 0x05, 0xd1, 0x2d, 0xee, 0x06, 0x92,
  0x0c, 0x81, 0x66, 0xea, 0x7f, 0x1c, 0xe8, 0xf2, 0x0f, 0xd3, 0xe3, 0x55,
  0x51, 0xd0, 0x9d, 0xe4, 0x05, 0x52, 0xf1, 0xfd, 0xbd, 0x02, 0xf0, 0x03,
  0x67, 0x5b, 0xe4, 0xf7, 0x3b, 0xe7, 0x2b, 0xbc, 0x1a, 0x4e, 0xe1, 0xdf,
  0x50, 0xf5, 0xde, 0xe4, 0x02, 0xfc, 0xd4, 0x22, 0x20, 0x99, 0x93, 0x74,
  0x0b, 0x27, 0xcf, 0x1e, 0x10, 0x18, 0x04, 0x81, 0x2b, 0xc4, 0x9e, 0xc5,
  0xff, 0x67, 0x6a, 0x33, 0x45, 0x1e, 0xa2, 0x18, 0x3b, 0xf4, 0xe0, 0x08,
  0xf0, 0xc7, 0xa8, 0x0f, 0xe0, 0x65, 0x0a, 0x35, 0xe5, 0x08, 0x2c, 0x30,
  0x44, 0xad, 0x81, 0xd9, 0x67, 0x3c, 0xc4, 0x44, 0x16, 0x72, 0xef, 0xb4,
  0xdc, 0x42, 0x8a, 0x43, 0x7f, 0x01, 0xae, 0xe5, 0x0d, 0x34, 0x48, 0xdb,
  0x31, 0x30, 0xc2, 0xf9, 0x03, 0x24, 0xf6, 0xd9, 0x18, 0x23, 0xb6, 0xe1,
  0xe5, 0x52, 0xe5, 0x5e, 0xbb, 0xf9, 0x1f, 0x4e, 0xfa, 0x18, 0xaf, 0xb9,
  0xbf, 0xd4, 0x29, 0x20, 0xe9, 0x2d, 0xe2, 0xcc, 0x24, 0xf9, 0xd2, 0x06,
  0xf0, 0xea, 0x3b, 0x09, 0x22, 0x97, 0xf2, 0x23, 0xcc, 0x2b, 0x14, 0x57,
  0xe5, 0xd4, 0x38, 0xbc, 0x15, 0xf7, 0x33, 0x7f, 0x6d, 0xd1, 0xb8, 0xf2,
  0x3a, 0xae, 0xfc, 0xaa, 0xf6, 0xee, 0xe0, 0x0f, 0x9c, 0xc3, 0xa7, 0x90,
  0x11, 0x96, 0xc0, 0x31, 0xe6, 0x95, 0x09, 0x90, 0x3a, 0xa2, 0xcc, 0xc9,
  0x43, 0x81, 0x48, 0x34, 0x20, 0xe1, 0x4d, 0x51, 0x7b, 0x91, 0x81, 0x12,
  0x0d, 0xb3, 0x13, 0xc3, 0x38, 0x79, 0x25, 0x38, 0x13, 0xcc, 0x19, 0xa7,
  0x27, 0x4b, 0x61, 0x84, 0x48, 0xe8, 0x07, 0x45, 0xd1, 0x2a, 0xe1, 0x56,
  0xbf, 0xe9, 0xfd, 0xd8, 0x14, 0xe4, 0x03, 0x0f, 0xb8, 0xd8, 0x27, 0x41,
  0x1b, 0x2a, 0xe1, 0xe5, 0x40, 0xe3, 0x02, 0x07, 0x1b, 0xf7, 0xdf, 0xf5,
  0x23, 0x14, 0xe5, 0xde, 0xe9, 0x81, 0xbc, 0x1d, 0xf1, 0x67, 0xe7, 0x16,
  0xee, 0x29, 0x99, 0x06, 0xb4, 0x00, 0xcc, 0x02, 0x84, 0xc8, 0xdf, 0xb4,
  0x81, 0x1c, 0x3a, 0x63, 0xca, 0x92, 0x58, 0xd5, 0xc3, 0xfa, 0x0e, 0x82,
  0x19, 0x14, 0x19, 0x13, 0x65, 0x3f, 0x10, 0xbf, 0xf3, 0x35, 0x4a, 0x3b,
  0x01, 0x34, 0xc4, 0x4a, 0x2b, 0xf1, 0xd6, 0x1a, 0x29, 0x96, 0x5e, 0xdf,
  0x09, 0x40, 0x15, 0xce, 0x7f, 0xdb, 0xd0, 0xd2, 0x9d, 0xa3, 0xc2, 0x23,
  0x28, 0xb6, 0x04, 0x36, 0x17, 0x0e, 0xbf, 0xd9, 0xe4, 0xcf, 0x0b, 0x00,
  0xf3, 0xe7, 0xf4, 0x32, 0xc9, 0x81, 0x1b, 0xe2, 0x2e, 0x87, 0xe9, 0xd6,
  0x1a, 0xf3, 0x06, 0x11, 0xfe, 0xe8, 0xfb, 0xe1, 0x3d, 0x1d, 0x23, 0xda,
  0xe4, 0xbd, 0xe1, 0xb7, 0x4a, 0xd6, 0x55, 0x15, 0xc2, 0xff, 0x58, 0x47,
  0xf6, 0x2a, 0x20, 0x7f, 0xe2, 0x3b, 0xcc, 0x13, 0x0a, 0x36, 0x59, 0x52,
  0xa2, 0x24, 0x75, 0x02, 0x6e, 0x86, 0x40, 0x36, 0xd4, 0xb4, 0xd9, 0x2f,
  0x58, 0xc2, 0xab, 0xe2, 0x93, 0x2a, 0x0f, 0x1e, 0x59, 0x81, 0x0b, 0x1d,
  0x0e, 0xf5, 0xde, 0xb1, 0x40, 0x61, 0xed, 0x98, 0xa8, 0x89, 0xec, 0x0f,
  0xbf, 0xca, 0x5e, 0xbd, 0xa1, 0xec, 0xf0, 0x0b, 0x3b, 0xe6, 0x1e, 0x56,
  0xce, 0xb0, 0x23, 0xbc, 0x7f, 0xfa, 0x22, 0xe2, 0xac, 0x5e, 0x4e, 0x5e,
  0x1d, 0xd2, 0x2a, 0xf5, 0xa5, 0xe7, 0xf0, 0x27, 0x05, 0xe7, 0xfd, 0x33,
  0xe9, 0x1e, 0xaf, 0x65, 0x48, 0x50, 0x1f, 0xd6, 0x1f, 0xad, 0x06, 0xf0,
  0x41, 0xf7, 0xbd, 0x70, 0x3a, 0x37, 0x23, 0xe6, 0xd8, 0x59, 0x94, 0x81,
  0x34, 0xba, 0xb6, 0xf7, 0xb4, 0x66, 0x37, 0xee, 0xf2, 0x18, 0xe1, 0x1e,
  0x0c, 0x09, 0x22, 0xe9, 0x29, 0xa7, 0xc9, 0x0e, 0xc6, 0x72, 0x23, 0x1b,
  0xfe, 0x7b, 0xd4, 0x16, 0x81, 0xe6, 0xad, 0xfd, 0x30, 0x15, 0x0f, 0x31,
  0x67, 0x07, 0xc2, 0xe5, 0x0c, 0x4d, 0xf2, 0x69, 0x3a, 0x81, 0xd7, 0xb2,
  0x2f, 0xf9, 0x1f, 0xf5, 0x19, 0x21, 0xf4, 0x19, 0xf5, 0x0d, 0xed, 0x11,
  0xbb, 0xf7, 0x25, 0x1b, 0x70, 0x96, 0x41, 0xf6, 0xcb, 0xd0, 0x02, 0xae,
  0xd6, 0x14, 0x30, 0xbc, 0x3b, 0xe1, 0xf9, 0xfd, 0x15, 0x33, 0x14, 0xd1,
  0xba, 0xb3, 0xd6, 0xce, 0x04, 0x9f, 0xde, 0x81, 0xc2, 0x28, 0xe0, 0x14,
  0xe5, 0xe9, 0xf2, 0xa8, 0x81, 0xf7, 0x31, 0x3d, 0x53, 0x19, 0xd5, 0xed,
  0x13, 0xfd, 0x49, 0x04, 0x09, 0xd4, 0x08, 0xfe, 0x18, 0xdd, 0xf7, 0x03,
  0xee, 0xdf, 0xed, 0x01, 0x38, 0x28, 0xce, 0xbd, 0xec, 0x7d, 0xeb, 0x11,
  0x2b, 0xe8, 0xc0, 0x31, 0x3f, 0x21, 0x7f, 0x2c, 0x06, 0x23, 0x0f, 0x5a,
  0x3c, 0x0a, 0xfc, 0xb7, 0x13, 0x11, 0x00, 0x11, 0xdd, 0x35, 0xd4, 0x0e,
  0x13, 0x33, 0x39, 0x33, 0x24, 0x34, 0xad, 0x54, 0xa4, 0xe4, 0xfe, 0xd4,
  0xc5, 0x77, 0xfa, 0xae, 0x14, 0x28, 0xe5, 0xda, 0x46, 0xf8, 0xf9, 0x81,
  0xc6, 0xc5, 0x36, 0x23, 0x1e, 0xd2, 0xd9, 0xbb, 0x08, 0xc3, 0x4a, 0x23,
  0x31, 0x33, 0xba, 0x3c, 0x31, 0xe3, 0xc4, 0x52, 0x3d, 0xdb, 0x0b, 0xc3,
  0x31, 0x81, 0x6e, 0xab, 0x42, 0x18, 0x07, 0xc4, 0x55, 0x04, 0x84, 0x42,
  0xa5, 0xb8, 0x3f, 0x68, 0x31, 0xae, 0xb1, 0x3b, 0x6b, 0xe4, 0x5b, 0xf4,
  0x13, 0x29, 0x39, 0x0a, 0xfe, 0x10, 0x1b, 0x15, 0xbd, 0xff, 0x09, 0x2b,
  0xf8, 0x1a, 0xcf, 0x42, 0x26, 0x08, 0x2f, 0xd0, 0x12, 0x25, 0xd4, 0xd4,
  0x06, 0x0a, 0xf2, 0xfc, 0x15, 0x81, 0xd1, 0x0f, 0xfd, 0xeb, 0x4f, 0xd5,
  0xd9, 0x2d, 0x43, 0xc4, 0x10, 0x13, 0x14, 0x03, 0xfc, 0xf5, 0x1c, 0x12,
  0x2b, 0x15, 0x22, 0xda, 0xf1, 0xdb, 0xe8, 0x0e, 0x3a, 0xf8, 0xf8, 0x7f,
  0x38, 0x12, 0xf6, 0xc7, 0x79, 0x9a, 0xe7, 0x44, 0xdb, 0xa8, 0xdf, 0x2d,
  0x1d, 0x95, 0xdc, 0x16, 0x02, 0x29, 0xe4, 0x0f, 0xef, 0xdc, 0xd0, 0xcc,
  0xfa, 0xf8, 0x52, 0x73, 0x51, 0x29, 0x32, 0x83, 0x01, 0xc7, 0x53, 0x81,
  0xa0, 0x4a, 0x13, 0x18, 0x5b, 0xb0, 0x1f, 0xb1, 0xcf, 0xf7, 0xdf, 0x24,
  0x2b, 0x1e, 0x0f, 0x4d, 0xcf, 0xc8, 0xcc, 0x0f, 0xe5, 0x0e, 0xd8, 0x25,
  0xe7, 0x2d, 0x0e, 0x81, 0xf6, 0x9b, 0xcc, 0x2b, 0xcf, 0x7f, 0x55, 0xc6,
  0xd6, 0xf5, 0xf4, 0xd7, 0xfd, 0x43, 0x20, 0xc1, 0x05, 0x90, 0xf4, 0x0c,
  0xca, 0xdf, 0xfc, 0x41, 0xeb, 0x32, 0x50, 0x46, 0xf5, 0xa6, 0x04, 0x9e,
  0x42, 0xe0, 0x33, 0xab, 0xdb, 0x40, 0x4b, 0x40, 0xca, 0x17, 0x11, 0xd9,
  0xf0, 0xfa, 0xfe, 0xdf, 0xa0, 0x11, 0xef, 0x17, 0xf7, 0x81, 0x23, 0x37,
  0x1b, 0xde, 0xbe, 0x95, 0xb7, 0x3a, 0x00, 0xaf, 0xda, 0x64, 0xed, 0x22,
  0xfa, 0x2b, 0xd4, 0xd6, 0x0c, 0xf0, 0x21, 0x08, 0xeb, 0xb4, 0x39, 0x2d,
  0x20, 0xe2, 0x18, 0x01, 0xea, 0x13, 0x8e, 0x05, 0x11, 0xb7, 0x15, 0x81,
  0xc3, 0x17, 0xb9, 0x29, 0x0c, 0x22, 0xf9, 0xbe, 0xae, 0xaf, 0xb5, 0xf1,
  0x51, 0xe0, 0xda, 0xfd, 0xf6, 0x64, 0x7a, 0x49, 0xed, 0xb3, 0x63, 0x76,
  0x45, 0xa4, 0x18, 0x0e, 0xac, 0x0f, 0xe6, 0x12, 0x06, 0x93, 0x24, 0x3c,
  0xbc, 0x2e, 0x7f, 0x33, 0x91, 0xc5, 0xfc, 0x20, 0x23, 0x19, 0xbf, 0xef,
  0xf3, 0xeb, 0xcb, 0xfd, 0x11, 0x11, 0x11, 0xef, 0xe2, 0x00, 0xc2, 0x01,
  0xe2, 0xe9, 0x32, 0x16, 0x25, 0x32, 0x30, 0x1a, 0x3f, 0x81, 0xc4, 0xeb,
  0x25, 0xed, 0x48, 0x18, 0x44, 0x32, 0xd5, 0x18, 0x2f, 0x0b, 0x1e, 0x39,
  0xe5, 0xf9, 0xf8, 0x2e, 0x1b, 0xa0, 0xc2, 0xfd, 0xd3, 0x3b, 0x2b, 0x45,
  0x42, 0x9b, 0x24, 0x97, 0x57, 0x7f, 0x43, 0x47, 0xde, 0xda, 0x1d, 0x12,
  0x23, 0xea, 0x9c, 0xda, 0x81, 0xd3, 0xb6, 0xf1, 0x1d, 0x3f, 0xf1, 0xea,
  0xf9, 0x12, 0xbf, 0x30, 0x1b, 0xc6, 0x1b, 0xd9, 0x19, 0xb9, 0x48, 0xcd,
  0x30, 0xeb, 0x36, 0xc1, 0x2c, 0xf6, 0xfa, 0x22, 0x5f, 0xbb, 0x57, 0x00,
  0x35, 0xfc, 0xc0, 0xca, 0x26, 0xed, 0xde, 0x7f, 0x2c, 0xec, 0x46, 0x18,
  0x02, 0xfd, 0x31, 0xed, 0xff, 0xdf, 0xd7, 0x1a, 0x10, 0x2b, 0x3c, 0xf9,
  0x60, 0xfa, 0x2e, 0x38, 0xc9, 0x08, 0x31, 0x00, 0xcf, 0x3c, 0x9d, 0xe7,
  0x0e, 0x2d, 0x09, 0x25, 0x6f, 0xd9, 0xbf, 0x1a, 0xcb, 0x81, 0xc0, 0xf2,
  0x3a, 0x13, 0x90, 0x13, 0x42, 0x14, 0xaf, 0xab, 0x7f, 0xdc, 0x3f, 0xee,
  0x1a, 0xe0, 0x1e, 0x05, 0x45, 0x06, 0x41, 0x21, 0xf7, 0x44, 0xab, 0x0f,
  0xf5, 0x1a, 0x1c, 0xf5, 0x2d, 0xb6, 0x2c, 0x09, 0xe2, 0xf8, 0x1c, 0xda,
  0xaf, 0x62, 0x3a, 0x47, 0xe8, 0x1f, 0x3d, 0xc8, 0x33, 0xf6, 0x0a, 0x14,
  0x4b, 0x29, 0x67, 0x26, 0x24, 0xf9, 0xff, 0xcf, 0x0e, 0xfe, 0xfd, 0x11,
  0xc2, 0x18, 0x1c, 0x2d, 0xf1, 0xce, 0x3f, 0x7f, 0x24, 0x2b, 0xe5, 0x4b,
  0x03, 0x0a, 0xf6, 0xa2, 0x2d, 0xbe, 0xfb, 0xec, 0xa1, 0x51, 0x0d, 0x28,
  0x09, 0x98, 0x0c, 0xef, 0xfd, 0xe6, 0x44, 0x3d, 0xf8, 0x49, 0xfd, 0x0c,
  0x06, 0x39, 0xd8, 0x40, 0x6d, 0x7f, 0x66, 0xd7, 0xee, 0x65, 0xd0, 0xef,
  0xf7, 0xb0, 0x64, 0xc9, 0xf9, 0xfd, 0x36, 0xf3, 0x9b, 0xf2, 0x64, 0x4f,
  0xb6, 0x21, 0xf9, 0x03, 0xdc, 0x7c, 0xb9, 0xa1, 0x20, 0x1f, 0xfe, 0x81,
  0xb8, 0xff, 0xdb, 0xb9, 0x8e, 0xc6, 0xff, 0xff, 0x04, 0x00, 0x00, 0x00,
  0x00, 0x01, 0x00, 0x00, 0xc5, 0xf5, 0xff, 0xff, 0x0b, 0xf7, 0xff, 0xff,
  0xa4, 0x03, 0x00, 0x00, 0x4d, 0x08, 0x00, 0x00, 0x7e, 0x04, 0x00, 0x00,
  0xe0, 0x13, 0x00, 0x00, 0x87, 0x16, 0x00, 0x00, 0xa8, 0x0d, 0x00, 0x00,
  0x77, 0x2c, 0x00, 0x00, 0x85, 0x0d, 0x00, 0x00, 0xed, 0xff, 0xff, 0xff,
  0x59, 0xf5, 0xff, 0xff, 0x3d, 0xf3, 0xff, 0xff, 0x2d, 0x01, 0x00, 0x00,
  0x6c, 0x08, 0x00, 0x00, 0x80, 0x08, 0x00, 0x00, 0xea, 0x08, 0x00, 0x00,
  0xbc, 0x18, 0x00, 0x00, 0x71, 0xef, 0xff, 0xff, 0x68, 0x01, 0x00, 0x00,
  0x31, 0x19, 0x00, 0x00, 0x37, 0xf8, 0xff, 0xff, 0x03, 0x1c, 0x00, 0x00,
  0xa3, 0x19, 0x00, 0x00, 0xce, 0x13, 0x00, 0x00, 0xf0, 0xf1, 0xff, 0xff,
  0x77, 0xff, 0xff, 0xff, 0x81, 0xfd, 0xff, 0xff, 0x96, 0xfc, 0xff, 0xff,
  0x75, 0xf8, 0xff, 0xff, 0xb8, 0x2e, 0x00, 0x00, 0x7b, 0xee, 0xff, 0xff,
  0x49, 0x14, 0x00, 0x00, 0x00, 0x1b, 0x00, 0x00, 0x5f, 0xf4, 0xff, 0xff,
  0x99, 0x13, 0x00, 0x00, 0x3a, 0xdd, 0xff, 0xff, 0xa4, 0x11, 0x00, 0x00,
  0x6c, 0xf7, 0xff, 0xff, 0x38, 0xf6, 0xff, 0xff, 0x9c, 0xf8, 0xff, 0xff,
  0x0d, 0xf1, 0xff, 0xff, 0x3a, 0x2d, 0x00, 0x00, 0x96, 0xfc, 0xff, 0xff,
  0xf4, 0xdf, 0xff, 0xff, 0xfc, 0x09, 0x00, 0x00, 0x14, 0xfa, 0xff, 0xff,
  0x3b, 0xfe, 0xff, 0xff, 0x4d, 0xea, 0xff, 0xff, 0x1a, 0x0d, 0x00, 0x00,
  0x23, 0x12, 0x00, 0x00, 0x91, 0x02, 0x00, 0x00, 0x50, 0x0d, 0x00, 0x00,
  0xb8, 0x11, 0x00, 0x00, 0x11, 0xed, 0xff, 0xff, 0x33, 0x0e, 0x00, 0x00,
  0x7e, 0xde, 0xff, 0xff, 0xc5, 0x14, 0x00, 0x00, 0x2d, 0xeb, 0xff, 0xff,
  0x3a, 0x07, 0x00, 0x00, 0xa6, 0xeb, 0xff, 0xff, 0x3e, 0xd5, 0xff, 0xff,
  0x69, 0xec, 0xff, 0xff, 0xae, 0x0f, 0x00, 0x00, 0x9a, 0xc7, 0xff, 0xff,
  0x04, 0x00, 0x00, 0x00, 0x40, 0x02, 0x00, 0x00, 0x25, 0x48, 0x0f, 0x2f,
  0x22, 0x07, 0x5a, 0x27, 0x21, 0x38, 0x1a, 0x69, 0xe9, 0x14, 0xee, 0xe2,
  0xdd, 0xbc, 0x81, 0x82, 0x94, 0xa2, 0x7f, 0x57, 0xfc, 0xae, 0xad, 0x81,
  0x7f, 0xc1, 0x61, 0xba, 0xfe, 0xb9, 0x5a, 0x75, 0xe8, 0x1b, 0x35, 0xcc,
  0x16, 0xf2, 0xbd, 0x00, 0x4c, 0xee, 0xbc, 0xc2, 0x1e, 0xa9, 0xe0, 0xea,
  0x11, 0x1a, 0x41, 0x43, 0x7f, 0x60, 0x7f, 0x87, 0x27, 0x49, 0x32, 0xe1,
  0xa7, 0x0e, 0x86, 0x24, 0xd7, 0xf2, 0xb5, 0xf3, 0x03, 0x41, 0xc2, 0x7f,
  0x08, 0x2d, 0xc7, 0x4b, 0x32, 0xf5, 0xe1, 0x7f, 0xd1, 0x25, 0x36, 0x03,
  0xe2, 0x81, 0xaa, 0x16, 0x0d, 0xea, 0x36, 0x18, 0xec, 0x19, 0xbf, 0x7f,
  0xc9, 0xd8, 0x0a, 0xe5, 0xdb, 0xc3, 0x30, 0x81, 0x7c, 0x3b, 0xa4, 0xa4,
  0xce, 0xed, 0xdd, 0x1e, 0xc7, 0x55, 0x7f, 0x12, 0x6a, 0x98, 0x54, 0x9e,
  0x0a, 0x0d, 0xcc, 0xa9, 0x5d, 0x7f, 0x3a, 0x0c, 0xf4, 0xeb, 0x81, 0x1a,
  0x29, 0x2d, 0x33, 0xea, 0xb7, 0x4e, 0x81, 0x24, 0x65, 0xe2, 0xa4, 0xf9,
  0x07, 0xbc, 0x4e, 0x2e, 0xf5, 0xd6, 0x98, 0xa8, 0xc0, 0x41, 0x55, 0xf7,
  0xcb, 0xe9, 0x88, 0x33, 0x28, 0x7f, 0xe9, 0xa6, 0xc7, 0x81, 0x57, 0xa5,
  0xf7, 0x05, 0xe3, 0xe8, 0x35, 0x73, 0x81, 0xdf, 0x0c, 0xa6, 0xe7, 0x7f,
  0xa4, 0x65, 0x35, 0x8a, 0x1f, 0x7f, 0x96, 0x81, 0xdf, 0x2e, 0xa6, 0x11,
  0xb7, 0x0f, 0x56, 0x1f, 0x07, 0x7b, 0xe3, 0x20, 0xc3, 0x41, 0xce, 0x2c,
  0xfe, 0x52, 0xa4, 0xd4, 0x81, 0xc9, 0xdf, 0x00, 0xe4, 0x98, 0xab, 0xde,
  0x00, 0x81, 0x81, 0x12, 0x36, 0x2d, 0x10, 0x1c, 0xf3, 0xcf, 0x5a, 0xdb,
  0xc9, 0x7e, 0x81, 0x8e, 0x5b, 0xd1, 0xf4, 0x7f, 0x13, 0xe5, 0xd9, 0xea,
  0x14, 0x2a, 0x68, 0x33, 0x50, 0x08, 0x2b, 0xa5, 0xdb, 0x21, 0x2e, 0xce,
  0x18, 0xf6, 0xee, 0x11, 0x34, 0xb0, 0xfd, 0x2f, 0x24, 0x7f, 0x08, 0xeb,
  0x09, 0xd7, 0x13, 0x5a, 0x0b, 0xa3, 0x08, 0xdc, 0x26, 0x25, 0x88, 0x5c,
  0x14, 0xd7, 0xd4, 0x19, 0x48, 0xdf, 0xd5, 0xf6, 0x52, 0x34, 0x52, 0x26,
  0x24, 0xf9, 0x3e, 0x12, 0xcd, 0xcb, 0xb2, 0xb9, 0x7f, 0x10, 0xd5, 0x5e,
  0xf9, 0xc3, 0xe6, 0xfc, 0xed, 0x22, 0x1f, 0xed, 0x40, 0x5e, 0x57, 0xc9,
  0xe3, 0x34, 0xa1, 0xdc, 0x7f, 0x4c, 0x6e, 0xfe, 0x93, 0x81, 0x93, 0x2c,
  0x30, 0x68, 0x52, 0xde, 0xe8, 0x1d, 0xc9, 0x7f, 0x7f, 0x81, 0xcc, 0x46,
  0xf9, 0xc1, 0xf9, 0x91, 0xf7, 0xe9, 0xc1, 0xc7, 0x1e, 0x78, 0xc4, 0x11,
  0x7f, 0x7f, 0xcf, 0x58, 0x07, 0x3b, 0xc6, 0x81, 0xff, 0x91, 0x6d, 0xef,
  0x53, 0x4d, 0x09, 0x72, 0x7f, 0x54, 0xcd, 0x81, 0x17, 0x41, 0xe1, 0x13,
  0x04, 0x24, 0xfe, 0x81, 0xe5, 0x16, 0xd7, 0x82, 0x9e, 0xdf, 0x81, 0x81,
  0x7f, 0xed, 0x20, 0x81, 0x7f, 0x12, 0x74, 0xcd, 0x7f, 0x7f, 0xbc, 0xea,
  0xcb, 0x4c, 0x96, 0xb4, 0xa3, 0xb3, 0xb0, 0xef, 0xe5, 0xc6, 0x81, 0xa6,
  0x05, 0xcf, 0x1e, 0x81, 0xfa, 0x22, 0xc3, 0x32, 0x81, 0x5e, 0x31, 0xd2,
  0x81, 0x65, 0xd4, 0xc1, 0xab, 0x6f, 0xf0, 0x4d, 0xc0, 0x81, 0x28, 0x05,
  0xe6, 0x3f, 0x21, 0xdd, 0x34, 0xae, 0xe7, 0x3d, 0x81, 0xeb, 0xe6, 0xb1,
  0xfa, 0x42, 0x70, 0xaf, 0xdc, 0xcc, 0x06, 0x9d, 0x43, 0x12, 0x03, 0x34,
  0x4a, 0xf4, 0xdc, 0x04, 0x12, 0x53, 0x08, 0xe2, 0xd4, 0x0a, 0x6e, 0x81,
  0xed, 0xdc, 0xc6, 0xc1, 0xe2, 0xdf, 0x19, 0xeb, 0xea, 0xee, 0xb3, 0x20,
  0x95, 0xd6, 0x03, 0x1a, 0x0c, 0x1a, 0xd0, 0xc8, 0xa2, 0x0b, 0x81, 0xc3,
  0xeb, 0xc0, 0xd7, 0x26, 0x1f, 0x11, 0x20, 0x9b, 0xe2, 0xf3, 0x17, 0x0b,
  0xe1, 0xa8, 0x39, 0x1a, 0x28, 0xf9, 0xea, 0xd5, 0x12, 0x06, 0xa0, 0x17,
  0x0b, 0xa7, 0x7f, 0x39, 0x65, 0xb5, 0xe0, 0xde, 0xe2, 0x3f, 0xb9, 0x69,
  0x2a, 0x81, 0x56, 0x2b, 0x81, 0x1b, 0x06, 0xda, 0x33, 0x48, 0x09, 0x9e,
  0x26, 0x3f, 0x81, 0xfc, 0xe1, 0x42, 0x81, 0xf5, 0x40, 0x61, 0xc2, 0x32,
  0x11, 0x7f, 0xea, 0xf5, 0xe5, 0xb3, 0xb4, 0xf4, 0x7f, 0x81, 0xe9, 0xf4,
  0x3b, 0x81, 0xdf, 0x2f, 0xd6, 0x96, 0x81, 0x07, 0xe6, 0xc9, 0xff, 0xff,
  0x04, 0x00, 0x00, 0x00, 0x00, 0x01, 0x00, 0x00, 0xef, 0xfa, 0xff, 0xff,
  0xae, 0xea, 0xff, 0xff, 0xf8, 0x06, 0x00, 0x00, 0xd8, 0x04, 0x00, 0x00,
  0xb0, 0xfe, 0xff, 0xff, 0x2e, 0x14, 0x00, 0x00, 0xde, 0x0b, 0x00, 0x00,
  0x60, 0xff, 0xff, 0xff, 0x3e, 0xeb, 0xff, 0xff, 0x05, 0xe3, 0xff, 0xff,
  0x5b, 0xf2, 0xff, 0xff, 0xbe, 0xf2, 0xff, 0xff, 0x35, 0xfc, 0xff, 0xff,
  0x17, 0xf9, 0xff, 0xff, 0xc3, 0x17, 0x00, 0x00, 0x05, 0xee, 0xff, 0xff,
  0x40, 0xf8, 0xff, 0xff, 0xeb, 0x02, 0x00, 0x00, 0xf8, 0x18, 0x00, 0x00,
  0x6e, 0xfb, 0xff, 0xff, 0x87, 0x1b, 0x00, 0x00, 0xd3, 0x16, 0x00, 0x00,
  0x0a, 0xf4, 0xff, 0xff, 0xe5, 0xfd, 0xff, 0xff, 0x70, 0x0d, 0x00, 0x00,
  0x95, 0x1b, 0x00, 0x00, 0x0e, 0x28, 0x00, 0x00, 0x66, 0x19, 0x00, 0x00,
  0x49, 0xf6, 0xff, 0xff, 0x85, 0x01, 0x00, 0x00, 0x21, 0xfd, 0xff, 0xff,
  0x1d, 0x11, 0x00, 0x00, 0xe8, 0xf2, 0xff, 0xff, 0xb9, 0xf4, 0xff, 0xff,
  0x49, 0x0d, 0x00, 0x00, 0x56, 0xe9, 0xff, 0xff, 0x4b, 0x11, 0x00, 0x00,
  0x17, 0xf6, 0xff, 0xff, 0x2f, 0xf8, 0xff, 0xff, 0x94, 0x14, 0x00, 0x00,
  0x92, 0x0e, 0x00, 0x00, 0xaf, 0x02, 0x00, 0x00, 0x5e, 0x0a, 0x00, 0x00,
  0xda, 0x1a, 0x00, 0x00, 0xba, 0xeb, 0xff, 0xff, 0x5a, 0xf0, 0xff, 0xff,
  0xf7, 0x14, 0x00, 0x00, 0x8f, 0xf3, 0xff, 0xff, 0xa4, 0xfd, 0xff, 0xff,
  0x54, 0x0f, 0x00, 0x00, 0x17, 0x13, 0x00, 0x00, 0x79, 0x09, 0x00, 0x00,
  0x3f, 0xf9, 0xff, 0xff, 0x6d, 0xf9, 0xff, 0xff, 0xd9, 0xef, 0xff, 0xff,
  0x3a, 0xfc, 0xff, 0xff, 0xe0, 0xee, 0xff, 0xff, 0xad, 0xfe, 0xff, 0xff,
  0x52, 0xef, 0xff, 0xff, 0xc9, 0x19, 0x00, 0x00, 0x66, 0x0d, 0x00, 0x00,
  0xa8, 0xf8, 0xff, 0xff, 0xd7, 0x0d, 0x00, 0x00, 0xf3, 0x1a, 0x00, 0x00,
  0xf2, 0xca, 0xff, 0xff, 0x04, 0x00, 0x00, 0x00, 0x00, 0x10, 0x00, 0x00,
  0x58, 0x15, 0xd1, 0xfc, 0xde, 0xef, 0xeb, 0xec, 0xcb, 0xf4, 0x01, 0x09,
  0xdf, 0x08, 0x5d, 0x07, 0x1d, 0xbf, 0xea, 0xc2, 0xb4, 0x7a, 0x0f, 0xf5,
  0xd7, 0x25, 0x44, 0x32, 0x2b, 0xfe, 0xe8, 0x36, 0xa8, 0x1c, 0xfe, 0xca,
  0x47, 0x81, 0xe3, 0x00, 0xe0, 0xcf, 0x16, 0xc2, 0xcd, 0x0f, 0x56, 0x15,
  0x27, 0x57, 0xf4, 0xa7, 0x1e, 0x26, 0xd9, 0xed, 0xed, 0xfa, 0xff, 0x36,
  0x14, 0xe1, 0xeb, 0xd7, 0xd3, 0x19, 0x27, 0x22, 0x50, 0x37, 0xe6, 0x0d,
  0x56, 0xb5, 0x5a, 0xe7, 0x62, 0xe9, 0xc6, 0x42, 0xe6, 0x04, 0x89, 0xee,
  0xe6, 0xf4, 0xcd, 0xf4, 0xcd, 0x5a, 0x5f, 0x1c, 0x03, 0x68, 0xd9, 0x1e,
  0xd3, 0x4d, 0x7f, 0xe8, 0x91, 0xec, 0xf8, 0xf8, 0xce, 0x19, 0x56, 0x57,
  0x43, 0x06, 0x0d, 0x0e, 0x2a, 0xdf, 0x07, 0x0f, 0x23, 0xc4, 0x1d, 0xec,
  0x31, 0x1c, 0x52, 0xc9, 0x32, 0xff, 0xcf, 0x1b, 0x33, 0xdc, 0x81, 0x4c,
  0xcb, 0xd8, 0x91, 0x25, 0xa7, 0x02, 0xb6, 0x8f, 0x57, 0xf4, 0xfa, 0xdf,
  0xd0, 0x25, 0x53, 0x96, 0xef, 0x5e, 0xc8, 0x2f, 0xeb, 0x14, 0xe0, 0x09,
  0xfc, 0xf9, 0x16, 0xb8, 0xca, 0xfc, 0xea, 0x0c, 0xdd, 0x30, 0x26, 0xfa,
  0x1b, 0xa8, 0xef, 0x4e, 0x9d, 0xe5, 0xb3, 0x93, 0xba, 0x11, 0x2e, 0x46,
  0x24, 0x2e, 0xb6, 0x03, 0x1d, 0x45, 0xd1, 0x0e, 0xa8, 0x55, 0x1e, 0x3a,
  0xe3, 0x11, 0x40, 0xd1, 0xfa, 0x50, 0xfb, 0x07, 0x4a, 0x35, 0xe1, 0x64,
  0x24, 0x7a, 0xf3, 0xb9, 0x84, 0xdd, 0xc0, 0x4d, 0xff, 0xd3, 0xe1, 0xf8,
  0x6c, 0xe4, 0xbc, 0x2d, 0xd2, 0x0d, 0x19, 0x0a, 0xdb, 0xf0, 0xf1, 0x98,
  0xce, 0xde, 0xee, 0x7d, 0x3f, 0x72, 0xdd, 0x0f, 0x09, 0xfe, 0xd8, 0x67,
  0x58, 0xd3, 0x2c, 0xe1, 0x04, 0x17, 0x7f, 0x52, 0x2e, 0x1f, 0x58, 0xab,
  0x97, 0x33, 0x0f, 0x0c, 0x2e, 0x45, 0x93, 0x17, 0xf9, 0x0e, 0xb5, 0x09,
  0xfd, 0xc7, 0x34, 0x20, 0xb8, 0x0f, 0x5d, 0xdf, 0x3c, 0xd3, 0x41, 0x1b,
  0xe2, 0x2f, 0x38, 0x24, 0x39, 0xfb, 0x3f, 0x2f, 0x11, 0xf7, 0x64, 0x3d,
  0xf3, 0x4f, 0x0c, 0x1b, 0xf3, 0xba, 0xe6, 0xd9, 0x70, 0xf7, 0xe9, 0xd9,
  0xe8, 0xec, 0x19, 0xb1, 0x56, 0x17, 0x4b, 0x7f, 0x24, 0x32, 0x96, 0xf0,
  0xb2, 0x38, 0xd2, 0x12, 0x44, 0x2b, 0xa9, 0xcf, 0xba, 0xfd, 0x32, 0x9d,
  0xf9, 0x47, 0xe4, 0x0c, 0x4a, 0x28, 0xce, 0xd1, 0xee, 0xd8, 0x0e, 0x3e,
  0xf8, 0xf5, 0xe6, 0x94, 0xcd, 0x35, 0x1a, 0x16, 0xe3, 0x5a, 0x10, 0xdd,
  0x2d, 0xfd, 0xff, 0x31, 0xdf, 0xf4, 0xd7, 0x39, 0x37, 0xd9, 0xeb, 0xc2,
  0xfb, 0xb5, 0x9e, 0xf9, 0x53, 0xf4, 0xd0, 0xd3, 0x7f, 0xf7, 0x16, 0x40,
  0x00, 0x7b, 0x1a, 0x13, 0xc1, 0x98, 0xff, 0xf9, 0x31, 0xd0, 0xc2, 0x40,
  0xea, 0xf3, 0x97, 0xe9, 0x12, 0xfa, 0xcf, 0xc5, 0xbf, 0x30, 0xdf, 0x2a,
  0xd9, 0x1f, 0xfa, 0xbb, 0xe3, 0xbd, 0xcf, 0xa8, 0x07, 0xdb, 0x23, 0x1a,
  0x0a, 0x00, 0xea, 0xd8, 0x02, 0xb2, 0x61, 0xb7, 0x2f, 0xd9, 0xff, 0x03,
  0xd7, 0x14, 0x45, 0x51, 0x30, 0x33, 0xe6, 0x06, 0x81, 0xd9, 0xc1, 0xeb,
  0xd5, 0xe7, 0xc0, 0xf1, 0x0d, 0x28, 0x13, 0x43, 0xf1, 0x47, 0x34, 0x60,
  0xbd, 0xe9, 0x1b, 0xe9, 0xbe, 0xc3, 0x23, 0xcd, 0xc9, 0xc5, 0x19, 0x36,
  0x81, 0x01, 0xdb, 0xbb, 0xc3, 0x68, 0x00, 0xc1, 0x9d, 0x0e, 0xeb, 0x7b,
  0x83, 0xa2, 0xf3, 0xb6, 0xb5, 0x4f, 0x18, 0xfb, 0xe9, 0xc7, 0xed, 0x6e,
  0x14, 0x20, 0xbf, 0x9e, 0xe4, 0x03, 0x74, 0x3c, 0x9c, 0xf9, 0xe1, 0x23,
  0xd8, 0xea, 0x82, 0x2f, 0xf5, 0x68, 0x6e, 0x05, 0xb7, 0xc0, 0xe3, 0xed,
  0x4e, 0xbe, 0xe9, 0x2e, 0xb3, 0x4a, 0x13, 0xbd, 0x51, 0x20, 0xd3, 0x56,
  0xfc, 0x4c, 0x27, 0xf9, 0x98, 0xff, 0x01, 0x10, 0x0b, 0x4a, 0x00, 0xfb,
  0x16, 0xb4, 0x58, 0x0f, 0xdc, 0xfc, 0xeb, 0xfb, 0xfe, 0x28, 0x86, 0xbe,
  0x24, 0x7f, 0x4b, 0x05, 0x1b, 0x0e, 0x35, 0x20, 0x11, 0xd1, 0xde, 0x24,
  0x2a, 0xf8, 0xfd, 0x33, 0xd1, 0xf6, 0xfe, 0xba, 0x5e, 0x1f, 0x15, 0xe8,
  0x33, 0xd5, 0xee, 0xc5, 0xe3, 0xdb, 0x40, 0x9a, 0xc1, 0x29, 0x07, 0xb9,
  0xd4, 0xed, 0xd5, 0x3a, 0x1f, 0xa1, 0x98, 0x05, 0xe2, 0xf2, 0xee, 0x08,
  0x0b, 0xcd, 0x31, 0xf4, 0x3a, 0xb6, 0xe9, 0xc9, 0xa8, 0x62, 0x56, 0xe9,
  0x92, 0xd9, 0xde, 0x1c, 0xb8, 0x13, 0xda, 0x4d, 0xf1, 0xe5, 0xf2, 0x3c,
  0x22, 0x1e, 0xc0, 0x10, 0xc2, 0xdc, 0x81, 0xef, 0x00, 0xa6, 0xec, 0x44,
  0x5a, 0xc5, 0x29, 0x11, 0x23, 0x35, 0x51, 0x00, 0x21, 0x36, 0xc5, 0x2d,
  0xed, 0x0b, 0x12, 0x03, 0x00, 0xda, 0x0f, 0x13, 0x2a, 0x23, 0xd0, 0xbf,
  0xb4, 0xec, 0x3f, 0xf2, 0x12, 0xfa, 0xf5, 0x03, 0xb7, 0x39, 0xfd, 0x08,
  0x53, 0xce, 0xc8, 0x3e, 0xaf, 0xfd, 0x2a, 0xe2, 0x1f, 0xe9, 0x2b, 0xdf,
  0x49, 0x4e, 0x51, 0x52, 0xe8, 0x3b, 0xf4, 0x2c, 0x07, 0xdc, 0x30, 0x25,
  0x7f, 0x08, 0xaf, 0xdf, 0x4c, 0x51, 0xe3, 0x64, 0x23, 0xeb, 0x59, 0xe9,
  0xa1, 0xf4, 0x40, 0xf6, 0x17, 0x6e, 0xdd, 0xda, 0xd1, 0xfd, 0x31, 0x49,
  0x44, 0x3b, 0x2d, 0x4c, 0xf0, 0xad, 0xa4, 0x0f, 0x8b, 0x5c, 0xe2, 0x41,
  0x8c, 0xd0, 0xce, 0x48, 0x14, 0x81, 0x32, 0x0e, 0x1a, 0x5f, 0x42, 0xf2,
  0xb3, 0x23, 0x1d, 0x16, 0xef, 0xa0, 0xef, 0xfb, 0x61, 0xef, 0x60, 0x38,
  0xd0, 0x10, 0x09, 0xd2, 0x1f, 0xd8, 0xf5, 0xc7, 0xe3, 0xa5, 0x9b, 0x09,
  0x03, 0xb1, 0x07, 0x2f, 0x3e, 0xdb, 0xb0, 0xd5, 0xa7, 0x23, 0x63, 0x22,
  0xf3, 0xf5, 0x17, 0x3f, 0x3b, 0x0c, 0x15, 0xed, 0x03, 0xff, 0x2e, 0xea,
  0x53, 0x5b, 0x04, 0xff, 0x02, 0xf2, 0xe4, 0x1d, 0xe1, 0xcc, 0x06, 0x08,
  0x31, 0xe8, 0xdf, 0x33, 0x07, 0x7f, 0xf1, 0x0f, 0xed, 0xfe, 0x0e, 0x1c,
  0x17, 0xef, 0x2a, 0x28, 0xc2, 0xed, 0xe5, 0xe0, 0xcc, 0x37, 0xe5, 0xeb,
  0xe4, 0xdb, 0x1e, 0x18, 0xef, 0xf9, 0xf7, 0xd6, 0x61, 0xfc, 0xfc, 0xe4,
  0xeb, 0x08, 0xd5, 0x13, 0x31, 0x1f, 0xf8, 0xba, 0x1c, 0x31, 0xfc, 0x36,
  0xb6, 0xe9, 0xf1, 0x4e, 0xbc, 0xe8, 0x75, 0x57, 0xc8, 0x0b, 0x52, 0x00,
  0x98, 0x7f, 0x52, 0xee, 0x45, 0xa8, 0xb5, 0x08, 0xae, 0xad, 0xcd, 0x2b,
  0x40, 0xc4, 0xeb, 0xae, 0x06, 0xd9, 0x00, 0x29, 0x3b, 0xf8, 0xae, 0x0e,
  0x5d, 0x2f, 0x04, 0x26, 0x35, 0x5c, 0x28, 0x1f, 0x0a, 0xfc, 0x12, 0xc9,
  0xb0, 0xd6, 0xf4, 0x22, 0x04, 0x39, 0xbb, 0x14, 0xf9, 0xdc, 0xe8, 0x01,
  0x37, 0x31, 0xda, 0xa0, 0x24, 0xf7, 0xe2, 0x18, 0x13, 0xb5, 0xf1, 0x16,
  0xc1, 0x44, 0x01, 0xdb, 0x97, 0xad, 0x04, 0xdf, 0xf7, 0x0b, 0x35, 0xb5,
  0x45, 0xcb, 0xf8, 0xe8, 0xf6, 0xda, 0x31, 0xce, 0x1e, 0x4c, 0xda, 0x11,
  0x91, 0x02, 0x2a, 0xd7, 0x02, 0xcf, 0x19, 0xf1, 0x81, 0xf8, 0x86, 0xe7,
  0xce, 0x11, 0xc3, 0x2c, 0xab, 0x0a, 0x46, 0x07, 0x13, 0xc1, 0x45, 0x00,
  0xfd, 0xe0, 0x1f, 0x04, 0xf7, 0xcf, 0xf1, 0x38, 0x25, 0xda, 0xff, 0xee,
  0xad, 0xda, 0xb6, 0xe3, 0xe0, 0x04, 0x9f, 0xea, 0x0f, 0xd4, 0xe3, 0x0f,
  0x7f, 0xff, 0x0f, 0xd6, 0xac, 0x09, 0x09, 0xe8, 0x0a, 0xe6, 0xe9, 0xd9,
  0xfa, 0x2e, 0x21, 0x61, 0xf0, 0xff, 0xdd, 0x03, 0xa3, 0x37, 0xdb, 0x34,
  0x5b, 0x1c, 0xf0, 0x00, 0xfa, 0xa8, 0x3a, 0xda, 0x06, 0xdd, 0x09, 0x46,
  0x56, 0xce, 0x1a, 0x26, 0x25, 0x84, 0xdf, 0x8a, 0xa7, 0x21, 0xc7, 0x34,
  0x82, 0x10, 0xd1, 0x2b, 0xb8, 0xdb, 0x2d, 0xa1, 0x09, 0x25, 0xb3, 0x98,
  0xce, 0x1c, 0x45, 0x07, 0x83, 0x7f, 0x6f, 0xd7, 0x4b, 0xbc, 0x41, 0xed,
  0xb5, 0x15, 0x08, 0x90, 0xda, 0xd4, 0x89, 0x3c, 0x5e, 0x01, 0xb7, 0x09,
  0xd3, 0x8f, 0xfc, 0x18, 0xd0, 0xdb, 0xe9, 0xea, 0x3a, 0x61, 0x4a, 0x28,
  0x22, 0xec, 0x19, 0x52, 0x1e, 0x94, 0x45, 0x4c, 0xd5, 0x2a, 0x3c, 0x00,
  0xda, 0x13, 0x97, 0xd4, 0xb6, 0xe1, 0xff, 0x1d, 0xb7, 0x21, 0xca, 0x1d,
  0xd3, 0x34, 0x3d, 0x0e, 0x9e, 0xc3, 0x46, 0xbf, 0x21, 0x1a, 0x16, 0x68,
  0xfa, 0x24, 0x33, 0x13, 0xeb, 0x14, 0x0f, 0x33, 0x10, 0x12, 0x2e, 0x18,
  0x03, 0x0f, 0x17, 0xe8, 0xfa, 0xb7, 0xc7, 0xf2, 0x1a, 0x81, 0xb9, 0xf7,
  0x98, 0xf2, 0x4b, 0x12, 0x16, 0x36, 0xf1, 0xba, 0x21, 0x45, 0xe3, 0xcc,
  0xe9, 0xa3, 0xfa, 0xc0, 0x26, 0xd9, 0x26, 0xdf, 0x0a, 0x9a, 0x06, 0xf7,
  0x3c, 0xe4, 0xa9, 0x2f, 0x30, 0x2c, 0x17, 0x32, 0xfc, 0x40, 0x08, 0x44,
  0x12, 0xe3, 0xe6, 0x37, 0x40, 0x33, 0xda, 0x2d, 0x09, 0xc8, 0xd5, 0x25,
  0x0c, 0x15, 0x08, 0xfa, 0x06, 0x4c, 0x01, 0x10, 0x3a, 0x56, 0x07, 0x10,
  0x7d, 0x1f, 0xed, 0x29, 0x1e, 0x01, 0x29, 0xe9, 0xd6, 0x35, 0xb3, 0xec,
  0x4d, 0x7f, 0xcb, 0x32, 0x30, 0xc9, 0x7f, 0xf2, 0xc2, 0x36, 0x03, 0xe3,
  0xd0, 0x3a, 0xb8, 0x3d, 0xc4, 0x27, 0xff, 0x04, 0xdf, 0xd3, 0xe1, 0xe0,
  0x67, 0x31, 0xf4, 0xf9, 0xe0, 0xc4, 0x5a, 0x06, 0x23, 0x21, 0xf2, 0x1d,
  0xff, 0xf0, 0xc4, 0xd4, 0x12, 0x47, 0xf6, 0x09, 0xdf, 0x02, 0x2b, 0x0a,
  0x35, 0xc1, 0xff, 0xc2, 0x04, 0xed, 0xef, 0x1a, 0xcb, 0x2c, 0x24, 0x3e,
  0x1d, 0xb5, 0x34, 0x23, 0xfa, 0xf0, 0xf1, 0x35, 0xf2, 0xf0, 0xf7, 0xa8,
  0xc3, 0x2f, 0x2c, 0xc7, 0x08, 0x35, 0x22, 0x3b, 0xfe, 0x39, 0x95, 0xd7,
  0x0b, 0xbd, 0xec, 0xdc, 0x9b, 0xff, 0x18, 0xa4, 0xd2, 0x1f, 0x3f, 0xe4,
  0xad, 0xe3, 0x25, 0x08, 0xdb, 0x33, 0xae, 0xd5, 0xcb, 0x4a, 0x3c, 0x7f,
  0x4d, 0xe0, 0xc6, 0xe6, 0x14, 0x3c, 0x58, 0xf9, 0x26, 0x43, 0x40, 0xb7,
  0xd4, 0x1d, 0x00, 0xee, 0xbe, 0x12, 0xf8, 0x3d, 0xa6, 0xc0, 0x06, 0xcb,
  0x17, 0x27, 0x36, 0xdd, 0xd9, 0x28, 0x7f, 0xf4, 0x1a, 0xc9, 0x31, 0x0d,
  0x18, 0x6f, 0xbe, 0xd8, 0xfb, 0x05, 0xc6, 0xf0, 0x0b, 0xed, 0xd9, 0xd2,
  0x9c, 0xf6, 0x14, 0xc6, 0x1e, 0xde, 0x2f, 0x0e, 0x1a, 0x17, 0x0b, 0x54,
  0x05, 0x25, 0x1d, 0x40, 0x59, 0x24, 0x05, 0x67, 0xe7, 0xfe, 0xf8, 0x0c,
  0xd2, 0x31, 0xe3, 0xdc, 0xfb, 0x19, 0xcf, 0x00, 0x1c, 0xdd, 0x08, 0xc8,
  0x5d, 0xd5, 0x4e, 0xeb, 0x00, 0xe1, 0xe7, 0xe9, 0x34, 0x28, 0x1a, 0x64,
  0xf8, 0xd6, 0x16, 0x0f, 0x36, 0x7f, 0x15, 0xe2, 0x24, 0xc8, 0xfc, 0x11,
  0xd3, 0xfa, 0xcd, 0xed, 0x39, 0xc5, 0xc8, 0x39, 0x08, 0xce, 0x1f, 0xed,
  0x1a, 0xfb, 0x22, 0x61, 0xdd, 0x1d, 0x2e, 0xfc, 0x3d, 0xdd, 0xe4, 0x35,
  0x0b, 0xaf, 0x1b, 0xf5, 0x07, 0x1d, 0xef, 0x2d, 0x08, 0xd3, 0x0d, 0xf9,
  0x12, 0x4d, 0x08, 0xdf, 0x05, 0x1a, 0x3b, 0x32, 0xf7, 0x36, 0x53, 0xce,
  0xf0, 0xfa, 0x5b, 0x94, 0xf3, 0x14, 0xa7, 0x01, 0xb7, 0x16, 0x23, 0xe4,
  0x01, 0x9c, 0x14, 0xde, 0x0a, 0x94, 0x13, 0xf5, 0x2e, 0xdd, 0x4e, 0xa1,
  0xf7, 0x14, 0x81, 0xbf, 0xcd, 0x00, 0x08, 0x44, 0x0a, 0x02, 0x0d, 0x0d,
  0x65, 0xa6, 0xcc, 0xa6, 0x06, 0xd9, 0x11, 0x27, 0x1c, 0x01, 0x9a, 0xfb,
  0xd4, 0xfe, 0x46, 0x25, 0x1f, 0x92, 0x34, 0xfc, 0x26, 0x4d, 0xf4, 0x06,
  0xce, 0xee, 0x31, 0xc0, 0xe9, 0xec, 0x25, 0xd4, 0xc7, 0xed, 0x47, 0x04,
  0x23, 0x3c, 0xce, 0xf2, 0x09, 0xeb, 0x00, 0x3e, 0x5f, 0x81, 0xce, 0xd2,
  0xb7, 0xfb, 0x24, 0xf8, 0x15, 0x31, 0x0e, 0xdd, 0xde, 0x14, 0x11, 0x15,
  0xbc, 0x44, 0x46, 0xe9, 0x33, 0x42, 0xe1, 0xfd, 0xbe, 0x00, 0x21, 0x36,
  0xc4, 0x12, 0xdc, 0xc5, 0xbf, 0xe3, 0x1e, 0x14, 0x36, 0xe2, 0xf5, 0x4b,
  0xa3, 0xb4, 0x18, 0xf6, 0xf3, 0x41, 0x00, 0x35, 0x41, 0x00, 0x1b, 0x12,
  0xeb, 0x0b, 0x05, 0xe4, 0x15, 0xcd, 0x1f, 0xd3, 0xbd, 0x23, 0xd0, 0x03,
  0x81, 0x10, 0x13, 0xfe, 0xf0, 0x63, 0x25, 0x3b, 0xd8, 0x1c, 0xd9, 0x09,
  0xf3, 0xe3, 0xdf, 0xf4, 0x0c, 0xaf, 0x08, 0x44, 0xa7, 0x24, 0xf5, 0xf9,
  0xd4, 0xd6, 0x67, 0x72, 0x57, 0x6a, 0x40, 0xda, 0xbf, 0xfc, 0x04, 0xb5,
  0x0c, 0x13, 0xbc, 0x34, 0xf7, 0x34, 0x05, 0xe7, 0xeb, 0x45, 0xcf, 0xd6,
  0xd7, 0x55, 0xcd, 0x08, 0xd7, 0x51, 0xe7, 0x49, 0x19, 0x3a, 0x4b, 0x49,
  0xf1, 0xf4, 0xe7, 0xa8, 0xd3, 0x7f, 0x25, 0x29, 0x28, 0x9e, 0x90, 0x0d,
  0xd0, 0x23, 0xc7, 0x0c, 0x08, 0x17, 0x16, 0x53, 0x4e, 0x48, 0x8b, 0x22,
  0xef, 0xfd, 0xf6, 0x0c, 0x34, 0x2b, 0x2a, 0x08, 0xf0, 0x08, 0x57, 0x05,
  0xd4, 0xf5, 0xe5, 0xd4, 0x99, 0xb8, 0xf0, 0xfa, 0xf5, 0x27, 0xa3, 0xe6,
  0xcc, 0xa8, 0xdf, 0xdd, 0x94, 0x5b, 0x69, 0x1c, 0x49, 0x2a, 0x92, 0xf8,
  0x7f, 0x27, 0x8a, 0xca, 0x18, 0x1d, 0x6c, 0x04, 0xe5, 0xa0, 0x2a, 0x23,
  0xce, 0x1b, 0x26, 0x19, 0x01, 0x08, 0x03, 0x1c, 0xce, 0x02, 0x3c, 0xf3,
  0xe0, 0x54, 0xe3, 0x78, 0xd2, 0x7d, 0x5f, 0x38, 0x24, 0x06, 0xca, 0xcd,
  0xd7, 0xe5, 0x0c, 0xa6, 0x08, 0x06, 0xf5, 0xed, 0xf9, 0x1a, 0xea, 0xd4,
  0xd8, 0x0f, 0x41, 0x94, 0x0c, 0xd4, 0x27, 0xe5, 0xe9, 0xfe, 0x81, 0xe4,
  0x11, 0xe9, 0x2c, 0x05, 0xc3, 0x07, 0xdc, 0x3f, 0x1e, 0xf8, 0x22, 0x28,
  0x14, 0x0a, 0x08, 0x16, 0xf8, 0x3e, 0xaf, 0xd9, 0xd1, 0x3c, 0xf9, 0xc0,
  0x41, 0x22, 0xbc, 0xda, 0xe8, 0xfd, 0xfc, 0xcb, 0xc2, 0xb0, 0x27, 0x00,
  0x39, 0xf8, 0xce, 0xe0, 0xf9, 0x4d, 0xf7, 0x0d, 0xbd, 0x06, 0x35, 0x2e,
  0xe9, 0xf5, 0x1e, 0x34, 0x11, 0x42, 0x06, 0xd8, 0x4f, 0x13, 0x4b, 0x3a,
  0x03, 0x93, 0x1b, 0x53, 0xb7, 0xf8, 0xdb, 0x9e, 0x8c, 0xdb, 0x66, 0xb1,
  0xdd, 0x45, 0xcf, 0x1c, 0x30, 0x33, 0x29, 0x81, 0x4e, 0x8b, 0xf2, 0x33,
  0x26, 0x8d, 0x19, 0xed, 0xbf, 0x33, 0x0c, 0x12, 0xc7, 0xcc, 0x1f, 0x1a,
  0x6e, 0x09, 0xe0, 0x23, 0xea, 0xd8, 0xf6, 0xd6, 0x32, 0xf7, 0x40, 0x14,
  0xa9, 0xe1, 0xd7, 0xc9, 0xe5, 0x45, 0xe9, 0x3a, 0x0a, 0x0f, 0x44, 0x32,
  0xfa, 0xab, 0x25, 0x40, 0x33, 0x7f, 0x10, 0xda, 0x4d, 0x31, 0xe3, 0x09,
  0xf7, 0x12, 0x2c, 0xfd, 0x27, 0x1b, 0x00, 0xed, 0xe7, 0xf7, 0x4f, 0xe7,
  0x0e, 0x10, 0xcd, 0x42, 0xef, 0x48, 0x24, 0xb8, 0x2c, 0x0e, 0xd3, 0xfb,
  0xee, 0xe6, 0x1c, 0xd7, 0xe4, 0x0d, 0x49, 0xdd, 0xd6, 0x55, 0x0f, 0x28,
  0x09, 0x85, 0xc1, 0x2e, 0xca, 0xfe, 0xeb, 0x19, 0xea, 0xfe, 0x12, 0xb5,
  0xc1, 0xdb, 0xfc, 0x0c, 0xe4, 0x36, 0xdd, 0xe5, 0xb8, 0x41, 0x08, 0xe1,
  0xd5, 0x48, 0x01, 0xb0, 0x81, 0x16, 0xd8, 0xf5, 0xcd, 0xcb, 0x2d, 0xf3,
  0x98, 0xcd, 0xdb, 0xe7, 0x32, 0xbc, 0xfc, 0x14, 0xbf, 0x5a, 0xa9, 0xdd,
  0xfe, 0x8c, 0x02, 0xf7, 0xe2, 0xcb, 0x4b, 0x62, 0xd7, 0xa9, 0x1e, 0x64,
  0xcf, 0xb8, 0x1b, 0x0b, 0x29, 0xd7, 0xe1, 0xcd, 0x3d, 0xda, 0x45, 0x2c,
  0x07, 0xf2, 0x03, 0xf4, 0x56, 0x14, 0xee, 0x36, 0xf8, 0x21, 0xeb, 0x39,
  0x23, 0x2e, 0x3f, 0x45, 0x14, 0xbc, 0xd9, 0xe2, 0x30, 0xc0, 0x06, 0xfd,
  0xc9, 0xfa, 0x0e, 0x0b, 0xb2, 0xe3, 0xe2, 0x14, 0xed, 0x33, 0x32, 0x7f,
  0xf1, 0x34, 0xf6, 0x1e, 0xbd, 0xfc, 0x30, 0x1f, 0x0d, 0xcc, 0xfc, 0x01,
  0xc5, 0xdd, 0x08, 0xeb, 0xc5, 0xfd, 0x12, 0xf5, 0x9a, 0xee, 0xcb, 0x08,
  0x1c, 0xf3, 0x07, 0xdb, 0x35, 0x20, 0xfe, 0x52, 0xcd, 0x2d, 0xf4, 0x04,
  0x21, 0x15, 0xe9, 0xf8, 0xe0, 0xfa, 0xfc, 0xc9, 0x3c, 0xe8, 0x2c, 0x45,
  0x22, 0x2a, 0xc0, 0xf6, 0xed, 0x9a, 0x3b, 0xd9, 0xa8, 0xf9, 0xae, 0x10,
  0xc3, 0x7f, 0x56, 0xd5, 0x06, 0x1e, 0xc1, 0xf1, 0x44, 0x1a, 0xd7, 0x93,
  0xf2, 0x4c, 0xf0, 0x22, 0x1e, 0x02, 0x29, 0xef, 0xf5, 0xea, 0x2a, 0x05,
  0xff, 0xf3, 0xc3, 0x89, 0xd2, 0xb6, 0xc2, 0xc1, 0x01, 0x0b, 0xe9, 0xed,
  0x16, 0xcb, 0x1a, 0xf8, 0x27, 0xf2, 0x41, 0x63, 0x39, 0xc5, 0x24, 0xfc,
  0xd1, 0xba, 0x1a, 0xfe, 0xcc, 0x08, 0xf6, 0xfa, 0x9f, 0xd8, 0xd7, 0x15,
  0xad, 0x06, 0x17, 0xe8, 0xcb, 0xd9, 0x02, 0x1b, 0x20, 0x81, 0x3c, 0x2a,
  0xe2, 0xe8, 0x0f, 0x24, 0xd1, 0xc6, 0xf4, 0xc4, 0xe9, 0x1b, 0xe4, 0x13,
  0x20, 0xdd, 0xda, 0x1a, 0x1f, 0x30, 0x58, 0xf8, 0xca, 0xfe, 0xfa, 0x34,
  0x0c, 0x35, 0xec, 0xc0, 0xd4, 0x54, 0x1f, 0xc4, 0xf4, 0x2e, 0x3c, 0x16,
  0x0b, 0x1d, 0x0c, 0x2a, 0xc0, 0xd1, 0x10, 0x11, 0x2f, 0x33, 0xef, 0xb8,
  0x91, 0xe7, 0xec, 0x7f, 0xfc, 0xa6, 0xfd, 0xe5, 0x69, 0x0e, 0xf2, 0xff,
  0xbd, 0x03, 0x31, 0xd9, 0x0b, 0xf7, 0xd5, 0x04, 0xc9, 0xf5, 0x06, 0x4b,
  0xe3, 0x02, 0x36, 0x34, 0xfe, 0xe9, 0xee, 0xe4, 0x17, 0x50, 0x23, 0x23,
  0x3b, 0xf8, 0xf3, 0xec, 0x24, 0x0c, 0xf3, 0xdb, 0x31, 0xe7, 0x4c, 0xc8,
  0x0a, 0x49, 0x24, 0x10, 0x0c, 0xea, 0x50, 0xfb, 0xef, 0x1f, 0x21, 0xf4,
  0xf5, 0xec, 0x58, 0x3f, 0xcc, 0xf8, 0xe4, 0x09, 0xf8, 0xe0, 0x27, 0xf8,
  0x28, 0xcb, 0xbc, 0xfc, 0xe7, 0x7f, 0xbe, 0x28, 0xe1, 0xf3, 0xb6, 0x27,
  0x11, 0x35, 0xbf, 0xe3, 0xc0, 0xca, 0xec, 0xc4, 0x38, 0x33, 0xca, 0x10,
  0x2c, 0x08, 0x22, 0xbe, 0x1b, 0x16, 0x1e, 0x3d, 0xd3, 0x13, 0xe1, 0x2b,
  0x00, 0x28, 0x1e, 0x4a, 0x16, 0x0b, 0xff, 0x3e, 0x3f, 0x55, 0x4e, 0xf0,
  0x22, 0x1e, 0x3f, 0x1d, 0xa1, 0xc1, 0x51, 0xf6, 0x43, 0xf3, 0xcb, 0xbc,
  0xf2, 0xf3, 0xd3, 0xf3, 0xdd, 0x16, 0xfa, 0x56, 0x19, 0xd2, 0x46, 0x1f,
  0x2f, 0x73, 0x5c, 0x1f, 0x31, 0xfe, 0x2a, 0x32, 0xbe, 0x2c, 0xf8, 0xed,
  0x3b, 0x7f, 0xef, 0xcc, 0x01, 0xdc, 0xb3, 0x2c, 0x60, 0xd1, 0xb8, 0xbb,
  0xfc, 0xa7, 0x30, 0xf7, 0x37, 0xe9, 0x3f, 0xc4, 0xeb, 0xef, 0x16, 0x44,
  0x0f, 0x16, 0x50, 0xab, 0x30, 0xf5, 0xd5, 0x9d, 0x29, 0xe0, 0x62, 0x0c,
  0x81, 0x0c, 0x68, 0x27, 0x0b, 0x32, 0xe8, 0x0d, 0x47, 0xc9, 0x3a, 0xdf,
  0x2d, 0xf7, 0xca, 0x55, 0xfc, 0xed, 0x5b, 0x12, 0x6c, 0xcc, 0x21, 0xdb,
  0xc8, 0x1b, 0x1e, 0xde, 0x4c, 0xfd, 0xbd, 0xa5, 0xcf, 0xe4, 0x38, 0x46,
  0x44, 0xda, 0x3e, 0x44, 0x47, 0x0f, 0xd7, 0xd9, 0x4d, 0xfc, 0xdf, 0xc5,
  0x3e, 0xfb, 0xba, 0xd2, 0xf5, 0x26, 0xdd, 0x1a, 0x02, 0x63, 0x7f, 0x5f,
  0xe8, 0xbc, 0xd5, 0xc7, 0x10, 0x02, 0x31, 0xf6, 0x29, 0x63, 0xb8, 0x4d,
  0x62, 0x36, 0x19, 0xe8, 0x41, 0xb2, 0x01, 0xbb, 0x2a, 0x0e, 0x26, 0xf7,
  0x60, 0xd8, 0xb1, 0xf6, 0x56, 0x3f, 0xc0, 0x33, 0x1a, 0xee, 0xe7, 0xf4,
  0x62, 0x4e, 0x53, 0x2f, 0xc5, 0x44, 0xe0, 0xa3, 0xda, 0x12, 0x57, 0xe6,
  0x8f, 0xe7, 0xee, 0x07, 0xb6, 0x18, 0x23, 0xba, 0xdb, 0xf1, 0x24, 0xea,
  0xb1, 0x17, 0xd7, 0xb9, 0xc9, 0x0a, 0x24, 0x00, 0x1a, 0x29, 0xe8, 0x19,
  0x50, 0xe7, 0xfa, 0x00, 0xea, 0xd1, 0xf8, 0xcc, 0x08, 0xe6, 0x05, 0x1e,
  0x0a, 0x16, 0xfe, 0xb9, 0x48, 0xc4, 0xed, 0x27, 0x0f, 0x81, 0x13, 0x23,
  0x0a, 0xea, 0x4f, 0x1e, 0x0d, 0x43, 0x1f, 0x09, 0x15, 0x5e, 0xbf, 0xff,
  0x15, 0xcb, 0xfb, 0xce, 0x2f, 0x0f, 0xf2, 0x2f, 0xd5, 0xe4, 0xd8, 0xf8,
  0xbb, 0xe8, 0xff, 0xf5, 0xcf, 0xfc, 0x15, 0x0b, 0x13, 0xd1, 0xb5, 0x0c,
  0x22, 0x95, 0x08, 0xb6, 0x2e, 0x1b, 0x1c, 0xb5, 0xf8, 0x5a, 0xf7, 0x39,
  0x91, 0xb8, 0x72, 0x3f, 0xf8, 0x21, 0xe7, 0xef, 0x39, 0xd8, 0xe4, 0xd7,
  0x34, 0xa0, 0xad, 0x1a, 0x0d, 0x1c, 0x2c, 0x1d, 0x06, 0x3b, 0x0a, 0xd9,
  0x6d, 0x05, 0xa6, 0xde, 0x81, 0x14, 0xd7, 0x00, 0xd2, 0xe3, 0x21, 0x11,
  0xd8, 0xfa, 0xcc, 0xde, 0x48, 0x02, 0x97, 0xe9, 0x06, 0xef, 0x5d, 0xaf,
  0x07, 0xfe, 0x25, 0xca, 0xda, 0x58, 0xbe, 0xd8, 0xc1, 0xbd, 0xb8, 0x27,
  0x41, 0xe1, 0xb2, 0x41, 0x6b, 0xcb, 0xce, 0xa0, 0xd1, 0x42, 0x5d, 0xd5,
  0x66, 0x23, 0xdd, 0xe3, 0x81, 0xe4, 0x09, 0xd0, 0x1e, 0xce, 0x47, 0xc6,
  0x94, 0x10, 0x3e, 0xff, 0x25, 0xd0, 0xd6, 0xea, 0xeb, 0x28, 0x9e, 0x37,
  0x5d, 0xe0, 0x9f, 0x31, 0x0f, 0xff, 0x1d, 0x0e, 0xf7, 0x0c, 0x1c, 0xc6,
  0x14, 0x25, 0x02, 0x27, 0x4c, 0xd6, 0x19, 0x3b, 0xb8, 0x05, 0x55, 0x0d,
  0xf4, 0x0b, 0xc8, 0x26, 0x30, 0x1d, 0x01, 0xf2, 0xf3, 0xef, 0x2a, 0xc8,
  0xf4, 0x43, 0x59, 0x36, 0xd7, 0xd6, 0xf9, 0xf7, 0xfe, 0x27, 0xd2, 0xd5,
  0x0c, 0xe0, 0x26, 0xe3, 0x7f, 0x0c, 0x2e, 0x33, 0x1f, 0xdb, 0x1f, 0xf9,
  0x5a, 0xfd, 0x1e, 0xd3, 0xff, 0x57, 0xe1, 0x28, 0xe3, 0x0b, 0xf9, 0x04,
  0xdf, 0xd5, 0x2a, 0xdd, 0xcb, 0x2b, 0x05, 0x0e, 0x0e, 0x1f, 0x29, 0x58,
  0x57, 0x13, 0x42, 0x18, 0x41, 0x36, 0xf5, 0x57, 0xe9, 0xb7, 0xbd, 0xeb,
  0xe6, 0x3a, 0x0c, 0xf5, 0x23, 0x4d, 0x0c, 0xef, 0x54, 0x49, 0x21, 0xb5,
  0x9f, 0x04, 0xcc, 0xe6, 0xde, 0x62, 0x04, 0x2f, 0xf6, 0x25, 0x31, 0xff,
  0xf2, 0x17, 0x81, 0xd0, 0xd8, 0x43, 0x52, 0xa6, 0xdf, 0xee, 0x03, 0x24,
  0x5e, 0xe6, 0x1b, 0x0e, 0xcb, 0xab, 0xa0, 0xca, 0x24, 0x14, 0xbd, 0x34,
  0x5f, 0x13, 0x10, 0xcf, 0xe7, 0x08, 0xb3, 0xf3, 0xa0, 0x65, 0x4b, 0xfc,
  0x61, 0x44, 0x7c, 0x59, 0xd9, 0x13, 0xd9, 0xb6, 0x23, 0x00, 0xfb, 0x25,
  0x38, 0x28, 0xb9, 0x44, 0x81, 0x0b, 0xd4, 0xc7, 0xc7, 0xae, 0xda, 0x0b,
  0x4c, 0xf8, 0x68, 0x7b, 0xc6, 0xeb, 0x61, 0x56, 0xd6, 0xb6, 0x0e, 0x01,
  0x39, 0x30, 0x3f, 0x31, 0xf9, 0x30, 0x5c, 0xdf, 0x0b, 0xc0, 0x1a, 0xd8,
  0xef, 0xf4, 0xe6, 0xd4, 0xe1, 0xf5, 0x8f, 0x0b, 0xf4, 0x09, 0x4c, 0x7f,
  0x32, 0xb9, 0x16, 0x03, 0x42, 0xee, 0x2b, 0xd1, 0xca, 0x4d, 0xf7, 0xf2,
  0x0b, 0x0e, 0x03, 0xd4, 0x0b, 0x18, 0x3e, 0xbf, 0xfe, 0x11, 0xeb, 0x0e,
  0x1a, 0x12, 0x03, 0x03, 0x19, 0x52, 0xc5, 0xce, 0x12, 0x0d, 0x3b, 0xc6,
  0x0f, 0x3b, 0xc6, 0xb6, 0x9b, 0x22, 0x0f, 0xcd, 0xe3, 0x57, 0x33, 0x91,
  0xf2, 0xc5, 0xed, 0x17, 0xe8, 0x17, 0xd6, 0x14, 0xe2, 0x0c, 0xdc, 0x16,
  0xec, 0x17, 0x8d, 0x27, 0x33, 0xa1, 0x02, 0xe8, 0xf1, 0xa0, 0x3d, 0xbf,
  0x1f, 0xdc, 0xfa, 0x8a, 0x0b, 0xdd, 0xf1, 0x9b, 0xb2, 0xce, 0xf8, 0x27,
  0x49, 0x17, 0x53, 0xcc, 0xbc, 0xc2, 0xf5, 0x19, 0xe9, 0x7f, 0xf0, 0xdf,
  0x08, 0x1f, 0x1d, 0xdd, 0x0d, 0xde, 0xf1, 0xee, 0x21, 0xe4, 0x41, 0x2e,
  0xfc, 0x02, 0xfa, 0x00, 0x29, 0xf2, 0x33, 0x3d, 0xe0, 0x1b, 0xbf, 0xe9,
  0xe4, 0xf9, 0x44, 0xf8, 0xfd, 0x04, 0xd1, 0x4c, 0xe1, 0xe5, 0xee, 0xbb,
  0x3d, 0xa5, 0x2b, 0xdc, 0xeb, 0x15, 0x03, 0x18, 0xd8, 0xf1, 0x7f, 0xf3,
  0xba, 0xfe, 0xf6, 0xd8, 0x29, 0xef, 0xb5, 0x0f, 0xec, 0x1f, 0xb6, 0x28,
  0x20, 0xf4, 0x2b, 0x12, 0xe4, 0x25, 0xfc, 0xe6, 0x20, 0xff, 0xbf, 0x35,
  0xe6, 0x08, 0xd9, 0xe4, 0xf8, 0xc4, 0x58, 0x21, 0xf8, 0x39, 0xc2, 0x43,
  0xe0, 0xb8, 0x7f, 0x16, 0x18, 0x43, 0x97, 0xf4, 0x4c, 0x5b, 0xa9, 0xd4,
  0x21, 0x33, 0xc8, 0xdf, 0xd1, 0x5a, 0xbb, 0xdd, 0xec, 0x41, 0xc6, 0xbc,
  0x53, 0x3f, 0x05, 0xfb, 0x24, 0xd0, 0xe2, 0x35, 0x02, 0xc5, 0x0f, 0x27,
  0x5b, 0xb7, 0x2f, 0x0d, 0xf0, 0x2c, 0x1e, 0xd5, 0xbe, 0xd6, 0xad, 0x43,
  0xf9, 0x02, 0xee, 0x31, 0xe6, 0x0e, 0xbd, 0x16, 0xdf, 0x12, 0x32, 0xb5,
  0x81, 0xfb, 0x18, 0x0e, 0x19, 0xe4, 0xbc, 0x17, 0xa8, 0x74, 0xd2, 0x3e,
  0xe6, 0x17, 0xff, 0xe3, 0xe0, 0xf7, 0x19, 0xef, 0x09, 0xab, 0xd0, 0xc5,
  0x32, 0x14, 0x22, 0x05, 0x2c, 0xbb, 0x2c, 0x34, 0xcb, 0x0f, 0x2c, 0xcb,
  0xfc, 0x35, 0x2f, 0xe3, 0xcc, 0xb7, 0x4b, 0x0c, 0xa6, 0xdc, 0xed, 0xff,
  0xfb, 0xe8, 0x05, 0xd3, 0xd8, 0x12, 0xcb, 0xcd, 0xf1, 0xf6, 0x56, 0x2c,
  0x37, 0x2a, 0xdf, 0x06, 0x2f, 0xe2, 0xe1, 0x04, 0xcd, 0xe7, 0x1a, 0x06,
  0xc4, 0xac, 0x0e, 0xc6, 0x08, 0x34, 0x55, 0xfe, 0xbf, 0x7f, 0x25, 0x27,
  0x1b, 0x14, 0x4a, 0x43, 0xfc, 0x16, 0x34, 0x09, 0x11, 0xec, 0xfd, 0xfe,
  0x16, 0xdd, 0x0f, 0x10, 0x2f, 0xd2, 0xd3, 0xcf, 0xd5, 0x1b, 0xd3, 0x21,
  0x0f, 0xef, 0x29, 0x53, 0x29, 0x01, 0xe6, 0xfd, 0x37, 0x3f, 0xad, 0x3a,
  0xb7, 0xf2, 0xf8, 0x25, 0x0b, 0xb3, 0xc7, 0x7f, 0x2c, 0xe8, 0x1d, 0xe0,
  0x29, 0x3b, 0x08, 0x10, 0x12, 0xc4, 0x12, 0x1f, 0xde, 0x28, 0xe0, 0x2b,
  0x18, 0x01, 0x0c, 0xe7, 0xb4, 0xbc, 0x3a, 0x17, 0xda, 0x0c, 0x33, 0xf5,
  0x0b, 0x21, 0x26, 0xc9, 0xf4, 0x15, 0x36, 0xd9, 0xda, 0x41, 0x1a, 0xf3,
  0xfb, 0x22, 0xf3, 0xe2, 0xed, 0xa1, 0xc9, 0xe1, 0xfd, 0xe5, 0x49, 0xd1,
  0x28, 0x03, 0xb3, 0xea, 0x9e, 0x1c, 0x02, 0xf4, 0x18, 0x4c, 0x0c, 0x22,
  0xee, 0xe8, 0x29, 0xda, 0xe5, 0x1f, 0xc6, 0xe7, 0x89, 0x25, 0x4c, 0x21,
  0xd8, 0xed, 0xef, 0x1f, 0x0b, 0xe5, 0x0e, 0xbd, 0x07, 0x81, 0x43, 0xee,
  0x34, 0xf4, 0x06, 0x6a, 0xe2, 0x17, 0x3d, 0x27, 0x0e, 0xc9, 0x0d, 0x0e,
  0x24, 0xee, 0x8c, 0xd6, 0xbd, 0xbe, 0xde, 0xe4, 0x0f, 0xe7, 0x04, 0xf8,
  0xe8, 0x11, 0x19, 0x29, 0x10, 0xf0, 0x09, 0xf3, 0x48, 0x16, 0xf0, 0xe9,
  0xcf, 0xee, 0x05, 0xbc, 0xfa, 0x9f, 0x9f, 0xd1, 0xbf, 0x25, 0xa2, 0x17,
  0xd8, 0x03, 0xd5, 0x0b, 0x21, 0xb2, 0x1f, 0xb2, 0x0d, 0x16, 0x23, 0xd1,
  0x81, 0xdb, 0xda, 0xe9, 0x0a, 0x11, 0xb7, 0xa4, 0xea, 0x47, 0x34, 0xc1,
  0xbf, 0xf3, 0xff, 0xce, 0x5e, 0xbc, 0xe8, 0x15, 0xb2, 0xfb, 0xe8, 0xcd,
  0xfc, 0x2c, 0x1b, 0xb2, 0x47, 0x14, 0x36, 0x18, 0x06, 0xb5, 0xc1, 0x07,
  0xba, 0x36, 0x9a, 0xba, 0xdf, 0x22, 0x56, 0x33, 0xc0, 0xe7, 0xed, 0x17,
  0x27, 0x9d, 0xff, 0xb5, 0x7f, 0xfa, 0xfb, 0xf7, 0xe5, 0xe1, 0x71, 0x0e,
  0x0c, 0x10, 0xf1, 0xd9, 0x2b, 0xce, 0xf8, 0x37, 0x20, 0x0a, 0xe6, 0x1d,
  0x03, 0x51, 0xda, 0x31, 0xd8, 0xac, 0x1d, 0x21, 0x23, 0x22, 0xf0, 0xe9,
  0xb7, 0xe3, 0x4b, 0xb5, 0x15, 0x56, 0xaa, 0xd1, 0x26, 0xac, 0xb3, 0xc0,
  0xe4, 0x21, 0xb1, 0x3a, 0x43, 0xc5, 0x08, 0xf1, 0xf0, 0xe0, 0xa6, 0x51,
  0xeb, 0x21, 0x07, 0xe6, 0xbb, 0x0a, 0x0c, 0x11, 0x0e, 0xec, 0xa7, 0x1b,
  0xd6, 0x18, 0x07, 0x36, 0x35, 0x02, 0x32, 0x1f, 0xd1, 0x32, 0x7f, 0x4e,
  0xc7, 0xcf, 0x0a, 0x40, 0xf1, 0xfc, 0xe8, 0xf6, 0x08, 0x3d, 0xcc, 0x54,
  0x04, 0x08, 0x26, 0x35, 0x01, 0x52, 0xc4, 0xef, 0xe4, 0x26, 0xc5, 0xe5,
  0x0e, 0xed, 0x33, 0x15, 0x39, 0x47, 0xaf, 0xdf, 0xbe, 0xfe, 0x0c, 0x3e,
  0xc0, 0x10, 0xfd, 0x0e, 0x34, 0x7f, 0xe1, 0x41, 0xaf, 0x2f, 0x04, 0x14,
  0xea, 0xa8, 0x00, 0x36, 0x11, 0xc4, 0xf0, 0x1b, 0x34, 0xc4, 0xf3, 0x14,
  0x11, 0x12, 0x27, 0x00, 0xfb, 0x48, 0xaf, 0xc1, 0xf8, 0x05, 0xbe, 0xbe,
  0x28, 0x35, 0xc2, 0x1f, 0xd0, 0xdf, 0x1b, 0x0e, 0xd3, 0x41, 0xfa, 0xcd,
  0x29, 0xec, 0xf6, 0x2d, 0x21, 0x3c, 0x3a, 0x2a, 0xd9, 0x4b, 0xff, 0xa2,
  0xfb, 0xa6, 0x24, 0x40, 0xdb, 0x2b, 0xf0, 0x3c, 0x1f, 0x6d, 0x13, 0xb3,
  0x39, 0xe9, 0xf9, 0xaf, 0x3e, 0xc4, 0xe9, 0x61, 0xe2, 0x4c, 0x1b, 0x93,
  0xe6, 0x0d, 0x40, 0xa2, 0x05, 0xa5, 0x19, 0x2e, 0x44, 0x99, 0x10, 0x3a,
  0xd6, 0x52, 0xe2, 0x1a, 0x46, 0xf1, 0x0d, 0xd4, 0xfc, 0x7f, 0xdd, 0xfc,
  0x62, 0x2c, 0x52, 0x2e, 0xb8, 0xd5, 0xc0, 0x00, 0x1e, 0xc2, 0xef, 0xf7,
  0x25, 0xdb, 0x32, 0x63, 0x12, 0x5a, 0xbb, 0x25, 0xff, 0xce, 0x85, 0x78,
  0x19, 0xcc, 0xdc, 0x18, 0xcc, 0xb5, 0x85, 0xa3, 0x19, 0x3b, 0x1f, 0xdf,
  0x08, 0x91, 0xd5, 0xd8, 0xd7, 0xcd, 0x04, 0x1e, 0xb1, 0x4b, 0x72, 0xfe,
  0x0b, 0x08, 0x6d, 0xef, 0xec, 0xa3, 0x6e, 0x45, 0xce, 0xe8, 0xce, 0xf2,
  0x10, 0x28, 0x05, 0x07, 0x98, 0x07, 0x05, 0x81, 0xc2, 0xca, 0x21, 0x66,
  0x04, 0xe0, 0x5b, 0x51, 0xf0, 0x40, 0xf4, 0xa7, 0x42, 0x3b, 0x5b, 0x1d,
  0xb8, 0xcd, 0x6f, 0x41, 0x1c, 0xaf, 0x0e, 0xf1, 0xf1, 0xc8, 0xbd, 0xfd,
  0xa6, 0x24, 0xf3, 0x19, 0xbe, 0x57, 0x88, 0x65, 0x1c, 0xd8, 0x46, 0xb9,
  0x2b, 0xcd, 0x7f, 0x58, 0x23, 0x2a, 0xf4, 0x23, 0xa3, 0x02, 0xff, 0x0f,
  0xd0, 0x1c, 0x70, 0x92, 0x8f, 0xfa, 0x2a, 0x95, 0xa1, 0x06, 0xca, 0xbd,
  0x09, 0x03, 0x36, 0x61, 0xb7, 0x90, 0x4f, 0xa4, 0xb5, 0x13, 0xac, 0xd8,
  0x87, 0x2b, 0xd7, 0xb4, 0x19, 0xaf, 0xb9, 0x1c, 0xd3, 0x1e, 0x42, 0x2f,
  0x27, 0xfa, 0x2d, 0xfa, 0x34, 0x8d, 0xc1, 0x4c, 0xfc, 0xfc, 0x17, 0x4a,
  0x44, 0x4f, 0x3a, 0x02, 0x20, 0x01, 0xf3, 0xfa, 0xbb, 0x1a, 0x7f, 0x29,
  0x3a, 0xce, 0xec, 0xad, 0xc4, 0xbd, 0x19, 0x4a, 0xf4, 0xbe, 0xa7, 0x61,
  0xc6, 0x77, 0xe8, 0x9b, 0x3c, 0x0f, 0x1b, 0xea, 0x1e, 0xe3, 0x86, 0x30,
  0xe9, 0x40, 0xe4, 0x05, 0xdb, 0xd1, 0x09, 0x4e, 0xe8, 0x1d, 0x95, 0x4e,
  0xd0, 0x11, 0x27, 0x38, 0x28, 0xd7, 0x07, 0xcb, 0xa7, 0xee, 0xd6, 0xf8,
  0xf6, 0x63, 0xe8, 0x6c, 0x45, 0xf5, 0xba, 0xf0, 0x69, 0x3f, 0xca, 0xbb,
  0xc2, 0xb4, 0x6a, 0xce, 0xfc, 0x6d, 0x22, 0x1f, 0xc9, 0xfc, 0xed, 0x66,
  0x6d, 0xde, 0xa1, 0xb9, 0x9d, 0x30, 0xbe, 0x1e, 0x7f, 0x0d, 0xd7, 0x40,
  0xba, 0xb5, 0xf6, 0xea, 0xc8, 0xfe, 0xbb, 0xd5, 0x00, 0xf2, 0xe1, 0xc5,
  0xef, 0x06, 0x65, 0xdd, 0x22, 0x3e, 0xc4, 0x85, 0xf8, 0x30, 0xbf, 0xef,
  0x14, 0x00, 0x4c, 0x50, 0xef, 0xae, 0xd7, 0xd3, 0xc6, 0xb0, 0x0b, 0xe8,
  0x60, 0xaa, 0x7f, 0x4f, 0xd6, 0xf8, 0xdb, 0xeb, 0x1f, 0x11, 0x9a, 0x3c,
  0xef, 0x01, 0x45, 0x28, 0x84, 0xa9, 0x40, 0xae, 0x04, 0xac, 0xdc, 0xd5,
  0x02, 0xed, 0x9d, 0xd7, 0x0d, 0xfc, 0x32, 0xfc, 0x32, 0xff, 0xf5, 0x09,
  0xb6, 0xd3, 0xb9, 0xe4, 0xfe, 0xda, 0xff, 0xff, 0x04, 0x00, 0x00, 0x00,
  0x00, 0x01, 0x00, 0x00, 0x43, 0xf2, 0xff, 0xff, 0xe7, 0xd7, 0xff, 0xff,
  0x95, 0x14, 0x00, 0x00, 0xd8, 0xe8, 0xff, 0xff, 0xfb, 0xc8, 0xff, 0xff,
  0xad, 0xfc, 0xff, 0xff, 0xa3, 0x1c, 0x00, 0x00, 0x91, 0x14, 0x00, 0x00,
  0x7f, 0xf5, 0xff, 0xff, 0xab, 0x1b, 0x00, 0x00, 0x9f, 0xd7, 0xff, 0xff,
  0xd5, 0x03, 0x00, 0x00, 0x0b, 0xf8, 0xff, 0xff, 0x8e, 0xed, 0xff, 0xff,
  0xb5, 0x32, 0x00, 0x00, 0x50, 0x0c, 0x00, 0x00, 0xa1, 0x15, 0x00, 0x00,
  0x43, 0x0c, 0x00, 0x00, 0x9b, 0xda, 0xff, 0xff, 0x46, 0xea, 0xff, 0xff,
  0x53, 0x04, 0x00, 0x00, 0x11, 0xe5, 0xff, 0xff, 0xdb, 0xde, 0xff, 0xff,
  0x35, 0x0c, 0x00, 0x00, 0x42, 0x0f, 0x00, 0x00, 0x34, 0xce, 0xff, 0xff,
  0xbf, 0xea, 0xff, 0xff, 0xfc, 0xf8, 0xff, 0xff, 0x48, 0x08, 0x00, 0x00,
  0x6b, 0xf5, 0xff, 0xff, 0xa0, 0xf3, 0xff, 0xff, 0xd4, 0xff, 0xff, 0xff,
  0x2c, 0xf2, 0xff, 0xff, 0xbb, 0x1b, 0x00, 0x00, 0x8b, 0x16, 0x00, 0x00,
  0x99, 0xf5, 0xff, 0xff, 0xad, 0xfa, 0xff, 0xff, 0xb5, 0xda, 0xff, 0xff,
  0x05, 0xde, 0xff, 0xff, 0x21, 0xd4, 0xff, 0xff, 0x31, 0xfe, 0xff, 0xff,
  0xb0, 0x02, 0x00, 0x00, 0x21, 0x26, 0x00, 0x00, 0xa1, 0xd7, 0xff, 0xff,
  0x11, 0xf4, 0xff, 0xff, 0x7d, 0xda, 0xff, 0xff, 0xc6, 0x0d, 0x00, 0x00,
  0x28, 0x1b, 0x00, 0x00, 0xfa, 0x0f, 0x00, 0x00, 0x4d, 0xf1, 0xff, 0xff,
  0xd8, 0x0d, 0x00, 0x00, 0x4c, 0xe0, 0xff, 0xff, 0x34, 0x04, 0x00, 0x00,
  0x7c, 0xfd, 0xff, 0xff, 0x86, 0x4e, 0x00, 0x00, 0x71, 0xf9, 0xff, 0xff,
  0x26, 0xe1, 0xff, 0xff, 0xf7, 0xee, 0xff, 0xff, 0x5a, 0xd7, 0xff, 0xff,
  0x7e, 0xf5, 0xff, 0xff, 0xb2, 0x1b, 0x00, 0x00, 0xf9, 0xf6, 0xff, 0xff,
  0x15, 0x13, 0x00, 0x00, 0x66, 0xf6, 0xff, 0xff, 0x0a, 0xdc, 0xff, 0xff,
  0x04, 0x00, 0x00, 0x00, 0x40, 0x02, 0x00, 0x00, 0x63, 0xa1, 0x5c, 0x9a,
  0x74, 0x08, 0x2a, 0x7f, 0x81, 0xb6, 0xce, 0x49, 0xb1, 0xae, 0xd6, 0x81,
  0x7c, 0x63, 0x44, 0x57, 0x17, 0xc0, 0x81, 0x7f, 0xb7, 0x6e, 0xf6, 0x8d,
  0xbd, 0x72, 0xd9, 0x7f, 0x7f, 0x9c, 0x65, 0x81, 0x7f, 0x9a, 0xc7, 0xeb,
  0xdf, 0x21, 0x0d, 0x38, 0x96, 0xde, 0x84, 0x74, 0x1b, 0xb6, 0x7f, 0x6f,
  0x89, 0x61, 0x33, 0xff, 0x7f, 0x6c, 0x02, 0x7f, 0x70, 0x4e, 0x96, 0x67,
  0x59, 0xba, 0x61, 0xb0, 0x2e, 0x1d, 0x28, 0x41, 0xe2, 0xc5, 0xa4, 0x0c,
  0x12, 0xf5, 0xca, 0x93, 0x54, 0x54, 0xf2, 0x5f, 0x04, 0xe7, 0xa4, 0x31,
  0xcf, 0x36, 0x69, 0xf9, 0xea, 0x6a, 0xf1, 0x48, 0x4b, 0x81, 0x55, 0xa6,
  0x48, 0xc1, 0x93, 0xfa, 0xee, 0x2b, 0xd6, 0xd4, 0xbd, 0xab, 0xce, 0x5b,
  0x3c, 0x08, 0x36, 0x5f, 0xb5, 0x63, 0x6e, 0x12, 0x4e, 0x6d, 0xce, 0x4f,
  0x7f, 0x38, 0xbe, 0x38, 0x3e, 0xba, 0x7f, 0x84, 0x6b, 0x56, 0x51, 0x3d,
  0xa0, 0xa6, 0xc0, 0x23, 0x0f, 0x04, 0x97, 0xc1, 0x7f, 0x5d, 0x81, 0x64,
  0xa8, 0xae, 0xa4, 0x3a, 0xd3, 0x7f, 0x81, 0x90, 0xe2, 0x6a, 0x01, 0x4f,
  0x52, 0xe8, 0x7f, 0x9b, 0x47, 0x8c, 0xed, 0x15, 0x1b, 0x5d, 0xc7, 0x94,
  0xda, 0xe1, 0x81, 0x6d, 0x4a, 0xe7, 0x38, 0x57, 0xc6, 0x7f, 0x58, 0xc2,
  0x4f, 0x7f, 0xe6, 0x42, 0x53, 0x33, 0xc5, 0x54, 0x72, 0xef, 0x40, 0xf3,
  0x47, 0x7f, 0x3d, 0x57, 0x0c, 0xcc, 0x3c, 0xdd, 0xd0, 0x92, 0x04, 0xa6,
  0x66, 0x3b, 0xa6, 0x5b, 0x16, 0xba, 0xd0, 0x66, 0xb2, 0x43, 0x9c, 0x97,
  0xed, 0x57, 0x94, 0x38, 0xf5, 0xa1, 0x30, 0xe2, 0x59, 0xa7, 0xa8, 0xa2,
  0x7f, 0x29, 0xd8, 0x3a, 0xbe, 0xc3, 0xa2, 0x5f, 0x3f, 0x81, 0x4c, 0x4b,
  0x7f, 0x53, 0x7f, 0xd1, 0x41, 0x44, 0x91, 0x44, 0x56, 0x30, 0xa3, 0x41,
  0x40, 0x12, 0x36, 0xf6, 0x02, 0x34, 0x0e, 0x30, 0x0e, 0xcc, 0x1c, 0x9f,
  0xd6, 0xf3, 0xf1, 0xb4, 0x3c, 0x22, 0xa8, 0x47, 0xc7, 0xfc, 0xec, 0x34,
  0xbb, 0x1b, 0x69, 0xfe, 0xf0, 0x52, 0x93, 0x19, 0xeb, 0xa6, 0x1e, 0x04,
  0x26, 0xf3, 0xa2, 0xc1, 0x76, 0x1e, 0xb5, 0xc9, 0xd9, 0xad, 0xcf, 0x43,
  0x49, 0x01, 0x23, 0x41, 0x30, 0x28, 0x59, 0xfa, 0x2f, 0x5a, 0x81, 0x40,
  0x59, 0x35, 0xd1, 0x1d, 0x4a, 0x16, 0x5b, 0xed, 0x46, 0x69, 0x60, 0x33,
  0x2a, 0xc0, 0x37, 0x81, 0xb2, 0x0d, 0xf3, 0x03, 0x4e, 0x46, 0x25, 0x7f,
  0xde, 0xb9, 0xf2, 0x3f, 0xd1, 0x57, 0xe2, 0x88, 0x18, 0x58, 0xd3, 0x28,
  0x39, 0xeb, 0x05, 0xfb, 0x40, 0x9b, 0xed, 0x92, 0x30, 0x29, 0x81, 0x9f,
  0xc1, 0x81, 0xa0, 0x39, 0x4f, 0xdb, 0x33, 0x3c, 0x76, 0x38, 0x46, 0x81,
  0x2d, 0x2e, 0xe7, 0x3e, 0x53, 0x3a, 0xb3, 0x2c, 0x7f, 0xa9, 0x51, 0xc0,
  0x75, 0x55, 0x41, 0x63, 0x8d, 0xc4, 0x81, 0x3c, 0xc4, 0x81, 0xef, 0x46,
  0x76, 0x71, 0xee, 0x14, 0x29, 0x81, 0xf5, 0x6d, 0x81, 0x6f, 0x03, 0x8c,
  0x81, 0x7f, 0x81, 0x5a, 0x6f, 0x89, 0x5a, 0x8e, 0x5b, 0x81, 0x81, 0x81,
  0x67, 0xcc, 0xbe, 0x39, 0x97, 0x14, 0x9c, 0x7f, 0x7f, 0xe0, 0x50, 0x7f,
  0x5d, 0x3d, 0x59, 0xd4, 0x65, 0x4f, 0xdc, 0x48, 0x6e, 0x61, 0x81, 0x7f,
  0x77, 0xc4, 0x35, 0xbd, 0x22, 0x5d, 0x1b, 0x3c, 0xe8, 0xbb, 0xdc, 0x15,
  0xa3, 0xfa, 0xcf, 0x59, 0x3b, 0x52, 0x9a, 0x50, 0xe3, 0xef, 0x1f, 0x34,
  0xa9, 0x37, 0x02, 0xe9, 0xfb, 0x59, 0x90, 0x45, 0x42, 0xa8, 0x56, 0x94,
  0x76, 0xee, 0xbc, 0xbd, 0x6c, 0x9a, 0xe5, 0xbb, 0xf3, 0xee, 0xe1, 0x58,
  0x53, 0xed, 0x1b, 0x65, 0x3a, 0x58, 0x4c, 0xf3, 0x58, 0x78, 0xd3, 0x4e,
  0x67, 0x52, 0xd5, 0x4f, 0x66, 0x81, 0x65, 0x81, 0x7f, 0x59, 0x7f, 0x5f,
  0xfd, 0x81, 0x12, 0xf4, 0x81, 0x15, 0x81, 0x4b, 0x1d, 0x7f, 0xc0, 0x5e,
  0x81, 0xc0, 0x25, 0x56, 0xaf, 0x71, 0x05, 0x81, 0xf9, 0x69, 0xca, 0x78,
  0x4b, 0xe3, 0x3b, 0xb7, 0x50, 0xd2, 0xf7, 0xba, 0x55, 0x81, 0xe2, 0x81,
  0x81, 0xa3, 0xb8, 0x5d, 0x36, 0xf7, 0x64, 0x4d, 0x56, 0x6b, 0xee, 0xb1,
  0x5e, 0x22, 0xdf, 0x3c, 0x53, 0x7f, 0xc5, 0x74, 0x56, 0xde, 0xff, 0xff,
  0x04, 0x00, 0x00, 0x00, 0x00, 0x01, 0x00, 0x00, 0xeb, 0xe8, 0xff, 0xff,
  0x91, 0x1a, 0x00, 0x00, 0x50, 0xed, 0xff, 0xff, 0x3c, 0x28, 0x00, 0x00,
  0xf0, 0xeb, 0xff, 0xff, 0x16, 0xd4, 0xff, 0xff, 0xbe, 0xee, 0xff, 0xff,
  0x09, 0xf7, 0xff, 0xff, 0xd3, 0x0f, 0x00, 0x00, 0x59, 0x2a, 0x00, 0x00,
  0x28, 0x03, 0x00, 0x00, 0xbe, 0xff, 0xff, 0xff, 0xf1, 0x1d, 0x00, 0x00,
  0x33, 0x13, 0x00, 0x00, 0x7f, 0x1a, 0x00, 0x00, 0x87, 0x06, 0x00, 0x00,
  0xe4, 0xd5, 0xff, 0xff, 0x5d, 0xda, 0xff, 0xff, 0x22, 0x0f, 0x00, 0x00,
  0x65, 0xca, 0xff, 0xff, 0x55, 0x06, 0x00, 0x00, 0xea, 0x27, 0x00, 0x00,
  0xe3, 0x0e, 0x00, 0x00, 0xb9, 0xdd, 0xff, 0xff, 0x6d, 0x22, 0x00, 0x00,
  0x03, 0xfd, 0xff, 0xff, 0xd3, 0xfc, 0xff, 0xff, 0x5f, 0x35, 0x00, 0x00,
  0xe0, 0x0a, 0x00, 0x00, 0x74, 0xe4, 0xff, 0xff, 0x73, 0x20, 0x00, 0x00,
  0x97, 0xfb, 0xff, 0xff, 0x9f, 0xec, 0xff, 0xff, 0x49, 0x2d, 0x00, 0x00,
  0x2c, 0xdc, 0xff, 0xff, 0xd2, 0x2a, 0x00, 0x00, 0x67, 0xcb, 0xff, 0xff,
  0x7b, 0x26, 0x00, 0x00, 0x19, 0x1d, 0x00, 0x00, 0xa7, 0x1a, 0x00, 0x00,
  0xed, 0xe1, 0xff, 0xff, 0x40, 0xfc, 0xff, 0xff, 0x4e, 0x12, 0x00, 0x00,
  0x77, 0x14, 0x00, 0x00, 0x47, 0x2d, 0x00, 0x00, 0x5c, 0x15, 0x00, 0x00,
  0x82, 0x2f, 0x00, 0x00, 0xfa, 0xe6, 0xff, 0xff, 0x36, 0xde, 0xff, 0xff,
  0xc8, 0x07, 0x00, 0x00, 0xd5, 0xe8, 0xff, 0xff, 0x37, 0xe6, 0xff, 0xff,
  0x10, 0xf6, 0xff, 0xff, 0xcd, 0xe6, 0xff, 0xff, 0x16, 0xd7, 0xff, 0xff,
  0x0b, 0x0e, 0x00, 0x00, 0xee, 0xe9, 0xff, 0xff, 0x46, 0xdb, 0xff, 0xff,
  0x41, 0x14, 0x00, 0x00, 0x35, 0xf4, 0xff, 0xff, 0x8e, 0xee, 0xff, 0xff,
  0x4e, 0xd7, 0xff, 0xff, 0xca, 0x23, 0x00, 0x00, 0xdd, 0xfd, 0xff, 0xff,
  0x62, 0xdf, 0xff, 0xff, 0x04, 0x00, 0x00, 0x00, 0x00, 0x18, 0x00, 0x00,
  0xf6, 0x02, 0xaa, 0x93, 0x05, 0x05, 0xdb, 0x50, 0xf2, 0x15, 0xf6, 0xe2,
  0xdf, 0x23, 0xe6, 0x52, 0xe8, 0x36, 0x19, 0xdc, 0x32, 0x69, 0x38, 0x32,
  0x40, 0x00, 0xd7, 0xea, 0x8d, 0x05, 0x82, 0x7f, 0x26, 0xe1, 0x39, 0xc4,
  0xd5, 0x59, 0x22, 0x21, 0xe8, 0x3d, 0xe2, 0x28, 0x0d, 0xd9, 0xff, 0xa3,
  0xb2, 0xff, 0x2b, 0x0f, 0xdd, 0x53, 0x02, 0x19, 0xd6, 0xeb, 0x7b, 0xf3,
  0xe6, 0x23, 0xf9, 0x6f, 0xdc, 0x23, 0xe7, 0xbc, 0x1d, 0x1d, 0x15, 0x52,
  0xc5, 0x1c, 0xf7, 0xdd, 0x5b, 0x0b, 0xd4, 0x30, 0xea, 0x23, 0x39, 0x18,
  0x2d, 0x33, 0xdc, 0xd9, 0x26, 0x51, 0xe4, 0xf2, 0xdf, 0xe4, 0xe9, 0x7f,
  0x0a, 0xe0, 0xe8, 0xaf, 0x22, 0xe6, 0xd8, 0x13, 0xdf, 0xf0, 0xec, 0x19,
  0x1c, 0x0f, 0xbb, 0x9e, 0x14, 0xe2, 0xf7, 0xed, 0xe8, 0x47, 0x0a, 0x0b,
  0xec, 0xf7, 0x21, 0xe6, 0xbc, 0xfd, 0xca, 0xef, 0xc9, 0x28, 0x47, 0xfa,
  0x0d, 0x16, 0xf9, 0xe3, 0x73, 0x0c, 0xf8, 0x1f, 0x28, 0x0f, 0x03, 0x6a,
  0x00, 0xbc, 0xe8, 0xcd, 0xc2, 0x68, 0x16, 0x1d, 0xdd, 0x47, 0x25, 0x11,
  0xfd, 0x0b, 0x48, 0xef, 0x1e, 0xab, 0x0c, 0x00, 0x14, 0x9e, 0xfd, 0xc7,
  0x1a, 0x07, 0x34, 0xb7, 0x20, 0x17, 0xab, 0xf8, 0xea, 0xe4, 0x27, 0x7f,
  0xf1, 0xb8, 0x30, 0x53, 0x3b, 0xd3, 0x05, 0x3f, 0xd6, 0xfa, 0xc6, 0xf1,
  0xe8, 0x19, 0xda, 0xda, 0x28, 0xe3, 0x14, 0x0b, 0xbe, 0x07, 0x07, 0xf2,
  0x2a, 0x1c, 0xf9, 0x0a, 0xe6, 0x07, 0x46, 0xd5, 0x16, 0x2a, 0xed, 0x12,
  0xe7, 0x19, 0xd0, 0xc3, 0xd6, 0xd6, 0x15, 0x7f, 0xfd, 0xe2, 0x0c, 0xcd,
  0xf1, 0xeb, 0x0f, 0x1e, 0x11, 0xec, 0x07, 0x34, 0xe8, 0xee, 0xfc, 0xb7,
  0xeb, 0xeb, 0x06, 0x02, 0x07, 0x3f, 0xe3, 0x23, 0xf9, 0x20, 0x24, 0xfc,
  0xf4, 0xea, 0xe8, 0x02, 0xcb, 0x18, 0xc6, 0x06, 0x46, 0xb3, 0x02, 0xdb,
  0x2e, 0xa7, 0x0d, 0x52, 0xc4, 0x7f, 0xe4, 0xb7, 0xdd, 0xae, 0xd9, 0x37,
  0x37, 0xeb, 0x26, 0xe8, 0x90, 0xe9, 0xc7, 0xda, 0x4b, 0x1e, 0x0f, 0x40,
  0xd0, 0x20, 0xda, 0x38, 0x30, 0x7e, 0x47, 0xfe, 0x3f, 0x45, 0xfd, 0x63,
  0xce, 0xef, 0xd1, 0x6a, 0x43, 0x3f, 0xb6, 0xc2, 0xf1, 0x73, 0x04, 0xfd,
  0x03, 0xdb, 0x1d, 0x10, 0x3d, 0xcb, 0x00, 0x47, 0x41, 0x74, 0x48, 0x18,
  0x39, 0x10, 0x29, 0x27, 0xf7, 0x3b, 0x0c, 0xb6, 0x4c, 0x0a, 0x1d, 0x44,
  0xfa, 0x34, 0x13, 0xdb, 0xfd, 0x3e, 0x2d, 0x10, 0x39, 0x66, 0xea, 0x58,
  0x01, 0xc6, 0x53, 0x5f, 0xbc, 0x0d, 0x1e, 0x01, 0xa8, 0xfe, 0x66, 0xb4,
  0x69, 0x7f, 0xc9, 0x03, 0xd5, 0xce, 0xf9, 0x3e, 0xce, 0xcf, 0x26, 0x39,
  0xde, 0xea, 0x69, 0x23, 0x0a, 0x36, 0x55, 0xca, 0xd2, 0xfb, 0xd3, 0xe3,
  0x64, 0xf4, 0xad, 0x4a, 0x07, 0x17, 0x3b, 0x49, 0x3e, 0x90, 0x4c, 0x14,
  0xa1, 0xeb, 0xf9, 0x00, 0xed, 0xd8, 0xb1, 0xec, 0xdb, 0x46, 0xd3, 0x0a,
  0x20, 0x0d, 0xc0, 0x70, 0x27, 0x1e, 0x21, 0xb3, 0xf7, 0x00, 0xce, 0x65,
  0x37, 0x3f, 0x31, 0x04, 0x7f, 0xf3, 0xf9, 0x39, 0x1d, 0xf4, 0xb5, 0x6c,
  0x40, 0xce, 0x03, 0x27, 0xdd, 0xb7, 0x43, 0x33, 0x1c, 0xf0, 0xe7, 0xde,
  0x42, 0xbe, 0x5f, 0xaa, 0xf5, 0x10, 0x54, 0xf1, 0x10, 0xeb, 0xdb, 0x88,
  0xf6, 0x28, 0x1e, 0x26, 0xdc, 0x13, 0xd4, 0x07, 0xb2, 0x27, 0xdb, 0x2a,
  0xd0, 0xe5, 0xc7, 0x1d, 0x23, 0xdf, 0xb9, 0x22, 0x2f, 0x18, 0xce, 0xca,
  0x23, 0x11, 0x0f, 0xf1, 0xda, 0xec, 0xb6, 0x06, 0xdd, 0xd7, 0x23, 0x35,
  0x3b, 0x28, 0x05, 0x00, 0xec, 0x08, 0x13, 0x2a, 0x7f, 0xcd, 0xfa, 0x0b,
  0x3f, 0x2d, 0x1d, 0x76, 0x0c, 0xf3, 0xcb, 0xed, 0xce, 0x36, 0x12, 0xb5,
  0x40, 0x02, 0x09, 0x03, 0xe0, 0x27, 0xfb, 0xcc, 0x53, 0xd0, 0xcf, 0x37,
  0x03, 0x1a, 0x43, 0x04, 0x26, 0x18, 0xe4, 0xd9, 0x38, 0x29, 0xea, 0x28,
  0xae, 0x07, 0xf0, 0x7f, 0x0e, 0xd0, 0x17, 0xfe, 0xfd, 0xe9, 0xfc, 0x30,
  0xd9, 0xff, 0xd6, 0x05, 0x2b, 0xf2, 0xd6, 0xe0, 0xef, 0xbf, 0xee, 0x07,
  0x15, 0x0a, 0xe7, 0x17, 0x12, 0x10, 0xf3, 0x25, 0xa8, 0xed, 0xa8, 0xe9,
  0xe3, 0xe0, 0xcd, 0x4e, 0x01, 0x21, 0xfa, 0x24, 0x5e, 0xe9, 0x67, 0x7f,
  0xca, 0x08, 0xf9, 0xdc, 0xf3, 0xc2, 0xcb, 0xfb, 0xfb, 0xe1, 0xa9, 0xc7,
  0x0e, 0xd6, 0x1a, 0x48, 0x17, 0x58, 0x31, 0x8d, 0x1e, 0x49, 0x2d, 0xa5,
  0xf6, 0xc1, 0xff, 0x0f, 0xed, 0xee, 0x02, 0xac, 0x76, 0xd2, 0xed, 0x2f,
  0x54, 0x15, 0xb6, 0x20, 0x46, 0xec, 0xfb, 0xc7, 0x31, 0x0e, 0xd4, 0x23,
  0x26, 0xda, 0x2a, 0xfd, 0x20, 0x08, 0x40, 0x14, 0x1f, 0x36, 0x34, 0xb3,
  0x2b, 0x20, 0x4e, 0x41, 0xad, 0x31, 0x11, 0xe4, 0xa8, 0xce, 0xb0, 0x0e,
  0xac, 0xee, 0xef, 0x25, 0xee, 0xd2, 0xe0, 0x1f, 0x4b, 0x1d, 0xf5, 0xed,
  0xf2, 0x0c, 0xe1, 0x19, 0xfb, 0x0c, 0xf4, 0xb6, 0x0b, 0xe7, 0xe1, 0x0d,
  0x7f, 0xeb, 0x0e, 0x41, 0x19, 0xfa, 0x1f, 0x2e, 0x58, 0xd0, 0xee, 0xe6,
  0x67, 0xe5, 0xcd, 0x23, 0xf5, 0x0a, 0xf3, 0xd3, 0xd9, 0x52, 0xf1, 0x24,
  0x46, 0xdc, 0xd7, 0x31, 0x76, 0xef, 0x14, 0x23, 0x15, 0xe7, 0x08, 0x23,
  0x0a, 0xfc, 0xcc, 0x26, 0xda, 0xaa, 0xe6, 0xf5, 0x32, 0xdd, 0x1c, 0x3b,
  0xd6, 0x76, 0x45, 0xb7, 0x7f, 0xfc, 0x01, 0x01, 0x15, 0x3d, 0x09, 0xc3,
  0xf5, 0x2b, 0xdf, 0xc2, 0x6f, 0xef, 0xa8, 0x0b, 0xc6, 0x09, 0xff, 0x42,
  0x0b, 0xb9, 0xb5, 0x3b, 0xf3, 0xdc, 0x81, 0x06, 0xed, 0x0c, 0xf8, 0x34,
  0x1a, 0x37, 0xe9, 0xdf, 0x16, 0xe8, 0xf2, 0x12, 0xfc, 0x1e, 0xfa, 0xea,
  0xe7, 0xe2, 0xce, 0x02, 0xe1, 0xeb, 0x07, 0x06, 0x1a, 0x2b, 0xf6, 0xea,
  0x22, 0x00, 0xdd, 0x22, 0x0c, 0x0a, 0xea, 0x7f, 0x0b, 0xe1, 0x01, 0xf7,
  0xfb, 0x1d, 0xf2, 0x21, 0xd9, 0x03, 0xd4, 0x10, 0xd2, 0xeb, 0xe7, 0xe8,
  0x16, 0xef, 0xf8, 0xd9, 0xfd, 0x2d, 0x0d, 0x13, 0xf9, 0x05, 0x13, 0x0a,
  0xcd, 0xe1, 0xf5, 0xfa, 0xd5, 0xfe, 0x09, 0xe0, 0x13, 0x06, 0x45, 0x95,
  0xeb, 0x00, 0x12, 0xf4, 0x22, 0x1b, 0xe2, 0x27, 0x23, 0xdb, 0xf2, 0xec,
  0xf2, 0x41, 0x9a, 0xe6, 0x4a, 0x32, 0xca, 0x11, 0x9d, 0x20, 0xb8, 0x5f,
  0x38, 0x03, 0x3f, 0xbf, 0x2f, 0xda, 0xed, 0x28, 0xf6, 0xd8, 0xc2, 0x2b,
  0x5f, 0xe8, 0x27, 0xcb, 0xdf, 0xb6, 0xd6, 0x2a, 0x5d, 0x00, 0xf1, 0x69,
  0x44, 0x1c, 0xe9, 0x7f, 0xb4, 0xae, 0x91, 0xd6, 0xd0, 0xe8, 0xae, 0x6b,
  0x1e, 0xd8, 0xe5, 0x0a, 0xdd, 0x82, 0x04, 0x60, 0xfa, 0x78, 0xc4, 0xd1,
  0xd4, 0x15, 0xfc, 0x4c, 0x1f, 0x0e, 0xe5, 0xf6, 0xb0, 0xdc, 0xbd, 0xc3,
  0xcc, 0x4b, 0xb6, 0x47, 0xe5, 0x2e, 0xda, 0x8d, 0x2a, 0x48, 0xdf, 0x53,
  0x27, 0x25, 0xac, 0x1d, 0xe3, 0x15, 0xbe, 0xc4, 0x20, 0xf9, 0xd8, 0xcc,
  0xe2, 0x7f, 0x14, 0xc3, 0x01, 0xd1, 0x3b, 0xed, 0x37, 0xcf, 0xea, 0x7d,
  0x90, 0x3d, 0xaf, 0x2a, 0x1a, 0xce, 0x14, 0x2e, 0xf1, 0x81, 0xe6, 0x4a,
  0x1c, 0x1d, 0xe6, 0x15, 0x21, 0x49, 0xe9, 0x1f, 0x00, 0x54, 0xf2, 0xf0,
  0x8a, 0x55, 0xbd, 0xbc, 0x16, 0xe3, 0x2f, 0xeb, 0xf8, 0xe9, 0xf2, 0x83,
  0x10, 0x0c, 0xf5, 0x0a, 0xe7, 0xe9, 0x12, 0x3c, 0x00, 0x23, 0x8c, 0xde,
  0xc4, 0xdb, 0x1f, 0xe5, 0xd7, 0x2b, 0xd0, 0x00, 0xe8, 0x0e, 0x4b, 0x04,
  0x40, 0xd4, 0x13, 0x38, 0x0f, 0x00, 0xcf, 0xd6, 0xb3, 0x1d, 0xe3, 0x12,
  0xf1, 0xe2, 0xda, 0x49, 0xdb, 0xd4, 0x05, 0x51, 0xc2, 0x45, 0xf2, 0x2d,
  0xf4, 0x18, 0x81, 0xd0, 0xe0, 0x4c, 0xd0, 0xd1, 0xf1, 0xd9, 0xd7, 0xd8,
  0x29, 0x06, 0x0d, 0xc0, 0xe5, 0x06, 0xed, 0xf2, 0xd2, 0xaf, 0xd8, 0xed,
  0x3c, 0x0b, 0x31, 0xb3, 0x0f, 0x0a, 0x15, 0x03, 0x13, 0x10, 0xed, 0x20,
  0xee, 0x30, 0xde, 0x5d, 0x6e, 0xc3, 0xc5, 0x01, 0xb6, 0xd7, 0x11, 0x51,
  0x0a, 0x12, 0x66, 0xa9, 0x1c, 0x04, 0x17, 0x3c, 0xef, 0x60, 0xca, 0xe7,
  0xce, 0xbb, 0x0e, 0x09, 0xb7, 0xfc, 0xf3, 0x31, 0xa8, 0xd0, 0xe6, 0xf4,
  0x47, 0x18, 0x00, 0xf8, 0xfa, 0x0b, 0xdf, 0xd8, 0xf3, 0xdf, 0x2e, 0xa7,
  0x0f, 0xe2, 0x03, 0x52, 0x68, 0x0c, 0xbe, 0x30, 0xec, 0xd7, 0xfc, 0x19,
  0x60, 0xd0, 0x2a, 0x11, 0x79, 0xf8, 0xae, 0x7f, 0xe3, 0xf6, 0xf4, 0xb3,
  0xef, 0x55, 0x3e, 0xeb, 0x7f, 0x3e, 0xfb, 0x22, 0x1d, 0x53, 0x3d, 0xe5,
  0x15, 0xd6, 0xdd, 0x01, 0xd2, 0xd7, 0x24, 0x09, 0xf1, 0x27, 0x5e, 0xf5,
  0xe5, 0x5b, 0x39, 0xfa, 0xd9, 0xfe, 0x40, 0x5b, 0x43, 0x0a, 0xe7, 0xc5,
  0xef, 0x27, 0x34, 0x14, 0x10, 0x44, 0x2a, 0xc3, 0xf6, 0xbb, 0x95, 0xd7,
  0x29, 0x13, 0xd5, 0x48, 0x02, 0x18, 0xf8, 0x03, 0xf8, 0xea, 0x00, 0xe0,
  0xde, 0xbb, 0xce, 0xc1, 0x1c, 0xaa, 0xe3, 0xeb, 0xc4, 0x1a, 0x09, 0x07,
  0xff, 0xd1, 0xfb, 0x6e, 0xf2, 0x26, 0x14, 0x0c, 0x9d, 0xfe, 0x04, 0xfe,
  0xe0, 0x1d, 0x81, 0xcc, 0xa9, 0x38, 0xef, 0xc2, 0x46, 0xdd, 0xe0, 0x9e,
  0x10, 0x48, 0x09, 0xc4, 0xdc, 0xbd, 0xc1, 0xf0, 0x1b, 0xc2, 0x35, 0x3a,
  0x42, 0xe7, 0x49, 0x17, 0x25, 0x33, 0x08, 0xfb, 0x2f, 0x0f, 0xed, 0x24,
  0x25, 0x0f, 0x42, 0x4f, 0x4e, 0xbe, 0xea, 0xdb, 0xc6, 0x01, 0x31, 0x03,
  0x7f, 0xf9, 0xea, 0x17, 0xeb, 0x18, 0x54, 0x20, 0x67, 0xfe, 0xcf, 0xed,
  0xd4, 0xb6, 0x00, 0xd7, 0xd0, 0xbe, 0x10, 0x09, 0x1c, 0xc0, 0x0e, 0x24,
  0xd0, 0x3e, 0xed, 0x4f, 0x08, 0xd7, 0x0f, 0xe8, 0x29, 0x55, 0xe1, 0xf3,
  0xf8, 0xf4, 0xde, 0xbe, 0x09, 0xc6, 0x25, 0x32, 0xf6, 0x47, 0xca, 0xf8,
  0x3e, 0x3f, 0x0f, 0x0c, 0x13, 0xe5, 0x17, 0xc2, 0xd6, 0xe1, 0x29, 0x03,
  0xb8, 0x29, 0xf4, 0xe4, 0x41, 0xec, 0x74, 0xd2, 0xfe, 0x39, 0xf9, 0x10,
  0x29, 0x5d, 0x4d, 0xea, 0xf9, 0xfe, 0xd4, 0x09, 0xeb, 0x7f, 0xfa, 0x73,
  0xe5, 0x1c, 0xf5, 0xd7, 0xff, 0xd1, 0x00, 0x09, 0xb0, 0xd4, 0xa3, 0x4a,
  0x08, 0xde, 0x46, 0xbd, 0x21, 0x5f, 0xd0, 0x66, 0xdf, 0xd3, 0xb6, 0x46,
  0xe6, 0xd2, 0x5a, 0x4e, 0xec, 0x29, 0x4b, 0xc2, 0xef, 0xa2, 0x63, 0xb5,
  0x0c, 0x70, 0x24, 0x17, 0x07, 0x62, 0x10, 0x01, 0x4c, 0x32, 0x3a, 0x00,
  0x38, 0x47, 0x7f, 0xf8, 0xc0, 0x06, 0x27, 0xfb, 0x03, 0xec, 0xd3, 0xfd,
  0xfd, 0x2c, 0xb8, 0x1d, 0xb3, 0x15, 0xfa, 0x56, 0xe1, 0x4c, 0x44, 0xd7,
  0xc7, 0xd1, 0xd6, 0x5f, 0xff, 0x15, 0x6b, 0xef, 0xef, 0x06, 0xd7, 0xda,
  0xea, 0xfd, 0xcf, 0x77, 0xe7, 0x0b, 0xf4, 0x4b, 0x16, 0xc8, 0x2d, 0x2c,
  0x2e, 0x21, 0xcb, 0xe9, 0xfc, 0x94, 0x09, 0xbe, 0xe9, 0x1d, 0x2c, 0xf6,
  0x29, 0x4d, 0x1f, 0x0e, 0x23, 0x1f, 0x22, 0xee, 0xf7, 0xf0, 0x12, 0x43,
  0x0e, 0x1f, 0xf8, 0xdd, 0x14, 0x56, 0xe9, 0x12, 0xce, 0x5e, 0x17, 0x25,
  0xca, 0x0d, 0x7f, 0xf8, 0x11, 0xb6, 0x10, 0xfd, 0xdc, 0x15, 0x3a, 0xe1,
  0xf5, 0x34, 0x0a, 0xe3, 0xae, 0x00, 0x99, 0x26, 0xd8, 0xfc, 0x2c, 0x40,
  0xfa, 0xb9, 0x4b, 0x3b, 0x0d, 0x27, 0x0c, 0xc1, 0xf2, 0xb7, 0x04, 0xc2,
  0x2d, 0x0b, 0xd8, 0x53, 0xdc, 0x23, 0x1a, 0x0f, 0xfd, 0xe4, 0x6f, 0x43,
  0xd1, 0x33, 0x66, 0xdc, 0xd5, 0xc4, 0x03, 0x25, 0x3a, 0xc3, 0x1d, 0xb0,
  0xb1, 0x2f, 0x1f, 0x0f, 0x0f, 0x19, 0x3c, 0x9d, 0xed, 0x23, 0x00, 0x4e,
  0x0d, 0xc5, 0x33, 0xfc, 0x09, 0x10, 0xda, 0x09, 0x0e, 0x11, 0xeb, 0x7f,
  0x1d, 0x1d, 0xda, 0x37, 0xf1, 0xf8, 0xee, 0x42, 0x32, 0x0a, 0x0e, 0x05,
  0x70, 0xb4, 0xe3, 0xc5, 0x1e, 0xf0, 0xcd, 0xb9, 0x16, 0x2d, 0x07, 0x7f,
  0xc0, 0x22, 0x01, 0x00, 0xf5, 0xdb, 0x25, 0x24, 0x09, 0x25, 0x4e, 0xd1,
  0x4a, 0x31, 0x1f, 0xb1, 0xfa, 0x6c, 0x0b, 0xd1, 0xf4, 0x12, 0x1a, 0x69,
  0x2a, 0xfe, 0x07, 0xe4, 0x18, 0x01, 0xef, 0x50, 0x08, 0x15, 0x19, 0xde,
  0xd3, 0xec, 0xc1, 0xca, 0xf3, 0x0b, 0x00, 0xda, 0xf4, 0x17, 0x15, 0x14,
  0x23, 0x28, 0x2b, 0xd8, 0xcf, 0xc7, 0xe9, 0xb5, 0xfa, 0xec, 0xef, 0xc5,
  0x99, 0x10, 0x0a, 0x18, 0x26, 0x07, 0x02, 0xfa, 0x8c, 0x0a, 0xe3, 0x7b,
  0xa1, 0x57, 0xf5, 0x46, 0xcf, 0x21, 0xe7, 0xb5, 0x53, 0x7f, 0x02, 0x10,
  0x07, 0xc2, 0xb6, 0xc1, 0x31, 0xda, 0x16, 0x34, 0xa8, 0xfc, 0xb1, 0xc8,
  0xc9, 0xa2, 0xc8, 0xeb, 0x74, 0x5c, 0xe8, 0xbf, 0xe5, 0x04, 0x7b, 0x44,
  0xfe, 0x1c, 0x22, 0x5e, 0xf2, 0x26, 0x3b, 0x49, 0x20, 0xcd, 0xc9, 0x22,
  0xe6, 0x25, 0xb4, 0xa8, 0xf8, 0x03, 0xf5, 0x31, 0xf2, 0x2e, 0x05, 0xef,
  0x06, 0x32, 0xf3, 0x02, 0xf8, 0x6b, 0xd3, 0x2c, 0x57, 0x7f, 0x62, 0x41,
  0x23, 0x0b, 0xfd, 0xb8, 0x9d, 0xdc, 0x24, 0x1d, 0x14, 0xa5, 0xde, 0xa3,
  0xb4, 0x0c, 0x40, 0x05, 0x03, 0x6d, 0x0b, 0x1e, 0xf8, 0x40, 0xc2, 0xb6,
  0x9b, 0x2c, 0x3d, 0x43, 0xc2, 0x41, 0xc8, 0x31, 0xd1, 0xf2, 0x0b, 0xf7,
  0xfc, 0x36, 0xfd, 0x77, 0xc5, 0x20, 0xf9, 0x44, 0x34, 0x09, 0xd6, 0x4d,
  0x47, 0xb8, 0x3c, 0x46, 0x20, 0x06, 0xf4, 0x19, 0xf6, 0x18, 0xfe, 0xeb,
  0xec, 0xe5, 0xba, 0xdd, 0xf1, 0xdc, 0xf1, 0x4b, 0xb5, 0x7f, 0x4f, 0xc3,
  0x2f, 0xf0, 0x41, 0xe5, 0x07, 0x3c, 0xce, 0xf0, 0xf2, 0xfe, 0xcc, 0x9d,
  0x2e, 0xc6, 0xc2, 0x00, 0xf7, 0xed, 0xa9, 0x55, 0xfe, 0xfc, 0xe4, 0xdc,
  0xd1, 0x0e, 0xf4, 0xd7, 0x0f, 0xd7, 0x02, 0xf3, 0x4c, 0x81, 0x12, 0x12,
  0xef, 0x18, 0x51, 0xee, 0xb8, 0xe0, 0x0b, 0xeb, 0xc1, 0x2c, 0x67, 0xcd,
  0xb7, 0x07, 0x11, 0x0f, 0x19, 0xff, 0xcd, 0xc3, 0x93, 0x52, 0x35, 0xfb,
  0x00, 0xa3, 0x13, 0x10, 0xeb, 0x19, 0x01, 0x3a, 0xd5, 0xbe, 0x14, 0x12,
  0x2b, 0xd9, 0x2c, 0x19, 0x24, 0x22, 0x23, 0x28, 0x31, 0x5c, 0xe6, 0x13,
  0x10, 0xd4, 0xe7, 0xe9, 0x24, 0x2f, 0x08, 0x35, 0x19, 0xdb, 0xb7, 0xb9,
  0x2f, 0x1c, 0x23, 0xe0, 0xfa, 0x1b, 0xfa, 0x48, 0x1d, 0xfb, 0x2f, 0xe7,
  0x20, 0x86, 0xcd, 0x4f, 0x0b, 0x09, 0x3e, 0x99, 0x22, 0x67, 0xbf, 0xda,
  0x4b, 0x42, 0xfa, 0x62, 0xc3, 0xd9, 0x16, 0x7f, 0x36, 0x10, 0x31, 0xb1,
  0x13, 0x14, 0x0a, 0x34, 0x8e, 0xf8, 0x87, 0x22, 0xcb, 0x06, 0x06, 0xc2,
  0xd4, 0x08, 0xdf, 0xd8, 0x01, 0x37, 0xf3, 0x1e, 0xee, 0x02, 0x14, 0xe9,
  0xea, 0x9d, 0xfb, 0xe9, 0x07, 0xbd, 0xba, 0x4a, 0xd6, 0x39, 0x5d, 0xb6,
  0xe0, 0xf8, 0x20, 0x15, 0x93, 0x01, 0x7f, 0xe9, 0x13, 0x11, 0x06, 0xfd,
  0x05, 0xe7, 0x18, 0x27, 0xfc, 0x14, 0x17, 0x13, 0x22, 0xdf, 0x11, 0xc8,
  0xd7, 0xc4, 0xc6, 0x27, 0xd3, 0xa7, 0x2f, 0x88, 0xf2, 0x1b, 0xf1, 0x51,
  0xe6, 0xdc, 0x49, 0x1f, 0x3d, 0xd3, 0x49, 0x24, 0x00, 0x04, 0xf3, 0xdc,
  0xca, 0xdd, 0xe5, 0x10, 0x43, 0x5e, 0x2b, 0x23, 0x14, 0xe7, 0xda, 0xfe,
  0xf5, 0xf3, 0x14, 0x39, 0xfc, 0xe0, 0x23, 0x07, 0xda, 0x3a, 0x7f, 0x27,
  0x13, 0xd1, 0xf9, 0xef, 0x2f, 0x3b, 0xf4, 0x18, 0xda, 0x69, 0x58, 0xf4,
  0xed, 0xd0, 0x2e, 0x00, 0xcb, 0xa4, 0xf4, 0x51, 0x07, 0xa8, 0x1d, 0xaf,
  0x56, 0x2d, 0xe3, 0xe6, 0xeb, 0x00, 0xe7, 0x0d, 0x18, 0xc7, 0x4a, 0x17,
  0xd0, 0xca, 0x5c, 0x2a, 0x17, 0xfc, 0x37, 0xf7, 0x24, 0x29, 0xc2, 0xe5,
  0xf1, 0x43, 0xf2, 0x0f, 0x13, 0x23, 0xb2, 0x46, 0xf7, 0xd6, 0x25, 0x16,
  0xff, 0x19, 0xad, 0x45, 0x0d, 0x00, 0x36, 0xfa, 0x05, 0xf3, 0xe7, 0x98,
  0xe0, 0x0f, 0x22, 0x07, 0xd3, 0x38, 0x2d, 0x19, 0x7f, 0x37, 0x41, 0xb8,
  0x09, 0xf7, 0xbf, 0x0e, 0xe4, 0x08, 0xd7, 0x9e, 0xda, 0x99, 0x9a, 0xe4,
  0xe1, 0xd2, 0xb7, 0x21, 0x13, 0x2e, 0x17, 0x26, 0xde, 0x17, 0x0b, 0xfc,
  0x31, 0xef, 0xe5, 0xc9, 0x00, 0xea, 0x1a, 0x4f, 0x49, 0x35, 0xad, 0x0c,
  0xfb, 0xf8, 0xdf, 0x40, 0x3c, 0x29, 0xe5, 0xd1, 0xcc, 0xc1, 0xe2, 0xd7,
  0x09, 0x81, 0xef, 0xd4, 0xf0, 0xd7, 0xe0, 0x2c, 0x46, 0x12, 0xea, 0x60,
  0x02, 0x24, 0x24, 0xf8, 0x07, 0x40, 0xd4, 0x0c, 0xe5, 0xfd, 0xf7, 0xc0,
  0xd9, 0xde, 0xd9, 0x28, 0x49, 0x28, 0xd3, 0xaf, 0x3d, 0x3e, 0x05, 0x09,
  0x41, 0x11, 0xf7, 0x17, 0xf9, 0xdd, 0xfd, 0xe4, 0x10, 0x36, 0xdf, 0x7f,
  0x35, 0x25, 0xfd, 0x29, 0x37, 0xf6, 0x44, 0x5e, 0x06, 0x2e, 0x19, 0xc1,
  0xed, 0xcd, 0xea, 0xf3, 0x21, 0xb4, 0x92, 0xd7, 0xd3, 0xfb, 0x14, 0x2f,
  0x4b, 0x51, 0x15, 0xd3, 0xf2, 0x7a, 0x06, 0xf8, 0x0e, 0xe6, 0x1c, 0x2a,
  0x11, 0xd5, 0x2f, 0x9b, 0x2c, 0xbc, 0x0c, 0x6a, 0x5c, 0x1d, 0x9b, 0xf1,
  0x08, 0x11, 0xcd, 0xee, 0x14, 0xe7, 0xe8, 0xf1, 0x4b, 0xbf, 0x02, 0xce,
  0xcf, 0x05, 0xf6, 0xdc, 0x57, 0xcb, 0x0c, 0xe5, 0xf2, 0xe5, 0x17, 0xfa,
  0xf1, 0x1e, 0xc7, 0xd1, 0xd2, 0xe0, 0xf5, 0x1e, 0xdc, 0x09, 0xf1, 0x41,
  0x2e, 0xca, 0x00, 0x11, 0xc2, 0x2c, 0xa8, 0x28, 0xf6, 0x06, 0xde, 0x81,
  0xe9, 0x42, 0x0c, 0x2a, 0xe4, 0x16, 0x16, 0xfa, 0x4b, 0x0f, 0xe9, 0xfc,
  0xfc, 0xfb, 0xe7, 0xf5, 0x00, 0x30, 0xe1, 0xcd, 0x02, 0x09, 0x36, 0x03,
  0xdc, 0x31, 0x10, 0x5b, 0x5b, 0xe9, 0xc8, 0xbd, 0xc7, 0x14, 0x5d, 0xb7,
  0xae, 0x05, 0x11, 0xd9, 0xda, 0x1b, 0x0c, 0xe1, 0xde, 0x63, 0x04, 0xfa,
  0x19, 0x03, 0xf0, 0x12, 0xc8, 0xe5, 0x07, 0xfc, 0xf1, 0xab, 0xf5, 0x0f,
  0xe1, 0xf5, 0xe9, 0xe7, 0x08, 0xc8, 0x1e, 0xdc, 0xf0, 0xc8, 0x19, 0x7f,
  0xf6, 0x5e, 0x69, 0xca, 0xd0, 0x20, 0xf8, 0xfc, 0x29, 0x39, 0x25, 0x5b,
  0xca, 0x06, 0x6f, 0x62, 0x1a, 0x36, 0xb8, 0x37, 0x10, 0x35, 0xbb, 0x12,
  0xd4, 0xf4, 0x09, 0x6d, 0xf6, 0xa4, 0x2c, 0x1f, 0xf2, 0xf0, 0x2f, 0x19,
  0xf6, 0x0d, 0x40, 0xc0, 0x2e, 0x07, 0x1e, 0x9d, 0xdc, 0x7f, 0x0a, 0xce,
  0x0c, 0x27, 0x3f, 0x30, 0x24, 0x00, 0x23, 0xdb, 0x2a, 0xbf, 0xf7, 0x12,
  0x0a, 0x36, 0x08, 0xb4, 0x96, 0xe6, 0xd8, 0x0e, 0x33, 0x20, 0xe9, 0xea,
  0xcc, 0xf0, 0x2b, 0x08, 0x20, 0x2f, 0xfa, 0xf4, 0x31, 0xcb, 0x25, 0x98,
  0x25, 0x30, 0x11, 0xb7, 0x5e, 0xf6, 0xf2, 0xf5, 0xc7, 0xce, 0x4a, 0xf5,
  0x21, 0xda, 0xe3, 0xf4, 0xe0, 0x06, 0x17, 0x03, 0x1e, 0x56, 0x2b, 0x29,
  0xcc, 0xbe, 0xc0, 0x27, 0xcd, 0xec, 0xce, 0x6f, 0xe6, 0xf2, 0xd3, 0x00,
  0x15, 0x7f, 0xf7, 0x3e, 0xe2, 0xf7, 0xa3, 0x20, 0x06, 0xe2, 0x08, 0x27,
  0x03, 0xec, 0xfb, 0xe7, 0xf5, 0x30, 0xf7, 0xdc, 0xd2, 0xbe, 0x39, 0xf8,
  0xe5, 0xe9, 0x3e, 0x5d, 0x3f, 0xac, 0xbf, 0xc7, 0xba, 0x0f, 0xf8, 0x6a,
  0xcb, 0xdf, 0x0b, 0x41, 0xd2, 0xb0, 0xee, 0x39, 0xd7, 0x15, 0x4f, 0xca,
  0x4f, 0x51, 0xcd, 0x81, 0xcb, 0x5d, 0x49, 0xdc, 0x0e, 0x26, 0x36, 0x00,
  0x57, 0x59, 0x4c, 0x02, 0xf0, 0xe6, 0xe2, 0x5d, 0xd6, 0xf5, 0xf9, 0xcc,
  0x2e, 0xb1, 0xb2, 0xb9, 0xfb, 0x31, 0xee, 0xed, 0xfc, 0x17, 0x04, 0x18,
  0x11, 0x67, 0xf0, 0xfc, 0x33, 0xa8, 0xeb, 0xda, 0x01, 0xf6, 0x0c, 0x7f,
  0x25, 0x39, 0x20, 0xca, 0x4b, 0x21, 0x1b, 0x32, 0xca, 0x04, 0x6f, 0xc5,
  0xfd, 0xed, 0xbf, 0x3f, 0xea, 0x2a, 0x31, 0x3c, 0xa4, 0x03, 0x0e, 0x0c,
  0x1c, 0xd4, 0x0b, 0xca, 0xa2, 0xd2, 0xbe, 0x3d, 0xdc, 0xe6, 0x5d, 0xc6,
  0x1f, 0x3a, 0xdf, 0x28, 0xdf, 0xd7, 0xad, 0x59, 0x35, 0x0c, 0xfc, 0x2b,
  0xf0, 0x07, 0x02, 0xff, 0x1d, 0xbf, 0x21, 0xe1, 0x35, 0x3d, 0xee, 0x10,
  0xf5, 0xb0, 0xa0, 0x2a, 0xb7, 0x22, 0x43, 0xd6, 0xb7, 0x24, 0xf4, 0xea,
  0x96, 0x15, 0x6e, 0x26, 0x08, 0x1f, 0xdb, 0x15, 0xda, 0xb3, 0xe8, 0x3d,
  0xc3, 0xc0, 0x0b, 0x0c, 0xf2, 0xb3, 0xd6, 0xdb, 0xf2, 0xba, 0x06, 0x2b,
  0x81, 0xea, 0x07, 0xae, 0x0b, 0xe6, 0x05, 0x69, 0x1e, 0xce, 0xf7, 0xf5,
  0x13, 0x23, 0x4c, 0x28, 0x11, 0x13, 0xd9, 0xe7, 0xc8, 0x2f, 0x29, 0x49,
  0x14, 0x07, 0x0b, 0x36, 0xdf, 0xaf, 0xad, 0x0b, 0xcf, 0x22, 0xe8, 0xf1,
  0xbc, 0xbf, 0x0e, 0x69, 0x92, 0x06, 0xf9, 0xe9, 0xc6, 0x33, 0xf4, 0x11,
  0x21, 0xe6, 0xe6, 0x1b, 0xde, 0xba, 0xc9, 0x0d, 0xf7, 0x18, 0xd2, 0x95,
  0x2a, 0x0c, 0xfc, 0xd5, 0xb1, 0x1f, 0xb6, 0x30, 0xe8, 0xed, 0x08, 0x02,
  0x5d, 0xbd, 0xf6, 0xe3, 0x10, 0xf7, 0xcf, 0xe8, 0x1c, 0x35, 0xef, 0xcd,
  0xbe, 0x24, 0xc6, 0x5d, 0x7f, 0xd5, 0x26, 0x5f, 0x14, 0xaa, 0x0d, 0xea,
  0x4d, 0x55, 0x21, 0xd0, 0x0e, 0xe9, 0x47, 0xed, 0x91, 0x4d, 0x66, 0xd9,
  0xbb, 0xc1, 0xbb, 0xdc, 0x03, 0xee, 0x73, 0x48, 0xd5, 0xbf, 0x90, 0xf1,
  0x4d, 0x2c, 0xda, 0x7a, 0xc8, 0x90, 0x8f, 0x15, 0x11, 0x13, 0xc8, 0xaf,
  0x4e, 0x15, 0xbd, 0x56, 0xcb, 0x8a, 0x12, 0x5f, 0x29, 0x04, 0x03, 0xc9,
  0x17, 0x56, 0x18, 0xf8, 0xeb, 0xca, 0x7f, 0xb8, 0xb2, 0xd0, 0xfa, 0x2b,
  0x3b, 0x20, 0xf2, 0xf4, 0xe1, 0x29, 0xf6, 0x6a, 0xc0, 0x1a, 0x16, 0x06,
  0x03, 0xc7, 0xe3, 0x0c, 0xc7, 0x30, 0x51, 0xd7, 0x2c, 0xf7, 0x17, 0x81,
  0xfd, 0x58, 0x1e, 0xfb, 0xe5, 0x00, 0x25, 0x6b, 0x25, 0xdd, 0x1d, 0xd2,
  0x1b, 0x01, 0xf5, 0x4b, 0xdf, 0x0a, 0xed, 0xf5, 0xb6, 0xab, 0xf7, 0xba,
  0x29, 0xf6, 0xb9, 0xde, 0x06, 0x52, 0x45, 0x5d, 0xfb, 0x20, 0xe6, 0xf2,
  0xce, 0xb2, 0xfc, 0xc2, 0x07, 0xee, 0xf2, 0xd7, 0x14, 0xff, 0x07, 0x3d,
  0xce, 0x32, 0x15, 0xe1, 0x29, 0xee, 0xe9, 0x34, 0xfa, 0x0b, 0x08, 0xf0,
  0x20, 0x02, 0xf6, 0xcd, 0x16, 0x2e, 0x02, 0xe5, 0xeb, 0xfa, 0xd5, 0x7f,
  0x11, 0x14, 0x13, 0xfe, 0x2b, 0x00, 0xf4, 0x09, 0xe2, 0x1a, 0xe6, 0x12,
  0x03, 0x01, 0xe1, 0xc7, 0xf2, 0xf8, 0xf8, 0xe3, 0xeb, 0x3f, 0x25, 0x0a,
  0xfc, 0x17, 0x2e, 0xe8, 0xd1, 0xfb, 0xd1, 0xf0, 0x7f, 0x2c, 0x26, 0x07,
  0xbd, 0xd2, 0x1c, 0xff, 0xf0, 0xb0, 0x1c, 0xef, 0xfe, 0xeb, 0x20, 0x01,
  0x2d, 0xff, 0xda, 0xd8, 0xe9, 0x0f, 0x25, 0xe0, 0x1b, 0xde, 0xe1, 0x3e,
  0xda, 0xf9, 0x1b, 0xeb, 0xfd, 0x0e, 0x20, 0x63, 0x19, 0x30, 0xeb, 0x1a,
  0x1d, 0xc4, 0xc8, 0x2c, 0x24, 0xe7, 0x5b, 0x10, 0xef, 0xd4, 0xfc, 0xfd,
  0x25, 0x19, 0xf3, 0xf3, 0xf0, 0x17, 0x04, 0x05, 0xf4, 0x0c, 0x4a, 0xff,
  0x1e, 0x24, 0x29, 0x03, 0x07, 0xed, 0xf2, 0x37, 0xd9, 0x00, 0x1f, 0xd5,
  0xd9, 0x8c, 0xb6, 0x52, 0x1e, 0x09, 0x26, 0xec, 0x2a, 0x52, 0x26, 0xd0,
  0x7f, 0x4a, 0x03, 0x51, 0xb6, 0xf6, 0xec, 0x4c, 0x34, 0xc7, 0x22, 0x04,
  0xe0, 0x0f, 0x24, 0xf5, 0xce, 0xfa, 0xaf, 0xdb, 0xfc, 0x01, 0xc6, 0xce,
  0xc0, 0x19, 0x0f, 0x0b, 0xf1, 0x26, 0x0f, 0x2f, 0x07, 0x0e, 0x11, 0xfa,
  0xf2, 0xbf, 0xe2, 0xdf, 0xb5, 0x7e, 0x4d, 0xf3, 0x5a, 0xca, 0xeb, 0xe0,
  0x56, 0xe4, 0x3a, 0x09, 0xd3, 0xbe, 0xed, 0xfb, 0xf4, 0x02, 0xa9, 0x3c,
  0xb9, 0xa7, 0x09, 0xe3, 0x39, 0xa6, 0xdd, 0x75, 0xba, 0x2d, 0xee, 0x0d,
  0x48, 0xf4, 0xf5, 0xbb, 0x04, 0x7f, 0xf9, 0xfb, 0xc4, 0xff, 0xf1, 0xc1,
  0x66, 0xc9, 0x11, 0x26, 0xed, 0x07, 0xd6, 0x3a, 0x3c, 0x1b, 0xee, 0xc2,
  0xdd, 0xeb, 0xad, 0xdb, 0xcc, 0xf8, 0x34, 0x55, 0x08, 0xb5, 0xfb, 0x95,
  0xb6, 0x1f, 0x08, 0x1c, 0x20, 0x36, 0xf5, 0x29, 0xc4, 0x03, 0x3e, 0x5b,
  0xaa, 0x5e, 0x3e, 0x14, 0xd4, 0x6b, 0xfb, 0xd5, 0xec, 0x7f, 0x2d, 0xe4,
  0xeb, 0xe1, 0x18, 0xec, 0x17, 0xb4, 0xe7, 0xde, 0x07, 0xf9, 0xe7, 0x0b,
  0x25, 0xcc, 0x23, 0x1a, 0x1d, 0x31, 0x5f, 0xef, 0xc6, 0xe8, 0x6a, 0x50,
  0x0d, 0xbb, 0x15, 0x02, 0xfd, 0x04, 0x23, 0x68, 0x04, 0xb1, 0xea, 0xdf,
  0xd7, 0x13, 0xcc, 0x2e, 0x5a, 0xf0, 0xf5, 0xef, 0x4a, 0xbb, 0x3b, 0x70,
  0xf7, 0xe2, 0xe5, 0xe6, 0xce, 0xbc, 0xbc, 0x37, 0xf6, 0xb3, 0xb9, 0xe2,
  0x0a, 0xaf, 0x02, 0x51, 0x24, 0x52, 0x0e, 0xfb, 0x1e, 0x21, 0xfc, 0x9d,
  0xe0, 0x1a, 0xb5, 0xfe, 0xe6, 0xcf, 0x11, 0x81, 0x66, 0xa2, 0xdc, 0x03,
  0x36, 0x30, 0xb7, 0xf8, 0x1c, 0x13, 0x05, 0x03, 0x03, 0x17, 0xb6, 0xfc,
  0x5b, 0xd5, 0xef, 0xd9, 0x45, 0x01, 0xe9, 0x0c, 0x02, 0x28, 0x3e, 0xf1,
  0x1c, 0xdb, 0xf3, 0x02, 0xf2, 0xd2, 0x7f, 0xef, 0x2c, 0x08, 0xba, 0xfb,
  0x43, 0x19, 0x0d, 0x25, 0xd4, 0x1c, 0xdf, 0x44, 0x21, 0xbc, 0x29, 0xe7,
  0xc3, 0xc0, 0xb8, 0x74, 0xf0, 0xd5, 0x4e, 0xc4, 0x42, 0x11, 0xc9, 0x25,
  0xd7, 0xdc, 0xc6, 0x1c, 0x20, 0xdc, 0x56, 0x19, 0xe9, 0x27, 0x1e, 0x31,
  0xc9, 0xc7, 0xea, 0xe1, 0x1b, 0x31, 0x2d, 0x4e, 0xe1, 0xda, 0xe5, 0xc7,
  0x3e, 0x13, 0x62, 0xfb, 0xcf, 0x38, 0x2d, 0xfd, 0x0e, 0x15, 0x36, 0xff,
  0xe4, 0xb5, 0xfa, 0xfe, 0xcd, 0x22, 0x04, 0xe4, 0xdc, 0x3e, 0x03, 0xf5,
  0x1b, 0xef, 0x06, 0x7f, 0xe8, 0xf4, 0xcc, 0x3a, 0x0f, 0x1d, 0x0e, 0xe1,
  0x23, 0x41, 0xf2, 0x4c, 0xd3, 0xef, 0x0f, 0x0f, 0x21, 0x2c, 0x27, 0xf0,
  0x06, 0x2c, 0x50, 0xbb, 0xff, 0xd6, 0x05, 0xe4, 0xf7, 0xfc, 0xe4, 0xbe,
  0xe3, 0x3e, 0x0e, 0x29, 0x65, 0x26, 0x24, 0x04, 0x01, 0xd9, 0x7f, 0xf7,
  0x2c, 0xfe, 0x2b, 0xfa, 0x28, 0xb9, 0xbd, 0x04, 0xe3, 0x1d, 0x3c, 0x32,
  0xd3, 0xfa, 0xef, 0x7d, 0x2b, 0x38, 0x6c, 0xba, 0xcd, 0xe2, 0xdc, 0x05,
  0x12, 0x36, 0x49, 0xb8, 0x2a, 0x40, 0x21, 0xea, 0x29, 0xd5, 0x0c, 0x27,
  0xfe, 0xe5, 0x1b, 0x3d, 0x12, 0xc2, 0xea, 0x30, 0x31, 0xf2, 0x16, 0xe5,
  0xeb, 0x09, 0xe7, 0x2f, 0xc3, 0x48, 0x1a, 0xe4, 0x43, 0x5a, 0x35, 0x0e,
  0x3d, 0xa7, 0x11, 0xfb, 0x16, 0x06, 0x34, 0xe2, 0x74, 0x15, 0xeb, 0x2b,
  0xfb, 0x72, 0x26, 0x4c, 0xa3, 0x17, 0x46, 0x37, 0x1d, 0xdb, 0x27, 0x50,
  0xd4, 0xaf, 0xe0, 0x0c, 0xa1, 0x71, 0x2e, 0x4e, 0x69, 0x6d, 0xe6, 0xf8,
  0x1e, 0xeb, 0x18, 0x6c, 0xc8, 0xd6, 0x49, 0x19, 0xe3, 0x0e, 0x7f, 0x04,
  0xec, 0x14, 0xf0, 0x8c, 0xfc, 0xcb, 0x3e, 0x2d, 0xfe, 0xdd, 0x2a, 0x8f,
  0xb5, 0x4a, 0xfb, 0xb5, 0xac, 0xef, 0xe7, 0x34, 0x27, 0xd7, 0xbd, 0x7f,
  0xd2, 0x08, 0x62, 0xe9, 0xe4, 0x6c, 0xb8, 0xad, 0xe0, 0x5a, 0xdb, 0xde,
  0x0a, 0xce, 0xcc, 0x1f, 0x6b, 0x31, 0x62, 0xbe, 0x18, 0xe0, 0x91, 0x16,
  0xfc, 0xb5, 0x37, 0xcd, 0x6a, 0xf2, 0xff, 0xc6, 0x02, 0x4b, 0xdf, 0x55,
  0x6c, 0xcc, 0x08, 0x59, 0x34, 0xd1, 0xc2, 0x71, 0x11, 0x92, 0xaa, 0xb0,
  0x65, 0x5b, 0x09, 0xd9, 0xa6, 0xa6, 0xf2, 0xf2, 0x15, 0xca, 0x03, 0x0a,
  0xb6, 0xa8, 0xf1, 0x17, 0xfb, 0x1f, 0xd3, 0xfd, 0xf9, 0xe8, 0xf1, 0x10,
  0x65, 0xe5, 0x07, 0x7f, 0x15, 0x42, 0xdc, 0xad, 0x41, 0xf9, 0x17, 0xea,
  0xc3, 0x55, 0x0f, 0xe2, 0x0e, 0xd8, 0xd0, 0x14, 0x4c, 0x05, 0xe5, 0xd8,
  0xcd, 0x15, 0xfa, 0x0b, 0x09, 0x30, 0x1a, 0xbe, 0xb1, 0x43, 0xca, 0x00,
  0x51, 0x1c, 0x2a, 0x7b, 0x17, 0xf9, 0xce, 0x14, 0x02, 0xca, 0xec, 0x03,
  0x12, 0xdd, 0x1f, 0x06, 0x95, 0x63, 0x0e, 0x03, 0x0e, 0x0f, 0xd1, 0x35,
  0x29, 0xc5, 0x24, 0x1f, 0xf3, 0xc2, 0xeb, 0xe8, 0xca, 0xd7, 0xb2, 0x37,
  0xf7, 0xeb, 0x09, 0x4b, 0xe5, 0x39, 0x12, 0xe5, 0x30, 0x1d, 0x01, 0x4f,
  0x04, 0xe5, 0xc5, 0xf2, 0xee, 0x17, 0x3c, 0xf7, 0xf2, 0x6e, 0xc5, 0xca,
  0xd2, 0x06, 0x1b, 0xf8, 0x02, 0xe8, 0x16, 0x7f, 0x00, 0x2d, 0xe8, 0x28,
  0xb7, 0xf6, 0xdc, 0x7f, 0x21, 0xf0, 0xe8, 0x19, 0x97, 0xf5, 0x01, 0x5a,
  0xfb, 0x63, 0x17, 0xe3, 0x2b, 0x51, 0xcd, 0xdc, 0x3c, 0x7e, 0x10, 0x04,
  0xe2, 0x05, 0x1f, 0xd8, 0x2e, 0xe4, 0x30, 0xee, 0xee, 0xdb, 0x14, 0x1e,
  0xe9, 0xe5, 0x0b, 0xcc, 0x20, 0xe5, 0xa0, 0x8b, 0xf3, 0xe0, 0x40, 0x11,
  0xd5, 0x02, 0xf6, 0x09, 0xd8, 0x22, 0xc2, 0xe9, 0x28, 0xd8, 0xf1, 0x33,
  0xe2, 0x4e, 0x2c, 0x30, 0x5d, 0xcc, 0xe9, 0xcf, 0xe5, 0xdb, 0x08, 0x0a,
  0x0f, 0xfb, 0x00, 0xd3, 0x04, 0x03, 0xbe, 0x55, 0xcc, 0x2a, 0x09, 0x05,
  0xd6, 0xd0, 0xe2, 0x55, 0x2d, 0x22, 0x2b, 0xf1, 0xef, 0xdc, 0xe2, 0xd8,
  0x16, 0x0b, 0x22, 0xe1, 0x06, 0xfb, 0xd0, 0x07, 0x29, 0xa0, 0x02, 0x28,
  0x11, 0xb9, 0xe8, 0x21, 0xe9, 0x14, 0xde, 0xc1, 0xe4, 0xd5, 0xf1, 0xe4,
  0x26, 0x0b, 0x61, 0x7f, 0x30, 0xb6, 0x2a, 0x09, 0xe4, 0x24, 0x4b, 0xa5,
  0x06, 0x00, 0x41, 0x5a, 0xe8, 0x52, 0xed, 0xde, 0xb6, 0xcf, 0x30, 0xe6,
  0xed, 0xca, 0x8f, 0x10, 0xd2, 0xd8, 0x10, 0xe4, 0x39, 0xd1, 0xdf, 0x25,
  0xeb, 0x6b, 0x12, 0xbb, 0xeb, 0xca, 0xfe, 0x15, 0x11, 0xcf, 0x17, 0x37,
  0x77, 0xe2, 0x3c, 0x60, 0x19, 0x4b, 0xea, 0xfa, 0x5e, 0xda, 0xd3, 0xfe,
  0x5d, 0x3c, 0xd2, 0x2d, 0x48, 0xb5, 0xca, 0x81, 0x4c, 0x00, 0x15, 0x07,
  0x1c, 0x58, 0x28, 0xf9, 0x24, 0xee, 0x20, 0xf9, 0xd0, 0xc9, 0x45, 0xed,
  0x21, 0xe7, 0xe0, 0xe0, 0xf8, 0x06, 0x5b, 0xf2, 0x1a, 0x03, 0xeb, 0x66,
  0x1d, 0xc8, 0xe9, 0xfc, 0xb4, 0xb9, 0xd0, 0x7f, 0x20, 0x4a, 0x45, 0xcc,
  0xf2, 0xd8, 0xce, 0x1b, 0xfe, 0xe7, 0xe8, 0x32, 0x59, 0x3f, 0x1b, 0x0a,
  0xf0, 0x4b, 0x3d, 0xf4, 0xd2, 0xea, 0xf8, 0xc1, 0xf2, 0xbb, 0x58, 0xe5,
  0x05, 0xc0, 0xcc, 0x3b, 0x06, 0x0a, 0xcb, 0x01, 0x09, 0xb9, 0x08, 0x4b,
  0xe2, 0x1c, 0xd3, 0xce, 0xc2, 0x15, 0xd5, 0x03, 0x19, 0xd9, 0xd6, 0xfa,
  0xca, 0xc6, 0xb5, 0xf0, 0x01, 0x0f, 0xdd, 0x03, 0xf4, 0x7f, 0xef, 0xa8,
  0xdb, 0x2e, 0xdd, 0x26, 0xcf, 0xfd, 0xb6, 0xf7, 0x31, 0xe6, 0xed, 0xe2,
  0x3b, 0x09, 0xa7, 0xbf, 0x01, 0x60, 0xf2, 0x18, 0xee, 0x36, 0x32, 0x31,
  0x41, 0xee, 0x21, 0x6c, 0x7f, 0xe9, 0xfd, 0x20, 0xd4, 0xce, 0x29, 0xe1,
  0xdc, 0xc1, 0x2b, 0x3b, 0xc6, 0x0a, 0xf0, 0xc4, 0xe8, 0xfd, 0x06, 0xfc,
  0x1e, 0xc4, 0xc3, 0xd2, 0x43, 0xee, 0xfd, 0x5f, 0x09, 0xd7, 0xfa, 0xe3,
  0xf6, 0xfb, 0x0f, 0x37, 0x21, 0x4e, 0x0b, 0x50, 0x28, 0xaa, 0xf6, 0x44,
  0xee, 0x28, 0x28, 0x1f, 0x3a, 0x2e, 0xc9, 0xfb, 0x2e, 0xf9, 0xfe, 0x03,
  0x09, 0x37, 0x2a, 0x16, 0x57, 0xe2, 0x0e, 0xd0, 0xfa, 0xf4, 0xd1, 0xb8,
  0xbc, 0x04, 0x10, 0x16, 0xe0, 0x30, 0xe5, 0xe2, 0xa7, 0x13, 0x44, 0x52,
  0xee, 0x5d, 0x32, 0x1b, 0x06, 0x24, 0x09, 0x25, 0x2d, 0x68, 0xeb, 0xff,
  0xf0, 0xc4, 0xeb, 0xdb, 0xe2, 0xd8, 0xf3, 0x26, 0xaa, 0xfe, 0xfe, 0xea,
  0xfe, 0xf0, 0x02, 0x19, 0x40, 0x3f, 0x19, 0xc1, 0xcd, 0xdd, 0x11, 0x21,
  0xdd, 0x24, 0x1e, 0x3c, 0xb1, 0x37, 0x2f, 0x34, 0x06, 0x22, 0x81, 0x45,
  0xbf, 0x62, 0x01, 0x55, 0x07, 0x42, 0xf7, 0x35, 0x7b, 0x0a, 0x14, 0x34,
  0xc1, 0xee, 0xfc, 0x29, 0x09, 0x2c, 0xc4, 0x15, 0x0e, 0x62, 0x12, 0xd8,
  0x82, 0x5a, 0x53, 0x21, 0x0c, 0x19, 0x6b, 0xbb, 0x44, 0xd8, 0x23, 0xfe,
  0xdb, 0x08, 0x62, 0xd8, 0xcc, 0x3b, 0xde, 0xda, 0xa0, 0x0c, 0x92, 0x55,
  0xc7, 0x43, 0x30, 0x7f, 0xdc, 0xcd, 0x4b, 0x07, 0x24, 0xf2, 0x1e, 0xb9,
  0x1f, 0xff, 0x1a, 0xb2, 0x20, 0xe3, 0xe2, 0x02, 0xe0, 0xff, 0xe7, 0x7f,
  0xb8, 0xdd, 0x0f, 0x0e, 0x16, 0xfc, 0xec, 0x1e, 0xf7, 0x28, 0x15, 0xd4,
  0x3c, 0x45, 0x17, 0x98, 0xd3, 0x4d, 0x22, 0xd4, 0xec, 0xff, 0x11, 0x31,
  0x27, 0x3b, 0x32, 0xf5, 0x27, 0xef, 0xf4, 0x0e, 0x05, 0x01, 0x09, 0xdd,
  0x02, 0xd6, 0xb5, 0xcb, 0x14, 0x26, 0xfa, 0xef, 0xf6, 0x17, 0xfb, 0x04,
  0x10, 0x12, 0x10, 0xf6, 0xdc, 0xd8, 0xf2, 0xea, 0x30, 0xe8, 0x33, 0x2f,
  0x0a, 0xe3, 0x07, 0xd9, 0x12, 0xd2, 0x57, 0x38, 0x23, 0xb9, 0xd2, 0x0a,
  0xea, 0xd0, 0xfb, 0xcf, 0xda, 0xed, 0xc1, 0x0f, 0x2d, 0xc3, 0xee, 0x2e,
  0xe8, 0x3f, 0x0f, 0xcb, 0x00, 0x4e, 0x2f, 0x05, 0x01, 0x12, 0xf4, 0xc2,
  0xde, 0xcc, 0xd8, 0xf7, 0x7c, 0xda, 0x22, 0x0a, 0xf1, 0x0d, 0x00, 0x37,
  0x7f, 0xd9, 0xdc, 0x28, 0x35, 0x0d, 0xec, 0x58, 0xf5, 0xdb, 0x1b, 0x07,
  0xf8, 0xaf, 0xd1, 0x41, 0xba, 0xf8, 0x0c, 0xf5, 0x03, 0xc6, 0x11, 0x4a,
  0xac, 0x18, 0x19, 0xf9, 0xb4, 0x29, 0xae, 0x36, 0x0d, 0xb4, 0xce, 0x1c,
  0x11, 0xf6, 0xfe, 0x31, 0x55, 0x0e, 0xf2, 0x81, 0x01, 0xe9, 0x06, 0xd1,
  0xc3, 0xef, 0xbc, 0x0e, 0x11, 0xec, 0x0d, 0x02, 0x4d, 0xfe, 0x1c, 0x1c,
  0x14, 0x53, 0x0a, 0x34, 0x10, 0x0e, 0x04, 0xfd, 0xca, 0x19, 0xf6, 0x26,
  0x73, 0x0e, 0xf1, 0x27, 0xf5, 0xcf, 0x18, 0xc9, 0xd9, 0x22, 0x38, 0xb2,
  0xab, 0x25, 0xfa, 0xd5, 0x35, 0x3f, 0xd1, 0x4c, 0xe3, 0x33, 0x11, 0x29,
  0xc6, 0x41, 0xbf, 0xfe, 0xf1, 0x3e, 0xca, 0xe7, 0xc2, 0x95, 0xb1, 0x77,
  0xee, 0x25, 0xe1, 0xe9, 0xef, 0xb8, 0xfb, 0xc9, 0xca, 0xc4, 0xec, 0x48,
  0x7f, 0xf7, 0x21, 0xc2, 0xcb, 0xa4, 0x22, 0x25, 0x09, 0x38, 0xe2, 0x4f,
  0x08, 0x16, 0x0c, 0x70, 0xf4, 0xfb, 0x8b, 0xb8, 0xd0, 0x04, 0xd4, 0x01,
  0xe7, 0xd7, 0xbc, 0x2f, 0x21, 0xe4, 0x00, 0x15, 0xc7, 0xee, 0xde, 0x61,
  0xe0, 0x32, 0xed, 0x25, 0xde, 0x3b, 0x9f, 0xd6, 0x05, 0x16, 0xf8, 0x1f,
  0xb9, 0x20, 0x10, 0x9c, 0x65, 0x04, 0x7f, 0xe1, 0xcc, 0xdb, 0xc5, 0x1f,
  0xfb, 0xcc, 0xec, 0xa8, 0x79, 0xaa, 0xc5, 0xb5, 0x05, 0xdb, 0xf2, 0x48,
  0x14, 0x03, 0xfa, 0xfc, 0xc5, 0x3c, 0xdf, 0x3a, 0x31, 0xe5, 0xe7, 0x65,
  0x2a, 0x0e, 0x61, 0xfd, 0x43, 0x12, 0x39, 0x81, 0x63, 0x67, 0x65, 0x12,
  0xd6, 0x23, 0x1c, 0x19, 0x16, 0x0c, 0xda, 0xd1, 0xb0, 0xeb, 0x2c, 0x11,
  0x42, 0x05, 0xea, 0x0b, 0xc5, 0xf0, 0xb0, 0x11, 0xf9, 0x28, 0x08, 0x19,
  0xb0, 0x1c, 0xf3, 0xaf, 0xc1, 0xc7, 0xd3, 0x49, 0x42, 0xf2, 0x18, 0xf0,
  0xae, 0x3f, 0x2d, 0x50, 0x42, 0xcd, 0xd9, 0x48, 0x7d, 0x2d, 0xae, 0x53,
  0xd5, 0x08, 0xdf, 0xda, 0xd2, 0x78, 0x3e, 0x09, 0x5f, 0xe4, 0xec, 0xed,
  0x3b, 0xeb, 0xf1, 0x0c, 0x06, 0xc1, 0xf3, 0x58, 0x4f, 0xff, 0xee, 0x0c,
  0x1d, 0x4b, 0xda, 0x09, 0xc5, 0x4d, 0xc7, 0x42, 0x95, 0x2a, 0x31, 0x13,
  0x2d, 0x1b, 0x21, 0xf7, 0xb9, 0x23, 0x2a, 0xb8, 0xc9, 0x28, 0x3e, 0x8a,
  0xfa, 0x85, 0xfb, 0x2e, 0xd7, 0xf1, 0xe2, 0x7f, 0x04, 0xad, 0x0b, 0xd7,
  0xdd, 0x08, 0x09, 0xd7, 0xe4, 0xe6, 0xe5, 0xdc, 0xb2, 0x43, 0xd0, 0x1b,
  0x02, 0xdd, 0xfb, 0x7b, 0x28, 0xaf, 0xd7, 0x2c, 0x13, 0xef, 0xe2, 0x2e,
  0x01, 0x13, 0xf3, 0xea, 0x11, 0x7f, 0x23, 0xf3, 0xad, 0x57, 0x07, 0xbd,
  0xbf, 0x09, 0x2f, 0x35, 0x04, 0x03, 0x1f, 0xcc, 0x16, 0xcd, 0x03, 0x2c,
  0xe9, 0x2f, 0xf5, 0x08, 0x3c, 0xe4, 0xc0, 0xcf, 0xec, 0xc5, 0x1c, 0xf5,
  0xd6, 0x3c, 0x05, 0x07, 0xe8, 0x12, 0x01, 0xe2, 0x13, 0xd4, 0x20, 0x44,
  0xd4, 0x3f, 0x08, 0xcb, 0x7b, 0x08, 0xef, 0x03, 0x21, 0xda, 0x7f, 0x01,
  0xe4, 0xee, 0x05, 0xd9, 0xd5, 0xc7, 0xcd, 0xfb, 0xeb, 0xdd, 0x06, 0xc9,
  0x46, 0xb1, 0xfa, 0x7e, 0x17, 0x41, 0x27, 0x49, 0xf2, 0xbd, 0x26, 0x24,
  0xe4, 0x39, 0xe8, 0x52, 0x18, 0xb6, 0x26, 0xd0, 0xef, 0x87, 0x09, 0x57,
  0x4a, 0x3e, 0xd7, 0x0d, 0x14, 0x1d, 0x0b, 0x46, 0x09, 0xdb, 0xa7, 0xcb,
  0xac, 0xb1, 0xcc, 0x14, 0xed, 0x17, 0xe6, 0xbf, 0xac, 0x1f, 0xf7, 0x39,
  0xfd, 0x2d, 0xf6, 0x09, 0xc3, 0xe6, 0x20, 0x7f, 0xde, 0x25, 0x47, 0xe6,
  0x08, 0x77, 0xd3, 0xa9, 0x16, 0x58, 0x02, 0xd1, 0xea, 0xf5, 0x27, 0xc0,
  0x64, 0xed, 0x5b, 0xeb, 0xfc, 0xd2, 0xd3, 0x0d, 0xe6, 0xcb, 0x0f, 0xd4,
  0x31, 0x06, 0xe1, 0xc5, 0xc6, 0x11, 0x43, 0x3d, 0xf5, 0x11, 0xf7, 0x11,
  0xe1, 0x1c, 0x0f, 0x19, 0x49, 0xcf, 0xe6, 0x1e, 0x03, 0x1b, 0xc2, 0x5c,
  0x07, 0x13, 0xde, 0xe5, 0x30, 0xb9, 0x0e, 0x7c, 0x10, 0x2b, 0x03, 0xc2,
  0xa3, 0xeb, 0xdf, 0x14, 0xf9, 0x81, 0x98, 0xe2, 0xd9, 0xd4, 0xbc, 0x10,
  0xf5, 0x3f, 0xe9, 0xce, 0x05, 0x64, 0x15, 0xc9, 0xdc, 0x5f, 0x97, 0x2f,
  0xcb, 0xf4, 0xf1, 0x96, 0x15, 0xc4, 0xdf, 0x16, 0x55, 0x03, 0x8f, 0xd3,
  0x49, 0x23, 0xeb, 0xf2, 0x20, 0x20, 0xfa, 0x2a, 0x5d, 0xe6, 0xeb, 0xec,
  0x15, 0xe0, 0xcb, 0x1c, 0x18, 0x23, 0x1b, 0x1f, 0xb5, 0xc6, 0x09, 0x4b,
  0xc0, 0x64, 0xf1, 0x9f, 0xc6, 0xcf, 0xde, 0xe9, 0x1f, 0xde, 0xe0, 0xf7,
  0x05, 0xef, 0x04, 0x5c, 0x27, 0x64, 0x09, 0x23, 0xea, 0x2f, 0xf3, 0x25,
  0xda, 0x29, 0x16, 0x7f, 0x40, 0xe8, 0xba, 0x16, 0xf0, 0xa3, 0x24, 0x42,
  0x63, 0x49, 0xbc, 0x96, 0x39, 0x4f, 0xec, 0xe6, 0x24, 0x34, 0x02, 0xcd,
  0xde, 0xd0, 0xd7, 0xc4, 0xf1, 0x48, 0xe5, 0x0c, 0x91, 0x0c, 0x40, 0xab,
  0x0a, 0xd2, 0x2c, 0x0d, 0xeb, 0x12, 0x32, 0x05, 0x00, 0xf5, 0x0f, 0x07,
  0xd1, 0xef, 0x00, 0xce, 0xe7, 0xec, 0x56, 0x46, 0xcc, 0x0b, 0xc9, 0xdd,
  0x2e, 0x1c, 0x10, 0x22, 0xdf, 0xf8, 0xed, 0x2c, 0x52, 0xb1, 0xa4, 0x7f,
  0x11, 0x2e, 0x79, 0xe0, 0xea, 0x39, 0x7e, 0x51, 0x34, 0x09, 0xd1, 0x04,
  0x57, 0x5d, 0xdd, 0x4d, 0x02, 0x21, 0x05, 0x17, 0x29, 0x3c, 0x06, 0x13,
  0x40, 0xb6, 0xe5, 0xfb, 0x33, 0xed, 0xf9, 0x01, 0xdf, 0x39, 0xc9, 0xdf,
  0xd9, 0x25, 0xc5, 0x2e, 0x05, 0xe0, 0x21, 0x0d, 0x3a, 0xa8, 0xe8, 0x28,
  0xec, 0xf8, 0x9b, 0x7f, 0xea, 0xea, 0xe7, 0xbe, 0x0d, 0x54, 0xf8, 0x0a,
  0xe6, 0x14, 0xd2, 0x38, 0x2a, 0xf5, 0x9e, 0xf5, 0xed, 0xe4, 0xe3, 0xc7,
  0xec, 0x73, 0xe0, 0xfc, 0xd4, 0x25, 0xf3, 0xf1, 0xee, 0xeb, 0x43, 0x7d,
  0x7f, 0x3a, 0x3e, 0xfb, 0x8e, 0x0a, 0xa3, 0x45, 0x1e, 0xe6, 0xe8, 0x4b,
  0xfb, 0xa7, 0xe9, 0x37, 0xe8, 0x2a, 0x3e, 0xe8, 0xf6, 0x57, 0xb3, 0x90,
  0x39, 0x6b, 0x20, 0x2f, 0xd5, 0xf1, 0x0b, 0xfb, 0x68, 0xe5, 0x73, 0x2c,
  0xc3, 0x4d, 0xe9, 0x71, 0xba, 0xe4, 0xc5, 0xc0, 0xcb, 0xfd, 0xc6, 0xf1,
  0x33, 0xfc, 0x1f, 0x02, 0x15, 0xe0, 0x21, 0x0b, 0xf8, 0x49, 0xc8, 0xeb,
  0x47, 0x08, 0x10, 0xc5, 0x07, 0xcf, 0xf6, 0x67, 0x26, 0xaa, 0x06, 0xcd,
  0x1f, 0xc8, 0xf7, 0x71, 0xa0, 0x30, 0x23, 0x84, 0xb3, 0xd1, 0x19, 0x4c,
  0xef, 0x81, 0x15, 0x63, 0xd7, 0xb6, 0x99, 0x2d, 0x2a, 0x01, 0xc8, 0x1b,
  0xcd, 0x3a, 0xb5, 0x0a, 0xe5, 0xe0, 0x3a, 0xe7, 0x1d, 0x50, 0xc9, 0x2b,
  0x55, 0xb5, 0xff, 0x68, 0x75, 0x41, 0xdc, 0xbd, 0x31, 0x39, 0xdc, 0xdf,
  0xcb, 0xe8, 0xf5, 0x35, 0x04, 0x32, 0x58, 0x5d, 0x0f, 0xfa, 0xc1, 0x33,
  0x05, 0xd4, 0xf5, 0x41, 0x0b, 0xd6, 0xfd, 0x17, 0xd7, 0xfb, 0xb0, 0x00,
  0xd0, 0x48, 0x17, 0xee, 0x23, 0x0f, 0x18, 0xe0, 0x14, 0x17, 0xdf, 0xf2,
  0xdf, 0x05, 0xe2, 0x6b, 0xfc, 0x37, 0x13, 0xaa, 0x12, 0x31, 0x05, 0x3e,
  0x0b, 0xf7, 0xae, 0x1a, 0x0a, 0xcd, 0xaa, 0x81, 0x2e, 0xc9, 0xde, 0xdd,
  0xf7, 0x62, 0xf9, 0x14, 0xe0, 0x0c, 0x4f, 0xf0, 0xf9, 0xdc, 0x1e, 0x5a,
  0xec, 0xb3, 0xa4, 0x43, 0xc4, 0xf9, 0xea, 0x33, 0xf2, 0xbb, 0xf2, 0x4b,
  0x95, 0x06, 0x15, 0x17, 0xe9, 0x25, 0xfa, 0xf7, 0x05, 0x28, 0x9f, 0xef,
  0x09, 0x2e, 0xd7, 0xdf, 0xe3, 0xdb, 0xbe, 0xb8, 0x0a, 0x14, 0x23, 0xa4,
  0xcc, 0x05, 0x01, 0x13, 0xda, 0xe5, 0xfd, 0x1e, 0x0b, 0x0e, 0x19, 0xb7,
  0xfe, 0x16, 0xfc, 0xe3, 0xef, 0x54, 0xe0, 0x36, 0xe9, 0x2a, 0x49, 0x3e,
  0x7f, 0xcc, 0xe4, 0x4d, 0x24, 0xe1, 0xb8, 0xe4, 0x01, 0x2b, 0x00, 0x33,
  0xe7, 0x17, 0xf0, 0xdc, 0x84, 0x31, 0x45, 0x5d, 0x2f, 0x35, 0xc0, 0x53,
  0x03, 0x6c, 0x49, 0x1c, 0xdb, 0x65, 0xff, 0xdf, 0xe5, 0x87, 0x11, 0x48,
  0xea, 0xa4, 0x0c, 0x47, 0xb3, 0x30, 0x29, 0xb0, 0x4a, 0x4b, 0xb7, 0x42,
  0x28, 0x45, 0xa6, 0xa1, 0xed, 0xc7, 0x60, 0x2c, 0xd1, 0x5d, 0xda, 0xf7,
  0xa9, 0xee, 0x76, 0x09, 0x19, 0x40, 0xf6, 0x7f, 0x64, 0xbe, 0xef, 0xfb,
  0xb5, 0x20, 0x0d, 0x81, 0xf4, 0xc7, 0xd0, 0x51, 0xf1, 0x2b, 0x33, 0xba,
  0xaf, 0x3f, 0xb7, 0x5a, 0x20, 0xce, 0xf2, 0xf9, 0xf3, 0xc4, 0x02, 0x02,
  0x2d, 0xf3, 0xaf, 0xc5, 0xf2, 0x29, 0x1a, 0xca, 0x9a, 0xf6, 0xc6, 0xe7,
  0x00, 0xe2, 0xaf, 0x32, 0x7d, 0xf3, 0x4c, 0x28, 0x1e, 0xfa, 0x0a, 0xc8,
  0x5f, 0x26, 0x00, 0xcb, 0xe6, 0x2c, 0xa8, 0x6a, 0x7e, 0xda, 0xf2, 0x27,
  0x08, 0xba, 0xe1, 0x75, 0xef, 0xea, 0x32, 0xae, 0xd9, 0x81, 0x0f, 0x61,
  0xf7, 0x6c, 0x06, 0xb8, 0xc7, 0x2c, 0x05, 0xe9, 0x17, 0xe7, 0x84, 0x43,
  0xed, 0xd1, 0xbb, 0xd7, 0x44, 0x22, 0xa1, 0xd2, 0xef, 0x2f, 0xe9, 0xa9,
  0xeb, 0xdd, 0xd0, 0x32, 0x1a, 0xeb, 0xdb, 0x1a, 0xf2, 0x0a, 0xf2, 0x38,
  0x0e, 0xfc, 0xd0, 0xb1, 0x21, 0x2b, 0xbd, 0xfb, 0x1c, 0x00, 0x2f, 0xff,
  0x73, 0xf7, 0xf4, 0x10, 0xc6, 0x2c, 0xe8, 0x2e, 0x70, 0x2b, 0xd2, 0xdb,
  0x2b, 0xf0, 0x15, 0x33, 0x27, 0x26, 0xac, 0xe1, 0xdb, 0xca, 0xba, 0xc5,
  0x08, 0xa9, 0x06, 0x0d, 0xdc, 0x8f, 0xd8, 0x17, 0x1a, 0x64, 0xa2, 0x6c,
  0x22, 0x3a, 0x1f, 0x81, 0xc2, 0x66, 0xd4, 0x23, 0xc1, 0x0a, 0xba, 0xed,
  0x05, 0x86, 0xc7, 0xdf, 0x19, 0xac, 0xb0, 0xec, 0x16, 0x7d, 0x01, 0xdc,
  0x05, 0x32, 0x52, 0xce, 0xfe, 0xf4, 0x42, 0x7d, 0xbe, 0xdc, 0x33, 0xeb,
  0x3f, 0x5e, 0x71, 0x98, 0x5c, 0x3e, 0x55, 0xff, 0x1a, 0xe2, 0x3b, 0x25,
  0xee, 0xcb, 0x2c, 0xed, 0xbb, 0x47, 0x20, 0xdc, 0xe0, 0x4a, 0xcf, 0x1b,
  0xb5, 0xcd, 0x2b, 0x59, 0xd3, 0xe8, 0xf0, 0x10, 0xf6, 0x99, 0x7f, 0x01,
  0xda, 0x0a, 0x38, 0x29, 0x25, 0x20, 0x13, 0x33, 0xfd, 0x04, 0x34, 0x40,
  0x2a, 0xd8, 0x3f, 0x3d, 0x32, 0xc9, 0x1e, 0x52, 0xc4, 0xfe, 0xbe, 0xc5,
  0xdb, 0x37, 0xc9, 0x24, 0x23, 0xe2, 0xd5, 0xf7, 0x29, 0xc7, 0x06, 0x2e,
  0xc2, 0x0d, 0xf3, 0xea, 0xdf, 0xee, 0xcf, 0xd1, 0x07, 0xf6, 0xcf, 0xe7,
  0x31, 0xc8, 0xe7, 0x01, 0xcf, 0x67, 0xc7, 0x16, 0x3c, 0x5d, 0x3b, 0xb2,
  0xcc, 0x1c, 0xec, 0x19, 0xd1, 0x0a, 0x02, 0xd1, 0x02, 0xb2, 0xc8, 0xea,
  0xe8, 0x15, 0xa6, 0xef, 0x0d, 0x61, 0xfe, 0xbb, 0xe5, 0x48, 0x32, 0xf7,
  0x3a, 0x02, 0x3d, 0x7f, 0xe8, 0x06, 0x3d, 0xeb, 0x10, 0x12, 0x0e, 0x9a,
  0xe6, 0x45, 0x11, 0x38, 0x08, 0x15, 0x1c, 0xee, 0xfc, 0xdb, 0xdc, 0x0b,
  0xb8, 0x0d, 0x04, 0x3b, 0x12, 0xa8, 0xc6, 0xff, 0x26, 0x18, 0xc3, 0x05,
  0xf7, 0xd6, 0xd8, 0x08, 0xc0, 0x0b, 0x00, 0xe0, 0xe7, 0xde, 0xe7, 0x36,
  0x44, 0xfd, 0x32, 0xf2, 0xbb, 0xc2, 0x19, 0x76, 0x4f, 0xff, 0xcb, 0x38,
  0x44, 0x17, 0xb8, 0x7f, 0xf5, 0x05, 0xe5, 0x04, 0x27, 0xf4, 0x3e, 0xd0,
  0xac, 0xfb, 0x1c, 0x2b, 0xf8, 0x30, 0x10, 0xf2, 0x1b, 0xb0, 0x1b, 0x53,
  0xfb, 0x68, 0x3d, 0xdb, 0xad, 0x7f, 0xe9, 0x0d, 0x24, 0x6d, 0xe3, 0x57,
  0xcd, 0xac, 0xcc, 0x23, 0xec, 0xe1, 0x10, 0xfa, 0xc8, 0xb1, 0xee, 0x16,
  0x0a, 0xf3, 0xab, 0x19, 0x55, 0x70, 0x30, 0xbb, 0xaf, 0xdd, 0x2d, 0x25,
  0xf9, 0x0c, 0x13, 0xc8, 0xdd, 0x1a, 0x51, 0x45, 0xe1, 0xc9, 0xf1, 0xf9,
  0xd3, 0xd8, 0xc2, 0xd5, 0x38, 0xf2, 0x34, 0x0e, 0xdd, 0xe2, 0xf1, 0xea,
  0x3d, 0x20, 0x26, 0xfe, 0xd0, 0x20, 0x06, 0x21, 0xf7, 0x20, 0xe8, 0x4b,
  0xa2, 0x3d, 0x9f, 0xdd, 0xed, 0xa2, 0xf6, 0x7f, 0xe7, 0xf3, 0xfb, 0xac,
  0xba, 0xf5, 0xfc, 0x05, 0x0a, 0x11, 0x1c, 0x62, 0x3f, 0x1b, 0xac, 0xac,
  0xe7, 0xb9, 0x45, 0x07, 0xfe, 0x39, 0x01, 0xc2, 0xa7, 0x36, 0x7e, 0x06,
  0xd6, 0x0a, 0x19, 0x4f, 0xee, 0x02, 0xb3, 0x42, 0xdd, 0x05, 0xd2, 0xe4,
  0x42, 0xd2, 0xe1, 0x3b, 0x81, 0x0b, 0x10, 0xf4, 0xae, 0x19, 0xd2, 0x5a,
  0xee, 0xf3, 0xd4, 0xf4, 0xb9, 0xcc, 0xbf, 0x02, 0x3a, 0x12, 0xe7, 0x9a,
  0x41, 0x27, 0x46, 0x9b, 0xa0, 0x44, 0x95, 0xea, 0x08, 0xcd, 0xe5, 0xe6,
  0x75, 0xb8, 0x0a, 0xee, 0x01, 0x1f, 0xec, 0x1e, 0x45, 0x2b, 0xfb, 0x06,
  0xe5, 0x08, 0xb4, 0x59, 0x65, 0xef, 0xe4, 0x55, 0x10, 0x68, 0xe3, 0x43,
  0x0c, 0xf9, 0x18, 0x69, 0x38, 0xb2, 0xfa, 0x26, 0xab, 0xc7, 0x49, 0xf3,
  0x0a, 0x09, 0xef, 0x2e, 0x59, 0x56, 0x01, 0x14, 0xf1, 0x52, 0xe7, 0x07,
  0xb5, 0x24, 0x7f, 0xc9, 0x2a, 0x05, 0xde, 0xe0, 0xe5, 0xb0, 0x68, 0x35,
  0x58, 0x76, 0x26, 0xf5, 0x30, 0xe0, 0xab, 0x2f, 0x27, 0x25, 0x0c, 0xfc,
  0xd8, 0xa9, 0xfa, 0xf2, 0xf1, 0x1a, 0xa2, 0xe6, 0x40, 0x0b, 0x43, 0xc6,
  0x6e, 0xf7, 0xff, 0xff, 0x04, 0x00, 0x00, 0x00, 0x80, 0x01, 0x00, 0x00,
  0x81, 0xf9, 0xff, 0xff, 0x24, 0x0d, 0x00, 0x00, 0x6a, 0xf3, 0xff, 0xff,
  0xc2, 0x08, 0x00, 0x00, 0x54, 0xf3, 0xff, 0xff, 0x5c, 0xc5, 0xff, 0xff,
  0x2c, 0xde, 0xff, 0xff, 0x0a, 0xfa, 0xff, 0xff, 0xdd, 0x05, 0x00, 0x00,
  0x5e, 0xfe, 0xff, 0xff, 0xae, 0xf0, 0xff, 0xff, 0xcb, 0xfb, 0xff, 0xff,
  0x95, 0x07, 0x00, 0x00, 0xb4, 0x00, 0x00, 0x00, 0xfc, 0x1c, 0x00, 0x00,
  0x2e, 0x1b, 0x00, 0x00, 0xf1, 0x1f, 0x00, 0x00, 0xd3, 0x02, 0x00, 0x00,
  0x41, 0xf7, 0xff, 0xff, 0x8b, 0x09, 0x00, 0x00, 0x1f, 0xff, 0xff, 0xff,
  0x91, 0xe7, 0xff, 0xff, 0xf3, 0xe8, 0xff, 0xff, 0x7a, 0xf3, 0xff, 0xff,
  0x72, 0xe5, 0xff, 0xff, 0x4e, 0xfc, 0xff, 0xff, 0x5f, 0x01, 0x00, 0x00,
  0xc3, 0xf9, 0xff, 0xff, 0x3e, 0x0c, 0x00, 0x00, 0x4b, 0xfd, 0xff, 0xff,
  0x0c, 0x00, 0x00, 0x00, 0xe6, 0xff, 0xff, 0xff, 0x7e, 0xf6, 0xff, 0xff,
  0x8c, 0x17, 0x00, 0x00, 0xdd, 0x02, 0x00, 0x00, 0x36, 0xec, 0xff, 0xff,
  0x1f, 0x0f, 0x00, 0x00, 0x0c, 0xf5, 0xff, 0xff, 0x21, 0x05, 0x00, 0x00,
  0x88, 0xfc, 0xff, 0xff, 0xdf, 0x0a, 0x00, 0x00, 0x7d, 0xee, 0xff, 0xff,
  0x6a, 0x17, 0x00, 0x00, 0x4d, 0x25, 0x00, 0x00, 0x20, 0x11, 0x00, 0x00,
  0xfb, 0x06, 0x00, 0x00, 0x4f, 0x01, 0x00, 0x00, 0x25, 0xe1, 0xff, 0xff,
  0x9a, 0x00, 0x00, 0x00, 0xf9, 0x08, 0x00, 0x00, 0xf5, 0xf1, 0xff, 0xff,
  0x56, 0x1c, 0x00, 0x00, 0x58, 0xef, 0xff, 0xff, 0x00, 0xf9, 0xff, 0xff,
  0x39, 0xd7, 0xff, 0xff, 0xa0, 0xd1, 0xff, 0xff, 0x5a, 0x14, 0x00, 0x00,
  0x6e, 0xfb, 0xff, 0xff, 0x0e, 0x05, 0x00, 0x00, 0xd2, 0x04, 0x00, 0x00,
  0xa3, 0xf9, 0xff, 0xff, 0x4b, 0xfd, 0xff, 0xff, 0x7f, 0xe7, 0xff, 0xff,
  0x02, 0x13, 0x00, 0x00, 0x5a, 0xe5, 0xff, 0xff, 0x1c, 0xf9, 0xff, 0xff,
  0x36, 0xeb, 0xff, 0xff, 0x9e, 0x03, 0x00, 0x00, 0x5a, 0xf1, 0xff, 0xff,
  0x71, 0x07, 0x00, 0x00, 0x74, 0x0c, 0x00, 0x00, 0xce, 0x15, 0x00, 0x00,
  0x50, 0xe5, 0xff, 0xff, 0x59, 0x04, 0x00, 0x00, 0x2e, 0x03, 0x00, 0x00,
  0x51, 0x01, 0x00, 0x00, 0x71, 0xfe, 0xff, 0xff, 0x24, 0x1a, 0x00, 0x00,
  0xd8, 0xf8, 0xff, 0xff, 0x1d, 0xdc, 0xff, 0xff, 0x89, 0x02, 0x00, 0x00,
  0x92, 0xf2, 0xff, 0xff, 0xcf, 0xfc, 0xff, 0xff, 0x13, 0x08, 0x00, 0x00,
  0x3c, 0x16, 0x00, 0x00, 0xc8, 0xea, 0xff, 0xff, 0xd9, 0x08, 0x00, 0x00,
  0x23, 0x1a, 0x00, 0x00, 0x4f, 0x16, 0x00, 0x00, 0x2a, 0xdd, 0xff, 0xff,
  0xbf, 0x10, 0x00, 0x00, 0x28, 0xf8, 0xff, 0xff, 0x3b, 0xed, 0xff, 0xff,
  0x4f, 0x0e, 0x00, 0x00, 0x3e, 0x17, 0x00, 0x00, 0x6d, 0xe3, 0xff, 0xff,
  0xfa, 0xf8, 0xff, 0xff, 0x04, 0x00, 0x00, 0x00, 0x00, 0x03, 0x00, 0x00,
  0xc6, 0xe6, 0x1e, 0x13, 0xe0, 0xd0, 0xb7, 0x6c, 0x0c, 0x0f, 0x60, 0xc4,
  0xd6, 0x68, 0xb2, 0x17, 0x4c, 0x73, 0xd1, 0x58, 0x08, 0x22, 0x08, 0xca,
  0x07, 0xa3, 0x4e, 0xa8, 0x95, 0x76, 0xb6, 0x37, 0xd3, 0xa7, 0x01, 0xaa,
  0x1e, 0x66, 0xb4, 0xab, 0xf9, 0xf6, 0x35, 0x1a, 0xf8, 0xac, 0xe2, 0xfe,
  0xe2, 0xf4, 0x4e, 0xed, 0xd3, 0x14, 0xdb, 0xa3, 0x64, 0xb7, 0xb4, 0x90,
  0xd3, 0x7c, 0x15, 0xea, 0x1f, 0x2e, 0xc6, 0xc2, 0x4c, 0x1c, 0x6f, 0x03,
  0x73, 0xae, 0x9f, 0xe4, 0x1d, 0x10, 0xab, 0x39, 0xa5, 0xad, 0x15, 0xa0,
  0x25, 0x9d, 0x6a, 0x30, 0xa7, 0x67, 0xc8, 0x7f, 0x4e, 0x10, 0x35, 0x8b,
  0xd2, 0xed, 0xce, 0xd2, 0x23, 0x84, 0x23, 0x07, 0xa0, 0x4b, 0xf6, 0x0b,
  0xd8, 0xe7, 0x2e, 0x30, 0x5c, 0xf5, 0xeb, 0x4a, 0x00, 0x8b, 0xf9, 0xd3,
  0x56, 0x09, 0x12, 0x9b, 0x34, 0x24, 0xd5, 0xf4, 0xe3, 0x36, 0x53, 0x3f,
  0xfa, 0xad, 0x4c, 0x94, 0x5a, 0xf5, 0xd6, 0x59, 0xc1, 0x2e, 0xe2, 0xc6,
  0xcb, 0xeb, 0xfc, 0x57, 0x81, 0xaa, 0xd8, 0x98, 0x2d, 0x1a, 0xb9, 0x2d,
  0xff, 0x3a, 0x8d, 0x60, 0x2c, 0xc4, 0x09, 0x49, 0x02, 0x3e, 0xbb, 0x41,
  0xab, 0xe9, 0x22, 0xf8, 0x3a, 0x5e, 0x35, 0xef, 0xbe, 0x45, 0x13, 0x25,
  0x5f, 0x99, 0x4c, 0x47, 0x0e, 0xac, 0x56, 0xbc, 0xb3, 0xd3, 0x58, 0x43,
  0x0c, 0xf4, 0x5c, 0xb8, 0xc7, 0x1b, 0xeb, 0x25, 0x3c, 0x48, 0x43, 0x6e,
  0x04, 0x3d, 0x9d, 0xe8, 0xec, 0x2b, 0x4b, 0xd5, 0x55, 0xfa, 0x63, 0x69,
  0x01, 0xbc, 0x14, 0xf3, 0x68, 0xac, 0x1f, 0x9a, 0xbb, 0x33, 0x11, 0x11,
  0x3c, 0x8e, 0xcd, 0x00, 0xf1, 0xf3, 0x81, 0xba, 0xc0, 0xcc, 0xef, 0x0b,
  0x36, 0x73, 0xf5, 0x66, 0xaa, 0x96, 0x37, 0x35, 0x45, 0x3c, 0x96, 0xe2,
  0x48, 0x09, 0xd1, 0xad, 0xbd, 0xc3, 0x3f, 0xc8, 0x4e, 0xee, 0xcb, 0x49,
  0x40, 0x65, 0xdd, 0x75, 0x2b, 0x15, 0xbf, 0xf8, 0xe9, 0x30, 0xda, 0x8b,
  0x83, 0x82, 0xed, 0x8b, 0x1d, 0x2e, 0x34, 0x39, 0xf7, 0xac, 0x13, 0x27,
  0x5f, 0x5e, 0xae, 0x58, 0x5d, 0x25, 0xc4, 0xa4, 0x48, 0xb2, 0xd3, 0xd6,
  0x79, 0x1a, 0x5c, 0x28, 0xcc, 0xea, 0x39, 0xb5, 0x6c, 0x15, 0xed, 0xd3,
  0xaa, 0x45, 0x81, 0xf6, 0xfd, 0xcd, 0x51, 0xb6, 0xcd, 0x10, 0x65, 0xf1,
  0x5a, 0xd0, 0x09, 0x5b, 0xea, 0xca, 0xb6, 0xa9, 0x5e, 0x55, 0x70, 0xd9,
  0x1a, 0x17, 0x85, 0x2b, 0xd7, 0x74, 0xe8, 0x12, 0xf1, 0xb3, 0x1f, 0xbd,
  0x1f, 0x13, 0xf6, 0x42, 0xba, 0x9c, 0xb6, 0x25, 0xdc, 0x81, 0xfe, 0x9c,
  0xc2, 0x07, 0x44, 0x51, 0x9d, 0x0b, 0x4c, 0xae, 0x60, 0xa5, 0x3c, 0x60,
  0xd1, 0x15, 0xbe, 0x13, 0x75, 0x00, 0x52, 0xc3, 0xc3, 0x43, 0xa1, 0xef,
  0x66, 0x05, 0xc2, 0x13, 0x4c, 0xd1, 0xa4, 0xcd, 0xaf, 0xc8, 0xc1, 0x07,
  0xfb, 0xae, 0x6b, 0x5b, 0x23, 0xca, 0x8e, 0xea, 0xcd, 0x5f, 0x93, 0x9e,
  0xac, 0x86, 0x19, 0x6d, 0xc3, 0x93, 0xcf, 0x6c, 0xd6, 0x9a, 0xb4, 0x95,
  0x74, 0x4a, 0x9d, 0x39, 0xc9, 0x2f, 0x73, 0x77, 0x37, 0x85, 0xe6, 0xd0,
  0xb1, 0x0c, 0xd1, 0xd3, 0x3b, 0xec, 0xf3, 0x0c, 0xa6, 0x61, 0x6b, 0x1c,
  0x53, 0xb4, 0xc2, 0x63, 0xbc, 0x7f, 0xc6, 0xa9, 0xbd, 0x31, 0xf2, 0x16,
  0xb7, 0xe6, 0x5b, 0xad, 0x0b, 0xda, 0xb4, 0xdf, 0x5b, 0x87, 0x6c, 0x32,
  0x78, 0x75, 0x5c, 0x48, 0x2e, 0xb6, 0x49, 0x04, 0x0f, 0x5c, 0x3c, 0xf8,
  0x44, 0x5b, 0x25, 0x39, 0xe2, 0x2f, 0xc9, 0xce, 0x34, 0xb6, 0x8b, 0xe0,
  0x25, 0x1c, 0x03, 0x41, 0x4c, 0xbb, 0x1f, 0x1d, 0xd0, 0xf3, 0xdb, 0x43,
  0xe1, 0x7f, 0x46, 0x15, 0xf9, 0x30, 0x51, 0xfd, 0x38, 0x19, 0xd3, 0xa9,
  0xda, 0x10, 0x59, 0xc7, 0x63, 0xaa, 0xff, 0xc7, 0xc1, 0x68, 0x4f, 0xc7,
  0x4a, 0xa6, 0x40, 0x97, 0xd6, 0x2b, 0xc5, 0xe5, 0x44, 0xe0, 0xd9, 0x71,
  0xb5, 0xeb, 0xba, 0xc8, 0xa2, 0x62, 0x12, 0x7b, 0xa7, 0xd9, 0x25, 0x21,
  0xde, 0x17, 0x55, 0xac, 0x61, 0xaf, 0x9e, 0xe5, 0xcb, 0x47, 0xa7, 0x39,
  0x49, 0x35, 0xb2, 0xd8, 0xae, 0x26, 0xee, 0xa2, 0x63, 0x2c, 0xcd, 0x2e,
  0x91, 0xe0, 0x37, 0xbe, 0x51, 0x51, 0x5f, 0xd8, 0xae, 0x18, 0x35, 0x19,
  0xdd, 0xb8, 0x05, 0x33, 0xc3, 0x38, 0x1c, 0x0c, 0x08, 0x7c, 0x7b, 0x72,
  0x7a, 0x19, 0xda, 0xe8, 0x18, 0x4d, 0xbd, 0x6a, 0x65, 0xd2, 0xcf, 0x22,
  0xe0, 0xc8, 0x35, 0xf7, 0xd7, 0x7b, 0x20, 0xaa, 0x4c, 0xd9, 0xca, 0xe7,
  0xe5, 0xe2, 0xfa, 0xf1, 0x40, 0x60, 0x47, 0x4a, 0xdd, 0xad, 0xfb, 0xcd,
  0x1c, 0x2b, 0x2e, 0x85, 0xf7, 0xd0, 0x49, 0xea, 0xcb, 0x14, 0xab, 0x81,
  0x0a, 0x26, 0x20, 0x2b, 0xc7, 0xcf, 0x23, 0x03, 0xa9, 0xd4, 0x46, 0x81,
  0xc5, 0xff, 0xd2, 0x2a, 0x86, 0x4e, 0x8d, 0xe1, 0xdb, 0xf0, 0x97, 0x6a,
  0xf8, 0xc3, 0xa0, 0xa5, 0xca, 0x48, 0x52, 0xa3, 0xbc, 0xac, 0xdd, 0xb2,
  0x2d, 0xc0, 0x91, 0x88, 0xc7, 0x81, 0xac, 0xd5, 0xdb, 0xab, 0x08, 0xe8,
  0x11, 0xe1, 0xfc, 0xc0, 0xd4, 0x0d, 0x48, 0xeb, 0x0a, 0xcd, 0xe1, 0xcb,
  0xa3, 0x0c, 0xf4, 0x2c, 0x09, 0xa3, 0xaf, 0x9a, 0x1a, 0x2e, 0xfc, 0x61,
  0x41, 0xda, 0xdb, 0x98, 0x3b, 0xcf, 0xfb, 0x18, 0xb6, 0x5d, 0xf6, 0xdf,
  0x0f, 0xc7, 0x59, 0xeb, 0x67, 0xe4, 0x9b, 0xf3, 0x01, 0xce, 0xc2, 0x9d,
  0xe7, 0xd5, 0xa6, 0x08, 0xb9, 0xb3, 0x2f, 0x2b, 0x09, 0x4a, 0xf2, 0xec,
  0xa3, 0x09, 0x15, 0xa4, 0xa5, 0xb6, 0xdb, 0xbd, 0x44, 0x9b, 0xb0, 0x17,
  0x06, 0xfc, 0xff, 0xff, 0x04, 0x00, 0x00, 0x00, 0x20, 0x00, 0x00, 0x00,
  0x26, 0xfe, 0xff, 0xff, 0xc9, 0xfd, 0xff, 0xff, 0xe9, 0xff, 0xff, 0xff,
  0x19, 0x00, 0x00, 0x00, 0xd2, 0x00, 0x00, 0x00, 0xcd, 0x00, 0x00, 0x00,
  0xeb, 0x04, 0x00, 0x00, 0xe0, 0xfe, 0xff, 0xff, 0x32, 0xfc, 0xff, 0xff,
  0x04, 0x00, 0x00, 0x00, 0x08, 0x00, 0x00, 0x00, 0x01, 0x00, 0x00, 0x00,
  0x02, 0x00, 0x00, 0x00, 0x46, 0xfc, 0xff, 0xff, 0x04, 0x00, 0x00, 0x00,
  0x04, 0x00, 0x00, 0x00, 0x03, 0x00, 0x00, 0x00, 0x56, 0xfc, 0xff, 0xff,
  0x04, 0x00, 0x00, 0x00, 0x04, 0x00, 0x00, 0x00, 0x28, 0x00, 0x00, 0x00,
  0x66, 0xfc, 0xff, 0xff, 0x04, 0x00, 0x00, 0x00, 0x04, 0x00, 0x00, 0x00,
  0x31, 0x00, 0x00, 0x00, 0x76, 0xfc, 0xff, 0xff, 0x04, 0x00, 0x00, 0x00,
  0x04, 0x00, 0x00, 0x00, 0x01, 0x00, 0x00, 0x00, 0x86, 0xfc, 0xff, 0xff,
  0x04, 0x00, 0x00, 0x00, 0x04, 0x00, 0x00, 0x00, 0x00, 0x00, 0x00, 0x00,
  0x50, 0xba, 0xff, 0xff, 0x54, 0xba, 0xff, 0xff, 0x0f, 0x00, 0x00, 0x00,
  0x4d, 0x4c, 0x49, 0x52, 0x20, 0x43, 0x6f, 0x6e, 0x76, 0x65, 0x72, 0x74,
  0x65, 0x64, 0x2e, 0x00, 0x01, 0x00, 0x00, 0x00, 0x14, 0x00, 0x00, 0x00,
  0x00, 0x00, 0x0e, 0x00, 0x18, 0x00, 0x14, 0x00, 0x10, 0x00, 0x0c, 0x00,
  0x08, 0x00, 0x04, 0x00, 0x0e, 0x00, 0x00, 0x00, 0x14, 0x00, 0x00, 0x00,
  0x1c, 0x00, 0x00, 0x00, 0xf4, 0x03, 0x00, 0x00, 0xf8, 0x03, 0x00, 0x00,
  0xfc, 0x03, 0x00, 0x00, 0x04, 0x00, 0x00, 0x00, 0x6d, 0x61, 0x69, 0x6e,
  0x00, 0x00, 0x00, 0x00, 0x0e, 0x00, 0x00, 0x00, 0xa4, 0x03, 0x00, 0x00,
  0x44, 0x03, 0x00, 0x00, 0xec, 0x02, 0x00, 0x00, 0xc4, 0x02, 0x00, 0x00,
  0x68, 0x02, 0x00, 0x00, 0x00, 0x02, 0x00, 0x00, 0xbc, 0x01, 0x00, 0x00,
  0x74, 0x01, 0x00, 0x00, 0x30, 0x01, 0x00, 0x00, 0xe8, 0x00, 0x00, 0x00,
  0xa4, 0x00, 0x00, 0x00, 0x70, 0x00, 0x00, 0x00, 0x38, 0x00, 0x00, 0x00,
  0x04, 0x00, 0x00, 0x00, 0xce, 0xfd, 0xff, 0xff, 0x14, 0x00, 0x00, 0x00,
  0x00, 0x00, 0x00, 0x09, 0x14, 0x00, 0x00, 0x00, 0x18, 0x00, 0x00, 0x00,
  0x08, 0x00, 0x00, 0x00, 0x42, 0xfd, 0xff, 0xff, 0x00, 0x00, 0x80, 0x3f,
  0x01, 0x00, 0x00, 0x00, 0x24, 0x00, 0x00, 0x00, 0x01, 0x00, 0x00, 0x00,
  0x23, 0x00, 0x00, 0x00, 0xfe, 0xfd, 0xff, 0xff, 0x14, 0x00, 0x00, 0x00,
  0x00, 0x00, 0x00, 0x08, 0x10, 0x00, 0x00, 0x00, 0x14, 0x00, 0x00, 0x00,
  0x07, 0x00, 0x00, 0x00, 0x2c, 0xbb, 0xff, 0xff, 0x01, 0x00, 0x00, 0x00,
  0x23, 0x00, 0x00, 0x00, 0x03, 0x00, 0x00, 0x00, 0x22, 0x00, 0x00, 0x00,
  0x08, 0x00, 0x00, 0x00, 0x07, 0x00, 0x00, 0x00, 0x32, 0xfe, 0xff, 0xff,
  0x14, 0x00, 0x00, 0x00, 0x00, 0x00, 0x00, 0x1b, 0x10, 0x00, 0x00, 0x00,
  0x14, 0x00, 0x00, 0x00, 0x06, 0x00, 0x00, 0x00, 0x60, 0xbb, 0xff, 0xff,
  0x01, 0x00, 0x00, 0x00, 0x22, 0x00, 0x00, 0x00, 0x02, 0x00, 0x00, 0x00,
  0x21, 0x00, 0x00, 0x00, 0x06, 0x00, 0x00, 0x00, 0x62, 0xfe, 0xff, 0xff,
  0x14, 0x00, 0x00, 0x00, 0x00, 0x00, 0x00, 0x01, 0x1c, 0x00, 0x00, 0x00,
  0x20, 0x00, 0x00, 0x00, 0x04, 0x00, 0x00, 0x00, 0x54, 0xfe, 0xff, 0xff,
  0x00, 0x00, 0x00, 0x03, 0x01, 0x00, 0x00, 0x00, 0x01, 0x00, 0x00, 0x00,
  0x01, 0x00, 0x00, 0x00, 0x21, 0x00, 0x00, 0x00, 0x03, 0x00, 0x00, 0x00,
  0x20, 0x00, 0x00, 0x00, 0x0a, 0x00, 0x00, 0x00, 0x09, 0x00, 0x00, 0x00,
  0xa2, 0xfe, 0xff, 0xff, 0x14, 0x00, 0x00, 0x00, 0x00, 0x00, 0x00, 0x02,
  0x20, 0x00, 0x00, 0x00, 0x24, 0x00, 0x00, 0x00, 0x05, 0x00, 0x00, 0x00,
  0xf6, 0xfe, 0xff, 0xff, 0x00, 0x00, 0x00, 0x03, 0x01, 0x00, 0x00, 0x00,
  0x01, 0x00, 0x00, 0x00, 0x01, 0x00, 0x00, 0x00, 0x01, 0x00, 0x00, 0x00,
  0x20, 0x00, 0x00, 0x00, 0x03, 0x00, 0x00, 0x00, 0x1f, 0x00, 0x00, 0x00,
  0x0c, 0x00, 0x00, 0x00, 0x0b, 0x00, 0x00, 0x00, 0xe6, 0xfe, 0xff, 0xff,
  0x14, 0x00, 0x00, 0x00, 0x00, 0x00, 0x00, 0x01, 0x1c, 0x00, 0x00, 0x00,
  0x20, 0x00, 0x00, 0x00, 0x04, 0x00, 0x00, 0x00, 0xd8, 0xfe, 0xff, 0xff,
  0x00, 0x00, 0x00, 0x03, 0x01, 0x00, 0x00, 0x00, 0x01, 0x00, 0x00, 0x00,
  0x01, 0x00, 0x00, 0x00, 0x1f, 0x00, 0x00, 0x00, 0x03, 0x00, 0x00, 0x00,
  0x1e, 0x00, 0x00, 0x00, 0x0e, 0x00, 0x00, 0x00, 0x0d, 0x00, 0x00, 0x00,
  0x26, 0xff, 0xff, 0xff, 0x14, 0x00, 0x00, 0x00, 0x00, 0x00, 0x00, 0x02,
  0x20, 0x00, 0x00, 0x00, 0x24, 0x00, 0x00, 0x00, 0x05, 0x00, 0x00, 0x00,
  0x7a, 0xff, 0xff, 0xff, 0x00, 0x00, 0x00, 0x03, 0x01, 0x00, 0x00, 0x00,
  0x01, 0x00, 0x00, 0x00, 0x01, 0x00, 0x00, 0x00, 0x01, 0x00, 0x00, 0x00,
  0x1e, 0x00, 0x00, 0x00, 0x03, 0x00, 0x00, 0x00, 0x1d, 0x00, 0x00, 0x00,
  0x10, 0x00, 0x00, 0x00, 0x0f, 0x00, 0x00, 0x00, 0x6a, 0xff, 0xff, 0xff,
  0x14, 0x00, 0x00, 0x00, 0x00, 0x00, 0x00, 0x01, 0x1c, 0x00, 0x00, 0x00,
  0x20, 0x00, 0x00, 0x00, 0x04, 0x00, 0x00, 0x00, 0x5c, 0xff, 0xff, 0xff,
  0x00, 0x00, 0x00, 0x03, 0x01, 0x00, 0x00, 0x00, 0x01, 0x00, 0x00, 0x00,
  0x01, 0x00, 0x00, 0x00, 0x1d, 0x00, 0x00, 0x00, 0x03, 0x00, 0x00, 0x00,
  0x1c, 0x00, 0x00, 0x00, 0x12, 0x00, 0x00, 0x00, 0x11, 0x00, 0x00, 0x00,
  0xda, 0xfe, 0xff, 0xff, 0x24, 0x00, 0x00, 0x00, 0x00, 0x00, 0x00, 0x02,
  0x30, 0x00, 0x00, 0x00, 0x34, 0x00, 0x00, 0x00, 0x05, 0x00, 0x00, 0x00,
  0x00, 0x00, 0x0e, 0x00, 0x14, 0x00, 0x00, 0x00, 0x10, 0x00, 0x0c, 0x00,
  0x08, 0x00, 0x07, 0x00, 0x0e, 0x00, 0x00, 0x00, 0x00, 0x00, 0x00, 0x03,
  0x01, 0x00, 0x00, 0x00, 0x01, 0x00, 0x00, 0x00, 0x01, 0x00, 0x00, 0x00,
  0x01, 0x00, 0x00, 0x00, 0x1c, 0x00, 0x00, 0x00, 0x03, 0x00, 0x00, 0x00,
  0x1b, 0x00, 0x00, 0x00, 0x14, 0x00, 0x00, 0x00, 0x13, 0x00, 0x00, 0x00,
  0x00, 0x00, 0x0e, 0x00, 0x18, 0x00, 0x14, 0x00, 0x10, 0x00, 0x0c, 0x00,
  0x0b, 0x00, 0x04, 0x00, 0x0e, 0x00, 0x00, 0x00, 0x20, 0x00, 0x00, 0x00,
  0x00, 0x00, 0x00, 0x01, 0x28, 0x00, 0x00, 0x00, 0x2c, 0x00, 0x00, 0x00,
  0x04, 0x00, 0x00, 0x00, 0x0c, 0x00, 0x10, 0x00, 0x00, 0x00, 0x0c, 0x00,
  0x08, 0x00, 0x07, 0x00, 0x0c, 0x00, 0x00, 0x00, 0x00, 0x00, 0x00, 0x03,
  0x02, 0x00, 0x00, 0x00, 0x02, 0x00, 0x00, 0x00, 0x01, 0x00, 0x00, 0x00,
  0x1b, 0x00, 0x00, 0x00, 0x03, 0x00, 0x00, 0x00, 0x1a, 0x00, 0x00, 0x00,
  0x16, 0x00, 0x00, 0x00, 0x15, 0x00, 0x00, 0x00, 0x00, 0x00, 0x0a, 0x00,
  0x10, 0x00, 0x0c, 0x00, 0x08, 0x00, 0x04, 0x00, 0x0a, 0x00, 0x00, 0x00,
  0x0c, 0x00, 0x00, 0x00, 0x10, 0x00, 0x00, 0x00, 0x03, 0x00, 0x00, 0x00,
  0x01, 0x00, 0x00, 0x00, 0x1a, 0x00, 0x00, 0x00, 0x02, 0x00, 0x00, 0x00,
  0x00, 0x00, 0x00, 0x00, 0x19, 0x00, 0x00, 0x00, 0xba, 0xff, 0xff, 0xff,
  0x1c, 0x00, 0x00, 0x00, 0x00, 0x00, 0x00, 0x3b, 0x1c, 0x00, 0x00, 0x00,
  0x20, 0x00, 0x00, 0x00, 0x02, 0x00, 0x00, 0x00, 0x00, 0x00, 0x06, 0x00,
  0x08, 0x00, 0x04, 0x00, 0x06, 0x00, 0x00, 0x00, 0x04, 0x00, 0x00, 0x00,
  0x01, 0x00, 0x00, 0x00, 0x19, 0x00, 0x00, 0x00, 0x04, 0x00, 0x00, 0x00,
  0x18, 0x00, 0x00, 0x00, 0x03, 0x00, 0x00, 0x00, 0x04, 0x00, 0x00, 0x00,
  0x05, 0x00, 0x00, 0x00, 0x00, 0x00, 0x0e, 0x00, 0x1a, 0x00, 0x14, 0x00,
  0x10, 0x00, 0x0c, 0x00, 0x0b, 0x00, 0x04, 0x00, 0x0e, 0x00, 0x00, 0x00,
  0x24, 0x00, 0x00, 0x00, 0x00, 0x00, 0x00, 0x20, 0x24, 0x00, 0x00, 0x00,
  0x28, 0x00, 0x00, 0x00, 0x01, 0x00, 0x00, 0x00, 0x00, 0x00, 0x0e, 0x00,
  0x08, 0x00, 0x00, 0x00, 0x00, 0x00, 0x00, 0x00, 0x00, 0x00, 0x04, 0x00,
  0x0e, 0x00, 0x00, 0x00, 0x01, 0x00, 0x00, 0x00, 0x01, 0x00, 0x00, 0x00,
  0x18, 0x00, 0x00, 0x00, 0x04, 0x00, 0x00, 0x00, 0x17, 0x00, 0x00, 0x00,
  0x01, 0x00, 0x00, 0x00, 0x02, 0x00, 0x00, 0x00, 0x02, 0x00, 0x00, 0x00,
  0x00, 0x00, 0x0e, 0x00, 0x16, 0x00, 0x00, 0x00, 0x10, 0x00, 0x0c, 0x00,
  0x0b, 0x00, 0x04, 0x00, 0x0e, 0x00, 0x00, 0x00, 0x18, 0x00, 0x00, 0x00,
  0x00, 0x00, 0x00, 0x37, 0x18, 0x00, 0x00, 0x00, 0x1c, 0x00, 0x00, 0x00,
  0x00, 0x00, 0x06, 0x00, 0x08, 0x00, 0x07, 0x00, 0x06, 0x00, 0x00, 0x00,
  0x00, 0x00, 0x00, 0x02, 0x01, 0x00, 0x00, 0x00, 0x17, 0x00, 0x00, 0x00,
  0x01, 0x00, 0x00, 0x00, 0x00, 0x00, 0x00, 0x00, 0x01, 0x00, 0x00, 0x00,
  0x24, 0x00, 0x00, 0x00, 0x01, 0x00, 0x00, 0x00, 0x00, 0x00, 0x00, 0x00,
  0x25, 0x00, 0x00, 0x00, 0xc8, 0x41, 0x00, 0x00, 0x48, 0x41, 0x00, 0x00,
  0xf0, 0x40, 0x00, 0x00, 0x94, 0x40, 0x00, 0x00, 0x38, 0x40, 0x00, 0x00,
  0xdc, 0x3f, 0x00, 0x00, 0x74, 0x3f, 0x00, 0x00, 0xa8, 0x3e, 0x00, 0x00,
  0xdc, 0x3d, 0x00, 0x00, 0x80, 0x38, 0x00, 0x00, 0x8c, 0x33, 0x00, 0x00,
  0x60, 0x2f, 0x00, 0x00, 0x84, 0x2b, 0x00, 0x00, 0x90, 0x27, 0x00, 0x00,
  0x1c, 0x24, 0x00, 0x00, 0xf0, 0x1f, 0x00, 0x00, 0x28, 0x1c, 0x00, 0x00,
  0x50, 0x18, 0x00, 0x00, 0xdc, 0x14, 0x00, 0x00, 0x30, 0x12, 0x00, 0x00,
  0xe8, 0x0f, 0x00, 0x00, 0x90, 0x0d, 0x00, 0x00, 0x9c, 0x0b, 0x00, 0x00,
  0x48, 0x0b, 0x00, 0x00, 0xf0, 0x0a, 0x00, 0x00, 0x94, 0x0a, 0x00, 0x00,
  0xfc, 0x09, 0x00, 0x00, 0xf0, 0x08, 0x00, 0x00, 0x94, 0x07, 0x00, 0x00,
  0x88, 0x06, 0x00, 0x00, 0x2c, 0x05, 0x00, 0x00, 0x20, 0x04, 0x00, 0x00,
  0xc4, 0x02, 0x00, 0x00, 0xb8, 0x01, 0x00, 0x00, 0x2c, 0x01, 0x00, 0x00,
  0x80, 0x00, 0x00, 0x00, 0x04, 0x00, 0x00, 0x00, 0xe2, 0xbe, 0xff, 0xff,
  0x00, 0x00, 0x00, 0x01, 0x18, 0x00, 0x00, 0x00, 0x20, 0x00, 0x00, 0x00,
  0x3c, 0x00, 0x00, 0x00, 0x25, 0x00, 0x00, 0x00, 0x00, 0x00, 0x00, 0x09,
  0x50, 0x00, 0x00, 0x00, 0x02, 0x00, 0x00, 0x00, 0xff, 0xff, 0xff, 0xff,
  0x08, 0x00, 0x00, 0x00, 0xcc, 0xbe, 0xff, 0xff, 0x08, 0x00, 0x00, 0x00,
  0x10, 0x00, 0x00, 0x00, 0x01, 0x00, 0x00, 0x00, 0x80, 0xff, 0xff, 0xff,
  0xff, 0xff, 0xff, 0xff, 0x01, 0x00, 0x00, 0x00, 0x00, 0x00, 0x80, 0x3b,
  0x1b, 0x00, 0x00, 0x00, 0x53, 0x74, 0x61, 0x74, 0x65, 0x66, 0x75, 0x6c,
  0x50, 0x61, 0x72, 0x74, 0x69, 0x74, 0x69, 0x6f, 0x6e, 0x65, 0x64, 0x43,
  0x61, 0x6c, 0x6c, 0x5f, 0x31, 0x3a, 0x30, 0x00, 0x02, 0x00, 0x00, 0x00,
  0x01, 0x00, 0x00, 0x00, 0x08, 0x00, 0x00, 0x00, 0x5a, 0xbf, 0xff, 0xff,
  0x00, 0x00, 0x00, 0x01, 0x18, 0x00, 0x00, 0x00, 0x20, 0x00, 0x00, 0x00,
  0x3c, 0x00, 0x00, 0x00, 0x24, 0x00, 0x00, 0x00, 0x00, 0x00, 0x00, 0x09,
  0x80, 0x00, 0x00, 0x00, 0x02, 0x00, 0x00, 0x00, 0xff, 0xff, 0xff, 0xff,
  0x08, 0x00, 0x00, 0x00, 0x44, 0xbf, 0xff, 0xff, 0x08, 0x00, 0x00, 0x00,
  0x10, 0x00, 0x00, 0x00, 0x01, 0x00, 0x00, 0x00, 0x12, 0x00, 0x00, 0x00,
  0x00, 0x00, 0x00, 0x00, 0x01, 0x00, 0x00, 0x00, 0x58, 0x0a, 0x6d, 0x3e,
  0x4a, 0x00, 0x00, 0x00, 0x73, 0x33, 0x5f, 0x73, 0x33, 0x2d, 0x6c, 0x61,
  0x72, 0x67, 0x65, 0x5f, 0x31, 0x2f, 0x70, 0x72, 0x6f, 0x62, 0x61, 0x62,
  0x69, 0x6c, 0x69, 0x74, 0x69, 0x65, 0x73, 0x5f, 0x31, 0x2f, 0x4d, 0x61,
  0x74, 0x4d, 0x75, 0x6c, 0x3b, 0x73, 0x33, 0x5f, 0x73, 0x33, 0x2d, 0x6c,
  0x61, 0x72, 0x67, 0x65, 0x5f, 0x31, 0x2f, 0x70, 0x72, 0x6f, 0x62, 0x61,
  0x62, 0x69, 0x6c, 0x69, 0x74, 0x69, 0x65, 0x73, 0x5f, 0x31, 0x2f, 0x42,
  0x69, 0x61, 0x73, 0x41, 0x64, 0x64, 0x00, 0x00, 0x02, 0x00, 0x00, 0x00,
  0x01, 0x00, 0x00, 0x00, 0x08, 0x00, 0x00, 0x00, 0x02, 0xc0, 0xff, 0xff,
  0x00, 0x00, 0x00, 0x01, 0x18, 0x00, 0x00, 0x00, 0x20, 0x00, 0x00, 0x00,
  0x40, 0x00, 0x00, 0x00, 0x23, 0x00, 0x00, 0x00, 0x00, 0x00, 0x00, 0x09,
  0x60, 0x00, 0x00, 0x00, 0x02, 0x00, 0x00, 0x00, 0xff, 0xff, 0xff, 0xff,
  0x60, 0x00, 0x00, 0x00, 0xec, 0xbf, 0xff, 0xff, 0x08, 0x00, 0x00, 0x00,
  0x14, 0x00, 0x00, 0x00, 0x01, 0x00, 0x00, 0x00, 0x80, 0xff, 0xff, 0xff,
  0xff, 0xff, 0xff, 0xff, 0x00, 0x00, 0x00, 0x00, 0x01, 0x00, 0x00, 0x00,
  0xbb, 0xa3, 0x8b, 0x3c, 0x24, 0x00, 0x00, 0x00, 0x73, 0x33, 0x5f, 0x73,
  0x33, 0x2d, 0x6c, 0x61, 0x72, 0x67, 0x65, 0x5f, 0x31, 0x2f, 0x67, 0x6c,
  0x6f, 0x62, 0x61, 0x6c, 0x5f, 0x61, 0x76, 0x67, 0x5f, 0x70, 0x6f, 0x6f,
  0x6c, 0x5f, 0x31, 0x2f, 0x4d, 0x65, 0x61, 0x6e, 0x00, 0x00, 0x00, 0x00,
  0x02, 0x00, 0x00, 0x00, 0x01, 0x00, 0x00, 0x00, 0x60, 0x00, 0x00, 0x00,
  0x8a, 0xc0, 0xff, 0xff, 0x00, 0x00, 0x00, 0x01, 0x18, 0x00, 0x00, 0x00,
  0x28, 0x00, 0x00, 0x00, 0x44, 0x00, 0x00, 0x00, 0x22, 0x00, 0x00, 0x00,
  0x00, 0x00, 0x00, 0x09, 0xd8, 0x00, 0x00, 0x00, 0x04, 0x00, 0x00, 0x00,
  0xff, 0xff, 0xff, 0xff, 0x19, 0x00, 0x00, 0x00, 0x14, 0x00, 0x00, 0x00,
  0x60, 0x00, 0x00, 0x00, 0x7c, 0xc0, 0xff, 0xff, 0x08, 0x00, 0x00, 0x00,
  0x10, 0x00, 0x00, 0x00, 0x01, 0x00, 0x00, 0x00, 0x80, 0xff, 0xff, 0xff,
  0xff, 0xff, 0xff, 0xff, 0x01, 0x00, 0x00, 0x00, 0xc1, 0xc0, 0xc0, 0x3c,
  0x98, 0x00, 0x00, 0x00, 0x73, 0x33, 0x5f, 0x73, 0x33, 0x2d, 0x6c, 0x61,
  0x72, 0x67, 0x65, 0x5f, 0x31, 0x2f, 0x64, 0x73, 0x33, 0x5f, 0x70, 0x77,
  0x5f, 0x72, 0x65, 0x6c, 0x75, 0x36, 0x5f, 0x31, 0x2f, 0x52, 0x65, 0x6c,
  0x75, 0x36, 0x3b, 0x73, 0x33, 0x5f, 0x73, 0x33, 0x2d, 0x6c, 0x61, 0x72,
  0x67, 0x65, 0x5f, 0x31, 0x2f, 0x64, 0x73, 0x33, 0x5f, 0x70, 0x77, 0x5f,
  0x62, 0x6e, 0x5f, 0x31, 0x2f, 0x62, 0x61, 0x74, 0x63, 0x68, 0x6e, 0x6f,
  0x72, 0x6d, 0x2f, 0x61, 0x64, 0x64, 0x5f, 0x31, 0x3b, 0x73, 0x33, 0x5f,
  0x73, 0x33, 0x2d, 0x6c, 0x61, 0x72, 0x67, 0x65, 0x5f, 0x31, 0x2f, 0x64,
  0x73, 0x33, 0x5f, 0x70, 0x77, 0x5f, 0x31, 0x2f, 0x63, 0x6f, 0x6e, 0x76,
  0x6f, 0x6c, 0x75, 0x74, 0x69, 0x6f, 0x6e, 0x3b, 0x73, 0x33, 0x5f, 0x73,
  0x33, 0x2d, 0x6c, 0x61, 0x72, 0x67, 0x65, 0x5f, 0x31, 0x2f, 0x64, 0x73,
  0x33, 0x5f, 0x70, 0x77, 0x5f, 0x62, 0x6e, 0x5f, 0x31, 0x2f, 0x62, 0x61,
  0x74, 0x63, 0x68, 0x6e, 0x6f, 0x72, 0x6d, 0x2f, 0x73, 0x75, 0x62, 0x31,
  0x00, 0x00, 0x00, 0x00, 0x04, 0x00, 0x00, 0x00, 0x01, 0x00, 0x00, 0x00,
  0x19, 0x00, 0x00, 0x00, 0x14, 0x00, 0x00, 0x00, 0x60, 0x00, 0x00, 0x00,
  0x92, 0xc1, 0xff, 0xff, 0x00, 0x00, 0x00, 0x01, 0x18, 0x00, 0x00, 0x00,
  0x28, 0x00, 0x00, 0x00, 0x44, 0x00, 0x00, 0x00, 0x21, 0x00, 0x00, 0x00,
  0x00, 0x00, 0x00, 0x09, 0x28, 0x01, 0x00, 0x00, 0x04, 0x00, 0x00, 0x00,
  0xff, 0xff, 0xff, 0xff, 0x19, 0x00, 0x00, 0x00, 0x14, 0x00, 0x00, 0x00,
  0x40, 0x00, 0x00, 0x00, 0x84, 0xc1, 0xff, 0xff, 0x08, 0x00, 0x00, 0x00,
  0x10, 0x00, 0x00, 0x00, 0x01, 0x00, 0x00, 0x00, 0x80, 0xff, 0xff, 0xff,
  0xff, 0xff, 0xff, 0xff, 0x01, 0x00, 0x00, 0x00, 0xc1, 0xc0, 0xc0, 0x3c,
  0xe8, 0x00, 0x00, 0x00, 0x73, 0x33, 0x5f, 0x73, 0x33, 0x2d, 0x6c, 0x61,
  0x72, 0x67, 0x65, 0x5f, 0x31, 0x2f, 0x64, 0x73, 0x33, 0x5f, 0x64, 0x77,
  0x5f, 0x72, 0x65, 0x6c, 0x75, 0x36, 0x5f, 0x31, 0x2f, 0x52, 0x65, 0x6c,
  0x75, 0x36, 0x3b, 0x73, 0x33, 0x5f, 0x73, 0x33, 0x2d, 0x6c, 0x61, 0x72,
  0x67, 0x65, 0x5f, 0x31, 0x2f, 0x64, 0x73, 0x33, 0x5f, 0x64, 0x77, 0x5f,
  0x62, 0x6e, 0x5f, 0x31, 0x2f, 0x62, 0x61, 0x74, 0x63, 0x68, 0x6e, 0x6f,
  0x72, 0x6d, 0x2f, 0x61, 0x64, 0x64, 0x5f, 0x31, 0x3b, 0x73, 0x33, 0x5f,
  0x73, 0x33, 0x2d, 0x6c, 0x61, 0x72, 0x67, 0x65, 0x5f, 0x31, 0x2f, 0x64,
  0x73, 0x33, 0x5f, 0x64, 0x77, 0x5f, 0x62, 0x6e, 0x5f, 0x31, 0x2f, 0x62,
  0x61, 0x74, 0x63, 0x68, 0x6e, 0x6f, 0x72, 0x6d, 0x2f, 0x6d, 0x75, 0x6c,
  0x5f, 0x31, 0x3b, 0x73, 0x33, 0x5f, 0x73, 0x33, 0x2d, 0x6c, 0x61, 0x72,
  0x67, 0x65, 0x5f, 0x31, 0x2f, 0x64, 0x73, 0x33, 0x5f, 0x64, 0x77, 0x5f,
  0x31, 0x2f, 0x64, 0x65, 0x70, 0x74, 0x68, 0x77, 0x69, 0x73, 0x65, 0x3b,
  0x73, 0x33, 0x5f, 0x73, 0x33, 0x2d, 0x6c, 0x61, 0x72, 0x67, 0x65, 0x5f,
  0x31, 0x2f, 0x64, 0x73, 0x33, 0x5f, 0x64, 0x77, 0x5f, 0x62, 0x6e, 0x5f,
  0x31, 0x2f, 0x62, 0x61, 0x74, 0x63, 0x68, 0x6e, 0x6f, 0x72, 0x6d, 0x2f,
  0x6d, 0x75, 0x6c, 0x3b, 0x73, 0x33, 0x5f, 0x73, 0x33, 0x2d, 0x6c, 0x61,
  0x72, 0x67, 0x65, 0x5f, 0x31, 0x2f, 0x64, 0x73, 0x33, 0x5f, 0x64, 0x77,
  0x5f, 0x62, 0x6e, 0x5f, 0x31, 0x2f, 0x62, 0x61, 0x74, 0x63, 0x68, 0x6e,
  0x6f, 0x72, 0x6d, 0x2f, 0x73, 0x75, 0x62, 0x31, 0x00, 0x00, 0x00, 0x00,
  0x04, 0x00, 0x00, 0x00, 0x01, 0x00, 0x00, 0x00, 0x19, 0x00, 0x00, 0x00,
  0x14, 0x00, 0x00, 0x00, 0x40, 0x00, 0x00, 0x00, 0xea, 0xc2, 0xff, 0xff,
  0x00, 0x00, 0x00, 0x01, 0x18, 0x00, 0x00, 0x00, 0x28, 0x00, 0x00, 0x00,
  0x44, 0x00, 0x00, 0x00, 0x20, 0x00, 0x00, 0x00, 0x00, 0x00, 0x00, 0x09,
  0xd8, 0x00, 0x00, 0x00, 0x04, 0x00, 0x00, 0x00, 0xff, 0xff, 0xff, 0xff,
  0x19, 0x00, 0x00, 0x00, 0x14, 0x00, 0x00, 0x00, 0x40, 0x00, 0x00, 0x00,
  0xdc, 0xc2, 0xff, 0xff, 0x08, 0x00, 0x00, 0x00, 0x10, 0x00, 0x00, 0x00,
  0x01, 0x00, 0x00, 0x00, 0x80, 0xff, 0xff, 0xff, 0xff, 0xff, 0xff, 0xff,
  0x01, 0x00, 0x00, 0x00, 0xc1, 0xc0, 0xc0, 0x3c, 0x98, 0x00, 0x00, 0x00,
  0x73, 0x33, 0x5f, 0x73, 0x33, 0x2d, 0x6c, 0x61, 0x72, 0x67, 0x65, 0x5f,
  0x31, 0x2f, 0x64, 0x73, 0x32, 0x5f, 0x70, 0x77, 0x5f, 0x72, 0x65, 0x6c,
  0x75, 0x36, 0x5f, 0x31, 0x2f, 0x52, 0x65, 0x6c, 0x75, 0x36, 0x3b, 0x73,
  0x33, 0x5f, 0x73, 0x33, 0x2d, 0x6c, 0x61, 0x72, 0x67, 0x65, 0x5f, 0x31,
  0x2f, 0x64, 0x73, 0x32, 0x5f, 0x70, 0x77, 0x5f, 0x62, 0x6e, 0x5f, 0x31,
  0x2f, 0x62, 0x61, 0x74, 0x63, 0x68, 0x6e, 0x6f, 0x72, 0x6d, 0x2f, 0x61,
  0x64, 0x64, 0x5f, 0x31, 0x3b, 0x73, 0x33, 0x5f, 0x73, 0x33, 0x2d, 0x6c,
  0x61, 0x72, 0x67, 0x65, 0x5f, 0x31, 0x2f, 0x64, 0x73, 0x32, 0x5f, 0x70,
  0x77, 0x5f, 0x31, 0x2f, 0x63, 0x6f, 0x6e, 0x76, 0x6f, 0x6c, 0x75, 0x74,
  0x69, 0x6f, 0x6e, 0x3b, 0x73, 0x33, 0x5f, 0x73, 0x33, 0x2d, 0x6c, 0x61,
  0x72, 0x67, 0x65, 0x5f, 0x31, 0x2f, 0x64, 0x73, 0x32, 0x5f, 0x70, 0x77,
  0x5f, 0x62, 0x6e, 0x5f, 0x31, 0x2f, 0x62, 0x61, 0x74, 0x63, 0x68, 0x6e,
  0x6f, 0x72, 0x6d, 0x2f, 0x73, 0x75, 0x62, 0x31, 0x00, 0x00, 0x00, 0x00,
  0x04, 0x00, 0x00, 0x00, 0x01, 0x00, 0x00, 0x00, 0x19, 0x00, 0x00, 0x00,
  0x14, 0x00, 0x00, 0x00, 0x40, 0x00, 0x00, 0x00, 0xf2, 0xc3, 0xff, 0xff,
  0x00, 0x00, 0x00, 0x01, 0x18, 0x00, 0x00, 0x00, 0x28, 0x00, 0x00, 0x00,
  0x44, 0x00, 0x00, 0x00, 0x1f, 0x00, 0x00, 0x00, 0x00, 0x00, 0x00, 0x09,
  0x28, 0x01, 0x00, 0x00, 0x04, 0x00, 0x00, 0x00, 0xff, 0xff, 0xff, 0xff,
  0x19, 0x00, 0x00, 0x00, 0x14, 0x00, 0x00, 0x00, 0x40, 0x00, 0x00, 0x00,
  0xe4, 0xc3, 0xff, 0xff, 0x08, 0x00, 0x00, 0x00, 0x10, 0x00, 0x00, 0x00,
  0x01, 0x00, 0x00, 0x00, 0x80, 0xff, 0xff, 0xff, 0xff, 0xff, 0xff, 0xff,
  0x01, 0x00, 0x00, 0x00, 0xc1, 0xc0, 0xc0, 0x3c, 0xe8, 0x00, 0x00, 0x00,
  0x73, 0x33, 0x5f, 0x73, 0x33, 0x2d, 0x6c, 0x61, 0x72, 0x67, 0x65, 0x5f,
  0x31, 0x2f, 0x64, 0x73, 0x32, 0x5f, 0x64, 0x77, 0x5f, 0x72, 0x65, 0x6c,
  0x75, 0x36, 0x5f, 0x31, 0x2f, 0x52, 0x65, 0x6c, 0x75, 0x36, 0x3b, 0x73,
  0x33, 0x5f, 0x73, 0x33, 0x2d, 0x6c, 0x61, 0x72, 0x67, 0x65, 0x5f, 0x31,
  0x2f, 0x64, 0x73, 0x32, 0x5f, 0x64, 0x77, 0x5f, 0x62, 0x6e, 0x5f, 0x31,
  0x2f, 0x62, 0x61, 0x74, 0x63, 0x68, 0x6e, 0x6f, 0x72, 0x6d, 0x2f, 0x61,
  0x64, 0x64, 0x5f, 0x31, 0x3b, 0x73, 0x33, 0x5f, 0x73, 0x33, 0x2d, 0x6c,
  0x61, 0x72, 0x67, 0x65, 0x5f, 0x31, 0x2f, 0x64, 0x73, 0x32, 0x5f, 0x64,
  0x77, 0x5f, 0x62, 0x6e, 0x5f, 0x31, 0x2f, 0x62, 0x61, 0x74, 0x63, 0x68,
  0x6e, 0x6f, 0x72, 0x6d, 0x2f, 0x6d, 0x75, 0x6c, 0x5f, 0x31, 0x3b, 0x73,
  0x33, 0x5f, 0x73, 0x33, 0x2d, 0x6c, 0x61, 0x72, 0x67, 0x65, 0x5f, 0x31,
  0x2f, 0x64, 0x73, 0x32, 0x5f, 0x64, 0x77, 0x5f, 0x31, 0x2f, 0x64, 0x65,
  0x70, 0x74, 0x68, 0x77, 0x69, 0x73, 0x65, 0x3b, 0x73, 0x33, 0x5f, 0x73,
  0x33, 0x2d, 0x6c, 0x61, 0x72, 0x67, 0x65, 0x5f, 0x31, 0x2f, 0x64, 0x73,
  0x32, 0x5f, 0x64, 0x77, 0x5f, 0x62, 0x6e, 0x5f, 0x31, 0x2f, 0x62, 0x61,
  0x74, 0x63, 0x68, 0x6e, 0x6f, 0x72, 0x6d, 0x2f, 0x6d, 0x75, 0x6c, 0x3b,
  0x73, 0x33, 0x5f, 0x73, 0x33, 0x2d, 0x6c, 0x61, 0x72, 0x67, 0x65, 0x5f,
  0x31, 0x2f, 0x64, 0x73, 0x32, 0x5f, 0x64, 0x77, 0x5f, 0x62, 0x6e, 0x5f,
  0x31, 0x2f, 0x62, 0x61, 0x74, 0x63, 0x68, 0x6e, 0x6f, 0x72, 0x6d, 0x2f,
  0x73, 0x75, 0x62, 0x31, 0x00, 0x00, 0x00, 0x00, 0x04, 0x00, 0x00, 0x00,
  0x01, 0x00, 0x00, 0x00, 0x19, 0x00, 0x00, 0x00, 0x14, 0x00, 0x00, 0x00,
  0x40, 0x00, 0x00, 0x00, 0x4a, 0xc5, 0xff, 0xff, 0x00, 0x00, 0x00, 0x01,
  0x18, 0x00, 0x00, 0x00, 0x28, 0x00, 0x00, 0x00, 0x44, 0x00, 0x00, 0x00,
  0x1e, 0x00, 0x00, 0x00, 0x00, 0x00, 0x00, 0x09, 0xd8, 0x00, 0x00, 0x00,
  0x04, 0x00, 0x00, 0x00, 0xff, 0xff, 0xff, 0xff, 0x19, 0x00, 0x00, 0x00,
  0x14, 0x00, 0x00, 0x00, 0x40, 0x00, 0x00, 0x00, 0x3c, 0xc5, 0xff, 0xff,
  0x08, 0x00, 0x00, 0x00, 0x10, 0x00, 0x00, 0x00, 0x01, 0x00, 0x00, 0x00,
  0x80, 0xff, 0xff, 0xff, 0xff, 0xff, 0xff, 0xff, 0x01, 0x00, 0x00, 0x00,
  0xc1, 0xc0, 0xc0, 0x3c, 0x98, 0x00, 0x00, 0x00, 0x73, 0x33, 0x5f, 0x73,
  0x33, 0x2d, 0x6c, 0x61, 0x72, 0x67, 0x65, 0x5f, 0x31, 0x2f, 0x64, 0x73,
  0x31, 0x5f, 0x70, 0x77, 0x5f, 0x72, 0x65, 0x6c, 0x75, 0x36, 0x5f, 0x31,
  0x2f, 0x52, 0x65, 0x6c, 0x75, 0x36, 0x3b, 0x73, 0x33, 0x5f, 0x73, 0x33,
  0x2d, 0x6c, 0x61, 0x72, 0x67, 0x65, 0x5f, 0x31, 0x2f, 0x64, 0x73, 0x31,
  0x5f, 0x70, 0x77, 0x5f, 0x62, 0x6e, 0x5f, 0x31, 0x2f, 0x62, 0x61, 0x74,
  0x63, 0x68, 0x6e, 0x6f, 0x72, 0x6d, 0x2f, 0x61, 0x64, 0x64, 0x5f, 0x31,
  0x3b, 0x73, 0x33, 0x5f, 0x73, 0x33, 0x2d, 0x6c, 0x61, 0x72, 0x67, 0x65,
  0x5f, 0x31, 0x2f, 0x64, 0x73, 0x31, 0x5f, 0x70, 0x77, 0x5f, 0x31, 0x2f,
  0x63, 0x6f, 0x6e, 0x76, 0x6f, 0x6c, 0x75, 0x74, 0x69, 0x6f, 0x6e, 0x3b,
  0x73, 0x33, 0x5f, 0x73, 0x33, 0x2d, 0x6c, 0x61, 0x72, 0x67, 0x65, 0x5f,
  0x31, 0x2f, 0x64, 0x73, 0x31, 0x5f, 0x70, 0x77, 0x5f, 0x62, 0x6e, 0x5f,
  0x31, 0x2f, 0x62, 0x61, 0x74, 0x63, 0x68, 0x6e, 0x6f, 0x72, 0x6d, 0x2f,
  0x73, 0x75, 0x62, 0x31, 0x00, 0x00, 0x00, 0x00, 0x04, 0x00, 0x00, 0x00,
  0x01, 0x00, 0x00, 0x00, 0x19, 0x00, 0x00, 0x00, 0x14, 0x00, 0x00, 0x00,
  0x40, 0x00, 0x00, 0x00, 0x52, 0xc6, 0xff, 0xff, 0x00, 0x00, 0x00, 0x01,
  0x18, 0x00, 0x00, 0x00, 0x28, 0x00, 0x00, 0x00, 0x44, 0x00, 0x00, 0x00,
  0x1d, 0x00, 0x00, 0x00, 0x00, 0x00, 0x00, 0x09, 0x28, 0x01, 0x00, 0x00,
  0x04, 0x00, 0x00, 0x00, 0xff, 0xff, 0xff, 0xff, 0x19, 0x00, 0x00, 0x00,
  0x14, 0x00, 0x00, 0x00, 0x20, 0x00, 0x00, 0x00, 0x44, 0xc6, 0xff, 0xff,
  0x08, 0x00, 0x00, 0x00, 0x10, 0x00, 0x00, 0x00, 0x01, 0x00, 0x00, 0x00,
  0x80, 0xff, 0xff, 0xff, 0xff, 0xff, 0xff, 0xff, 0x01, 0x00, 0x00, 0x00,
  0xc1, 0xc0, 0xc0, 0x3c, 0xe8, 0x00, 0x00, 0x00, 0x73, 0x33, 0x5f, 0x73,
  0x33, 0x2d, 0x6c, 0x61, 0x72, 0x67, 0x65, 0x5f, 0x31, 0x2f, 0x64, 0x73,
  0x31, 0x5f, 0x64, 0x77, 0x5f, 0x72, 0x65, 0x6c, 0x75, 0x36, 0x5f, 0x31,
  0x2f, 0x52, 0x65, 0x6c, 0x75, 0x36, 0x3b, 0x73, 0x33, 0x5f, 0x73, 0x33,
  0x2d, 0x6c, 0x61, 0x72, 0x67, 0x65, 0x5f, 0x31, 0x2f, 0x64, 0x73, 0x31,
  0x5f, 0x64, 0x77, 0x5f, 0x62, 0x6e, 0x5f, 0x31, 0x2f, 0x62, 0x61, 0x74,
  0x63, 0x68, 0x6e, 0x6f, 0x72, 0x6d, 0x2f, 0x61, 0x64, 0x64, 0x5f, 0x31,
  0x3b, 0x73, 0x33, 0x5f, 0x73, 0x33, 0x2d, 0x6c, 0x61, 0x72, 0x67, 0x65,
  0x5f, 0x31, 0x2f, 0x64, 0x73, 0x31, 0x5f, 0x64, 0x77, 0x5f, 0x62, 0x6e,
  0x5f, 0x31, 0x2f, 0x62, 0x61, 0x74, 0x63, 0x68, 0x6e, 0x6f, 0x72, 0x6d,
  0x2f, 0x6d, 0x75, 0x6c, 0x5f, 0x31, 0x3b, 0x73, 0x33, 0x5f, 0x73, 0x33,
  0x2d, 0x6c, 0x61, 0x72, 0x67, 0x65, 0x5f, 0x31, 0x2f, 0x64, 0x73, 0x31,
  0x5f, 0x64, 0x77, 0x5f, 0x31, 0x2f, 0x64, 0x65, 0x70, 0x74, 0x68, 0x77,
  0x69, 0x73, 0x65, 0x3b, 0x73, 0x33, 0x5f, 0x73, 0x33, 0x2d, 0x6c, 0x61,
  0x72, 0x67, 0x65, 0x5f, 0x31, 0x2f, 0x64, 0x73, 0x31, 0x5f, 0x64, 0x77,
  0x5f, 0x62, 0x6e, 0x5f, 0x31, 0x2f, 0x62, 0x61, 0x74, 0x63, 0x68, 0x6e,
  0x6f, 0x72, 0x6d, 0x2f, 0x6d, 0x75, 0x6c, 0x3b, 0x73, 0x33, 0x5f, 0x73,
  0x33, 0x2d, 0x6c, 0x61, 0x72, 0x67, 0x65, 0x5f, 0x31, 0x2f, 0x64, 0x73,
  0x31, 0x5f, 0x64, 0x77, 0x5f, 0x62, 0x6e, 0x5f, 0x31, 0x2f, 0x62, 0x61,
  0x74, 0x63, 0x68, 0x6e, 0x6f, 0x72, 0x6d, 0x2f, 0x73, 0x75, 0x62, 0x31,
  0x00, 0x00, 0x00, 0x00, 0x04, 0x00, 0x00, 0x00, 0x01, 0x00, 0x00, 0x00,
  0x19, 0x00, 0x00, 0x00, 0x14, 0x00, 0x00, 0x00, 0x20, 0x00, 0x00, 0x00,
  0xaa, 0xc7, 0xff, 0xff, 0x00, 0x00, 0x00, 0x01, 0x18, 0x00, 0x00, 0x00,
  0x28, 0x00, 0x00, 0x00, 0x48, 0x00, 0x00, 0x00, 0x1c, 0x00, 0x00, 0x00,
  0x00, 0x00, 0x00, 0x09, 0xd8, 0x00, 0x00, 0x00, 0x04, 0x00, 0x00, 0x00,
  0xff, 0xff, 0xff, 0xff, 0x19, 0x00, 0x00, 0x00, 0x14, 0x00, 0x00, 0x00,
  0x20, 0x00, 0x00, 0x00, 0x9c, 0xc7, 0xff, 0xff, 0x08, 0x00, 0x00, 0x00,
  0x14, 0x00, 0x00, 0x00, 0x01, 0x00, 0x00, 0x00, 0x80, 0xff, 0xff, 0xff,
  0xff, 0xff, 0xff, 0xff, 0x00, 0x00, 0x00, 0x00, 0x01, 0x00, 0x00, 0x00,
  0xc1, 0xc0, 0xc0, 0x3c, 0x95, 0x00, 0x00, 0x00, 0x73, 0x33, 0x5f, 0x73,
  0x33, 0x2d, 0x6c, 0x61, 0x72, 0x67, 0x65, 0x5f, 0x31, 0x2f, 0x73, 0x74,
  0x65, 0x6d, 0x5f, 0x72, 0x65, 0x6c, 0x75, 0x36, 0x5f, 0x31, 0x2f, 0x52,
  0x65, 0x6c, 0x75, 0x36, 0x3b, 0x73, 0x33, 0x5f, 0x73, 0x33, 0x2d, 0x6c,
  0x61, 0x72, 0x67, 0x65, 0x5f, 0x31, 0x2f, 0x73, 0x74, 0x65, 0x6d, 0x5f,
  0x62, 0x6e, 0x5f, 0x31, 0x2f, 0x62, 0x61, 0x74, 0x63, 0x68, 0x6e, 0x6f,
  0x72, 0x6d, 0x2f, 0x61, 0x64, 0x64, 0x5f, 0x31, 0x3b, 0x73, 0x33, 0x5f,
  0x73, 0x33, 0x2d, 0x6c, 0x61, 0x72, 0x67, 0x65, 0x5f, 0x31, 0x2f, 0x73,
  0x74, 0x65, 0x6d, 0x5f, 0x63, 0x6f, 0x6e, 0x76, 0x5f, 0x31, 0x2f, 0x63,
  0x6f, 0x6e, 0x76, 0x6f, 0x6c, 0x75, 0x74, 0x69, 0x6f, 0x6e, 0x3b, 0x73,
  0x33, 0x5f, 0x73, 0x33, 0x2d, 0x6c, 0x61, 0x72, 0x67, 0x65, 0x5f, 0x31,
  0x2f, 0x73, 0x74, 0x65, 0x6d, 0x5f, 0x62, 0x6e, 0x5f, 0x31, 0x2f, 0x62,
  0x61, 0x74, 0x63, 0x68, 0x6e, 0x6f, 0x72, 0x6d, 0x2f, 0x73, 0x75, 0x62,
  0x31, 0x00, 0x00, 0x00, 0x04, 0x00, 0x00, 0x00, 0x01, 0x00, 0x00, 0x00,
  0x19, 0x00, 0x00, 0x00, 0x14, 0x00, 0x00, 0x00, 0x20, 0x00, 0x00, 0x00,
  0xb2, 0xc8, 0xff, 0xff, 0x00, 0x00, 0x00, 0x01, 0x18, 0x00, 0x00, 0x00,
  0x28, 0x00, 0x00, 0x00, 0x44, 0x00, 0x00, 0x00, 0x1b, 0x00, 0x00, 0x00,
  0x00, 0x00, 0x00, 0x09, 0x64, 0x00, 0x00, 0x00, 0x04, 0x00, 0x00, 0x00,
  0xff, 0xff, 0xff, 0xff, 0x31, 0x00, 0x00, 0x00, 0x28, 0x00, 0x00, 0x00,
  0x03, 0x00, 0x00, 0x00, 0xa4, 0xc8, 0xff, 0xff, 0x08, 0x00, 0x00, 0x00,
  0x10, 0x00, 0x00, 0x00, 0x01, 0x00, 0x00, 0x00, 0xfd, 0xff, 0xff, 0xff,
  0xff, 0xff, 0xff, 0xff, 0x01, 0x00, 0x00, 0x00, 0x78, 0x04, 0x4c, 0x3e,
  0x25, 0x00, 0x00, 0x00, 0x73, 0x33, 0x5f, 0x73, 0x33, 0x2d, 0x6c, 0x61,
  0x72, 0x67, 0x65, 0x5f, 0x31, 0x2f, 0x66, 0x65, 0x61, 0x74, 0x75, 0x72,
  0x65, 0x5f, 0x69, 0x6d, 0x61, 0x67, 0x65, 0x5f, 0x31, 0x2f, 0x52, 0x65,
  0x73, 0x68, 0x61, 0x70, 0x65, 0x00, 0x00, 0x00, 0x04, 0x00, 0x00, 0x00,
  0x01, 0x00, 0x00, 0x00, 0x31, 0x00, 0x00, 0x00, 0x28, 0x00, 0x00, 0x00,
  0x03, 0x00, 0x00, 0x00, 0xc2, 0xc9, 0xff, 0xff, 0x00, 0x00, 0x00, 0x01,
  0x14, 0x00, 0x00, 0x00, 0x14, 0x00, 0x00, 0x00, 0x1a, 0x00, 0x00, 0x00,
  0x00, 0x00, 0x00, 0x02, 0x38, 0x00, 0x00, 0x00, 0xac, 0xc9, 0xff, 0xff,
  0x2b, 0x00, 0x00, 0x00, 0x73, 0x33, 0x5f, 0x73, 0x33, 0x2d, 0x6c, 0x61,
  0x72, 0x67, 0x65, 0x5f, 0x31, 0x2f, 0x66, 0x65, 0x61, 0x74, 0x75, 0x72,
  0x65, 0x5f, 0x69, 0x6d, 0x61, 0x67, 0x65, 0x5f, 0x31, 0x2f, 0x52, 0x65,
  0x73, 0x68, 0x61, 0x70, 0x65, 0x2f, 0x73, 0x68, 0x61, 0x70, 0x65, 0x00,
  0x01, 0x00, 0x00, 0x00, 0x04, 0x00, 0x00, 0x00, 0x1a, 0xca, 0xff, 0xff,
  0x00, 0x00, 0x00, 0x01, 0x14, 0x00, 0x00, 0x00, 0x14, 0x00, 0x00, 0x00,
  0x19, 0x00, 0x00, 0x00, 0x00, 0x00, 0x00, 0x02, 0x38, 0x00, 0x00, 0x00,
  0x04, 0xca, 0xff, 0xff, 0x2b, 0x00, 0x00, 0x00, 0x73, 0x33, 0x5f, 0x73,
  0x33, 0x2d, 0x6c, 0x61, 0x72, 0x67, 0x65, 0x5f, 0x31, 0x2f, 0x66, 0x65,
  0x61, 0x74, 0x75, 0x72, 0x65, 0x5f, 0x69, 0x6d, 0x61, 0x67, 0x65, 0x5f,
  0x31, 0x2f, 0x73, 0x74, 0x72, 0x69, 0x64, 0x65, 0x64, 0x5f, 0x73, 0x6c,
  0x69, 0x63, 0x65, 0x00, 0x00, 0x00, 0x00, 0x00, 0x6e, 0xca, 0xff, 0xff,
  0x00, 0x00, 0x00, 0x01, 0x14, 0x00, 0x00, 0x00, 0x14, 0x00, 0x00, 0x00,
  0x18, 0x00, 0x00, 0x00, 0x00, 0x00, 0x00, 0x02, 0x30, 0x00, 0x00, 0x00,
  0x58, 0xca, 0xff, 0xff, 0x23, 0x00, 0x00, 0x00, 0x73, 0x33, 0x5f, 0x73,
  0x33, 0x2d, 0x6c, 0x61, 0x72, 0x67, 0x65, 0x5f, 0x31, 0x2f, 0x66, 0x65,
  0x61, 0x74, 0x75, 0x72, 0x65, 0x5f, 0x69, 0x6d, 0x61, 0x67, 0x65, 0x5f,
  0x31, 0x2f, 0x53, 0x68, 0x61, 0x70, 0x65, 0x00, 0x01, 0x00, 0x00, 0x00,
  0x02, 0x00, 0x00, 0x00, 0xbe, 0xca, 0xff, 0xff, 0x00, 0x00, 0x00, 0x01,
  0x14, 0x00, 0x00, 0x00, 0xa4, 0x01, 0x00, 0x00, 0x17, 0x00, 0x00, 0x00,
  0x00, 0x00, 0x00, 0x09, 0xc4, 0x01, 0x00, 0x00, 0x1c, 0xca, 0xff, 0xff,
  0x08, 0x00, 0x00, 0x00, 0x08, 0x01, 0x00, 0x00, 0x20, 0x00, 0x00, 0x00,
  0x00, 0x00, 0x00, 0x00, 0x00, 0x00, 0x00, 0x00, 0x00, 0x00, 0x00, 0x00,
  0x00, 0x00, 0x00, 0x00, 0x00, 0x00, 0x00, 0x00, 0x00, 0x00, 0x00, 0x00,
  0x00, 0x00, 0x00, 0x00, 0x00, 0x00, 0x00, 0x00, 0x00, 0x00, 0x00, 0x00,
  0x00, 0x00, 0x00, 0x00, 0x00, 0x00, 0x00, 0x00, 0x00, 0x00, 0x00, 0x00,
  0x00, 0x00, 0x00, 0x00, 0x00, 0x00, 0x00, 0x00, 0x00, 0x00, 0x00, 0x00,
  0x00, 0x00, 0x00, 0x00, 0x00, 0x00, 0x00, 0x00, 0x00, 0x00, 0x00, 0x00,
  0x00, 0x00, 0x00, 0x00, 0x00, 0x00, 0x00, 0x00, 0x00, 0x00, 0x00, 0x00,
  0x00, 0x00, 0x00, 0x00, 0x00, 0x00, 0x00, 0x00, 0x00, 0x00, 0x00, 0x00,
  0x00, 0x00, 0x00, 0x00, 0x00, 0x00, 0x00, 0x00, 0x00, 0x00, 0x00, 0x00,
  0x00, 0x00, 0x00, 0x00, 0x00, 0x00, 0x00, 0x00, 0x00, 0x00, 0x00, 0x00,
  0x00, 0x00, 0x00, 0x00, 0x00, 0x00, 0x00, 0x00, 0x00, 0x00, 0x00, 0x00,
  0x00, 0x00, 0x00, 0x00, 0x00, 0x00, 0x00, 0x00, 0x00, 0x00, 0x00, 0x00,
  0x00, 0x00, 0x00, 0x00, 0x00, 0x00, 0x00, 0x00, 0x00, 0x00, 0x00, 0x00,
  0x00, 0x00, 0x00, 0x00, 0x00, 0x00, 0x00, 0x00, 0x00, 0x00, 0x00, 0x00,
  0x00, 0x00, 0x00, 0x00, 0x00, 0x00, 0x00, 0x00, 0x00, 0x00, 0x00, 0x00,
  0x00, 0x00, 0x00, 0x00, 0x00, 0x00, 0x00, 0x00, 0x00, 0x00, 0x00, 0x00,
  0x00, 0x00, 0x00, 0x00, 0x00, 0x00, 0x00, 0x00, 0x00, 0x00, 0x00, 0x00,
  0x00, 0x00, 0x00, 0x00, 0x00, 0x00, 0x00, 0x00, 0x00, 0x00, 0x00, 0x00,
  0x00, 0x00, 0x00, 0x00, 0x00, 0x00, 0x00, 0x00, 0x00, 0x00, 0x00, 0x00,
  0x00, 0x00, 0x00, 0x00, 0x00, 0x00, 0x00, 0x00, 0x00, 0x00, 0x00, 0x00,
  0x00, 0x00, 0x00, 0x00, 0x00, 0x00, 0x00, 0x00, 0x00, 0x00, 0x00, 0x00,
  0x00, 0x00, 0x00, 0x00, 0x20, 0x00, 0x00, 0x00, 0x29, 0x13, 0xa8, 0x39,
  0x77, 0x75, 0xe8, 0x39, 0x7b, 0x37, 0x89, 0x39, 0x07, 0xe4, 0x36, 0x39,
  0x1c, 0x9a, 0xc9, 0x39, 0x32, 0x99, 0x85, 0x39, 0xe1, 0x5e, 0xb0, 0x39,
  0x78, 0x57, 0x24, 0x39, 0x68, 0x70, 0xef, 0x39, 0x85, 0x36, 0x94, 0x39,
  0xfb, 0x59, 0x88, 0x39, 0x12, 0xca, 0x59, 0x39, 0xfc, 0x4c, 0x11, 0x39,
  0x49, 0x80, 0x6f, 0x39, 0xc5, 0xc1, 0x73, 0x39, 0x5e, 0x72, 0xc2, 0x39,
  0x7e, 0xdc, 0x99, 0x39, 0xbd, 0x51, 0xa7, 0x39, 0xf5, 0x4d, 0xc9, 0x39,
  0x05, 0x25, 0x50, 0x39, 0xcd, 0x69, 0xf3, 0x38, 0x8c, 0xc9, 0xb1, 0x39,
  0x84, 0x6d, 0x62, 0x39, 0x34, 0xa4, 0x46, 0x39, 0xad, 0xec, 0x6c, 0x39,
  0x5f, 0x0c, 0xa8, 0x39, 0xb0, 0x43, 0x8a, 0x39, 0x5c, 0x5e, 0xbd, 0x39,
  0x78, 0xc3, 0x9a, 0x39, 0x12, 0x44, 0x49, 0x3a, 0x68, 0x8c, 0xc3, 0x39,
  0xb0, 0x2a, 0x98, 0x39, 0x25, 0x00, 0x00, 0x00, 0x73, 0x33, 0x5f, 0x73,
  0x33, 0x2d, 0x6c, 0x61, 0x72, 0x67, 0x65, 0x5f, 0x31, 0x2f, 0x73, 0x74,
  0x65, 0x6d, 0x5f, 0x63, 0x6f, 0x6e, 0x76, 0x5f, 0x31, 0x2f, 0x63, 0x6f,
  0x6e, 0x76, 0x6f, 0x6c, 0x75, 0x74, 0x69, 0x6f, 0x6e, 0x00, 0x00, 0x00,
  0x04, 0x00, 0x00, 0x00, 0x20, 0x00, 0x00, 0x00, 0x05, 0x00, 0x00, 0x00,
  0x05, 0x00, 0x00, 0x00, 0x03, 0x00, 0x00, 0x00, 0xae, 0xcc, 0xff, 0xff,
  0x00, 0x00, 0x00, 0x01, 0x14, 0x00, 0x00, 0x00, 0xa4, 0x01, 0x00, 0x00,
  0x16, 0x00, 0x00, 0x00, 0x00, 0x00, 0x00, 0x02, 0x34, 0x02, 0x00, 0x00,
  0x0c, 0xcc, 0xff, 0xff, 0x08, 0x00, 0x00, 0x00, 0x08, 0x01, 0x00, 0x00,
  0x20, 0x00, 0x00, 0x00, 0x00, 0x00, 0x00, 0x00, 0x00, 0x00, 0x00, 0x00,
  0x00, 0x00, 0x00, 0x00, 0x00, 0x00, 0x00, 0x00, 0x00, 0x00, 0x00, 0x00,
  0x00, 0x00, 0x00, 0x00, 0x00, 0x00, 0x00, 0x00, 0x00, 0x00, 0x00, 0x00,
  0x00, 0x00, 0x00, 0x00, 0x00, 0x00, 0x00, 0x00, 0x00, 0x00, 0x00, 0x00,
  0x00, 0x00, 0x00, 0x00, 0x00, 0x00, 0x00, 0x00, 0x00, 0x00, 0x00, 0x00,
  0x00, 0x00, 0x00, 0x00, 0x00, 0x00, 0x00, 0x00, 0x00, 0x00, 0x00, 0x00,
  0x00, 0x00, 0x00, 0x00, 0x00, 0x00, 0x00, 0x00, 0x00, 0x00, 0x00, 0x00,
  0x00, 0x00, 0x00, 0x00, 0x00, 0x00, 0x00, 0x00, 0x00, 0x00, 0x00, 0x00,
  0x00, 0x00, 0x00, 0x00, 0x00, 0x00, 0x00, 0x00, 0x00, 0x00, 0x00, 0x00,
  0x00, 0x00, 0x00, 0x00, 0x00, 0x00, 0x00, 0x00, 0x00, 0x00, 0x00, 0x00,
  0x00, 0x00, 0x00, 0x00, 0x00, 0x00, 0x00, 0x00, 0x00, 0x00, 0x00, 0x00,
  0x00, 0x00, 0x00, 0x00, 0x00, 0x00, 0x00, 0x00, 0x00, 0x00, 0x00, 0x00,
  0x00, 0x00, 0x00, 0x00, 0x00, 0x00, 0x00, 0x00, 0x00, 0x00, 0x00, 0x00,
  0x00, 0x00, 0x00, 0x00, 0x00, 0x00, 0x00, 0x00, 0x00, 0x00, 0x00, 0x00,
  0x00, 0x00, 0x00, 0x00, 0x00, 0x00, 0x00, 0x00, 0x00, 0x00, 0x00, 0x00,
  0x00, 0x00, 0x00, 0x00, 0x00, 0x00, 0x00, 0x00, 0x00, 0x00, 0x00, 0x00,
  0x00, 0x00, 0x00, 0x00, 0x00, 0x00, 0x00, 0x00, 0x00, 0x00, 0x00, 0x00,
  0x00, 0x00, 0x00, 0x00, 0x00, 0x00, 0x00, 0x00, 0x00, 0x00, 0x00, 0x00,
  0x00, 0x00, 0x00, 0x00, 0x00, 0x00, 0x00, 0x00, 0x00, 0x00, 0x00, 0x00,
  0x00, 0x00, 0x00, 0x00, 0x00, 0x00, 0x00, 0x00, 0x00, 0x00, 0x00, 0x00,
  0x00, 0x00, 0x00, 0x00, 0x00, 0x00, 0x00, 0x00, 0x00, 0x00, 0x00, 0x00,
  0x00, 0x00, 0x00, 0x00, 0x00, 0x00, 0x00, 0x00, 0x20, 0x00, 0x00, 0x00,
  0x34, 0xf2, 0x85, 0x38, 0xaa, 0x41, 0xb9, 0x38, 0x36, 0xb5, 0x5a, 0x38,
  0xe7, 0xc0, 0x11, 0x38, 0x53, 0xaa, 0xa0, 0x38, 0xd2, 0xf0, 0x54, 0x38,
  0xaf, 0x8e, 0x8c, 0x38, 0x92, 0xf8, 0x02, 0x38, 0xc1, 0xd1, 0xbe, 0x38,
  0x11, 0x3c, 0x6c, 0x38, 0x2b, 0x54, 0x59, 0x38, 0xd4, 0x90, 0x2d, 0x38,
  0xc4, 0x97, 0xe7, 0x37, 0x68, 0xde, 0x3e, 0x38, 0xaa, 0x42, 0x42, 0x38,
  0x88, 0xf6, 0x9a, 0x38, 0xc8, 0x3c, 0x75, 0x38, 0x0e, 0x58, 0x85, 0x38,
  0xa3, 0x6d, 0xa0, 0x38, 0x22, 0xe1, 0x25, 0x38, 0x8f, 0xfc, 0xc1, 0x37,
  0xb6, 0xaf, 0x8d, 0x38, 0x39, 0x73, 0x34, 0x38, 0x51, 0x4e, 0x1e, 0x38,
  0xbd, 0xd0, 0x3c, 0x38, 0xcb, 0xec, 0x85, 0x38, 0xb4, 0x60, 0x5c, 0x38,
  0x80, 0xea, 0x96, 0x38, 0xee, 0xac, 0x76, 0x38, 0xc2, 0x65, 0x20, 0x39,
  0x4d, 0xd7, 0x9b, 0x38, 0x58, 0x89, 0x72, 0x38, 0x94, 0x00, 0x00, 0x00,
  0x73, 0x33, 0x5f, 0x73, 0x33, 0x2d, 0x6c, 0x61, 0x72, 0x67, 0x65, 0x5f,
  0x31, 0x2f, 0x73, 0x74, 0x65, 0x6d, 0x5f, 0x72, 0x65, 0x6c, 0x75, 0x36,
  0x5f, 0x31, 0x2f, 0x52, 0x65, 0x6c, 0x75, 0x36, 0x3b, 0x73, 0x33, 0x5f,
  0x73, 0x33, 0x2d, 0x6c, 0x61, 0x72, 0x67, 0x65, 0x5f, 0x31, 0x2f, 0x73,
  0x74, 0x65, 0x6d, 0x5f, 0x62, 0x6e, 0x5f, 0x31, 0x2f, 0x62, 0x61, 0x74,
  0x63, 0x68, 0x6e, 0x6f, 0x72, 0x6d, 0x2f, 0x61, 0x64, 0x64, 0x5f, 0x31,
  0x3b, 0x73, 0x33, 0x5f, 0x73, 0x33, 0x2d, 0x6c, 0x61, 0x72, 0x67, 0x65,
  0x5f, 0x31, 0x2f, 0x73, 0x74, 0x65, 0x6d, 0x5f, 0x63, 0x6f, 0x6e, 0x76,
  0x5f, 0x31, 0x2f, 0x63, 0x6f, 0x6e, 0x76, 0x6f, 0x6c, 0x75, 0x74, 0x69,
  0x6f, 0x6e, 0x3b, 0x73, 0x33, 0x5f, 0x73, 0x33, 0x2d, 0x6c, 0x61, 0x72,
  0x67, 0x65, 0x5f, 0x31, 0x2f, 0x73, 0x74, 0x65, 0x6d, 0x5f, 0x62, 0x6e,
  0x5f, 0x31, 0x2f, 0x62, 0x61, 0x74, 0x63, 0x68, 0x6e, 0x6f, 0x72, 0x6d,
  0x2f, 0x73, 0x75, 0x62, 0x00, 0x00, 0x00, 0x00, 0x01, 0x00, 0x00, 0x00,
  0x20, 0x00, 0x00, 0x00, 0x02, 0xcf, 0xff, 0xff, 0x00, 0x00, 0x00, 0x01,
  0x14, 0x00, 0x00, 0x00, 0xac, 0x01, 0x00, 0x00, 0x15, 0x00, 0x00, 0x00,
  0x00, 0x00, 0x00, 0x09, 0x18, 0x02, 0x00, 0x00, 0x82, 0xe4, 0xff, 0xff,
  0x03, 0x00, 0x00, 0x00, 0x08, 0x00, 0x00, 0x00, 0x0c, 0x01, 0x00, 0x00,
  0x20, 0x00, 0x00, 0x00, 0x00, 0x00, 0x00, 0x00, 0x00, 0x00, 0x00, 0x00,
  0x00, 0x00, 0x00, 0x00, 0x00, 0x00, 0x00, 0x00, 0x00, 0x00, 0x00, 0x00,
  0x00, 0x00, 0x00, 0x00, 0x00, 0x00, 0x00, 0x00, 0x00, 0x00, 0x00, 0x00,
  0x00, 0x00, 0x00, 0x00, 0x00, 0x00, 0x00, 0x00, 0x00, 0x00, 0x00, 0x00,
  0x00, 0x00, 0x00, 0x00, 0x00, 0x00, 0x00, 0x00, 0x00, 0x00, 0x00, 0x00,
  0x00, 0x00, 0x00, 0x00, 0x00, 0x00, 0x00, 0x00, 0x00, 0x00, 0x00, 0x00,
  0x00, 0x00, 0x00, 0x00, 0x00, 0x00, 0x00, 0x00, 0x00, 0x00, 0x00, 0x00,
  0x00, 0x00, 0x00, 0x00, 0x00, 0x00, 0x00, 0x00, 0x00, 0x00, 0x00, 0x00,
  0x00, 0x00, 0x00, 0x00, 0x00, 0x00, 0x00, 0x00, 0x00, 0x00, 0x00, 0x00,
  0x00, 0x00, 0x00, 0x00, 0x00, 0x00, 0x00, 0x00, 0x00, 0x00, 0x00, 0x00,
  0x00, 0x00, 0x00, 0x00, 0x00, 0x00, 0x00, 0x00, 0x00, 0x00, 0x00, 0x00,
  0x00, 0x00, 0x00, 0x00, 0x00, 0x00, 0x00, 0x00, 0x00, 0x00, 0x00, 0x00,
  0x00, 0x00, 0x00, 0x00, 0x00, 0x00, 0x00, 0x00, 0x00, 0x00, 0x00, 0x00,
  0x00, 0x00, 0x00, 0x00, 0x00, 0x00, 0x00, 0x00, 0x00, 0x00, 0x00, 0x00,
  0x00, 0x00, 0x00, 0x00, 0x00, 0x00, 0x00, 0x00, 0x00, 0x00, 0x00, 0x00,
  0x00, 0x00, 0x00, 0x00, 0x00, 0x00, 0x00, 0x00, 0x00, 0x00, 0x00, 0x00,
  0x00, 0x00, 0x00, 0x00, 0x00, 0x00, 0x00, 0x00, 0x00, 0x00, 0x00, 0x00,
  0x00, 0x00, 0x00, 0x00, 0x00, 0x00, 0x00, 0x00, 0x00, 0x00, 0x00, 0x00,
  0x00, 0x00, 0x00, 0x00, 0x00, 0x00, 0x00, 0x00, 0x00, 0x00, 0x00, 0x00,
  0x00, 0x00, 0x00, 0x00, 0x00, 0x00, 0x00, 0x00, 0x00, 0x00, 0x00, 0x00,
  0x00, 0x00, 0x00, 0x00, 0x00, 0x00, 0x00, 0x00, 0x00, 0x00, 0x00, 0x00,
  0x00, 0x00, 0x00, 0x00, 0x00, 0x00, 0x00, 0x00, 0x00, 0x00, 0x00, 0x00,
  0x20, 0x00, 0x00, 0x00, 0x0e, 0xcf, 0xb7, 0x3c, 0xd5, 0xab, 0xd4, 0x3b,
  0xa5, 0x16, 0xc5, 0x3b, 0x04, 0x1e, 0xac, 0x3b, 0xa1, 0x5e, 0x19, 0x3c,
  0xb0, 0x41, 0x1b, 0x3c, 0x31, 0xcb, 0xc2, 0x3b, 0x2d, 0x52, 0xd4, 0x3b,
  0x88, 0x07, 0x03, 0x3c, 0x30, 0x0f, 0x04, 0x3c, 0xae, 0xa3, 0x9a, 0x3b,
  0x77, 0x21, 0x7c, 0x3c, 0xee, 0xb5, 0x88, 0x3b, 0x62, 0x95, 0xbe, 0x3c,
  0x67, 0x5a, 0x01, 0x3c, 0x02, 0x34, 0xa2, 0x3b, 0x71, 0x7a, 0x14, 0x3c,
  0x97, 0x7e, 0x31, 0x3c, 0xd5, 0x65, 0xf2, 0x3b, 0x04, 0x8e, 0xf5, 0x3b,
  0x71, 0x75, 0x0b, 0x3c, 0xbf, 0xd8, 0x55, 0x3c, 0xaa, 0x67, 0x82, 0x3c,
  0x55, 0x85, 0x13, 0x3c, 0x6e, 0x9e, 0x82, 0x3c, 0xa4, 0xb7, 0xfe, 0x3b,
  0x7a, 0xe0, 0x06, 0x3c, 0x6d, 0x62, 0x73, 0x3c, 0x2c, 0x25, 0xcd, 0x3b,
  0x83, 0xe0, 0x77, 0x3c, 0x3e, 0xdd, 0xce, 0x3b, 0xd1, 0x4b, 0x7d, 0x3c,
  0x72, 0x00, 0x00, 0x00, 0x73, 0x33, 0x5f, 0x73, 0x33, 0x2d, 0x6c, 0x61,
  0x72, 0x67, 0x65, 0x5f, 0x31, 0x2f, 0x64, 0x73, 0x31, 0x5f, 0x64, 0x77,
  0x5f, 0x62, 0x6e, 0x5f, 0x31, 0x2f, 0x62, 0x61, 0x74, 0x63, 0x68, 0x6e,
  0x6f, 0x72, 0x6d, 0x2f, 0x6d, 0x75, 0x6c, 0x5f, 0x31, 0x3b, 0x73, 0x33,
  0x5f, 0x73, 0x33, 0x2d, 0x6c, 0x61, 0x72, 0x67, 0x65, 0x5f, 0x31, 0x2f,
  0x64, 0x73, 0x31, 0x5f, 0x64, 0x77, 0x5f, 0x31, 0x2f, 0x64, 0x65, 0x70,
  0x74, 0x68, 0x77, 0x69, 0x73, 0x65, 0x3b, 0x73, 0x33, 0x5f, 0x73, 0x33,
  0x2d, 0x6c, 0x61, 0x72, 0x67, 0x65, 0x5f, 0x31, 0x2f, 0x64, 0x73, 0x31,
  0x5f, 0x64, 0x77, 0x5f, 0x62, 0x6e, 0x5f, 0x31, 0x2f, 0x62, 0x61, 0x74,
  0x63, 0x68, 0x6e, 0x6f, 0x72, 0x6d, 0x2f, 0x6d, 0x75, 0x6c, 0x00, 0x00,
  0x04, 0x00, 0x00, 0x00, 0x01, 0x00, 0x00, 0x00, 0x03, 0x00, 0x00, 0x00,
  0x03, 0x00, 0x00, 0x00, 0x20, 0x00, 0x00, 0x00, 0x46, 0xd1, 0xff, 0xff,
  0x00, 0x00, 0x00, 0x01, 0x14, 0x00, 0x00, 0x00, 0xa8, 0x01, 0x00, 0x00,
  0x14, 0x00, 0x00, 0x00, 0x00, 0x00, 0x00, 0x02, 0x88, 0x02, 0x00, 0x00,
  0xa4, 0xd0, 0xff, 0xff, 0x08, 0x00, 0x00, 0x00, 0x0c, 0x01, 0x00, 0x00,
  0x20, 0x00, 0x00, 0x00, 0x00, 0x00, 0x00, 0x00, 0x00, 0x00, 0x00, 0x00,
  0x00, 0x00, 0x00, 0x00, 0x00, 0x00, 0x00, 0x00, 0x00, 0x00, 0x00, 0x00,
  0x00, 0x00, 0x00, 0x00, 0x00, 0x00, 0x00, 0x00, 0x00, 0x00, 0x00, 0x00,
  0x00, 0x00, 0x00, 0x00, 0x00, 0x00, 0x00, 0x00, 0x00, 0x00, 0x00, 0x00,
  0x00, 0x00, 0x00, 0x00, 0x00, 0x00, 0x00, 0x00, 0x00, 0x00, 0x00, 0x00,
  0x00, 0x00, 0x00, 0x00, 0x00, 0x00, 0x00, 0x00, 0x00, 0x00, 0x00, 0x00,
  0x00, 0x00, 0x00, 0x00, 0x00, 0x00, 0x00, 0x00, 0x00, 0x00, 0x00, 0x00,
  0x00, 0x00, 0x00, 0x00, 0x00, 0x00, 0x00, 0x00, 0x00, 0x00, 0x00, 0x00,
  0x00, 0x00, 0x00, 0x00, 0x00, 0x00, 0x00, 0x00, 0x00, 0x00, 0x00, 0x00,
  0x00, 0x00, 0x00, 0x00, 0x00, 0x00, 0x00, 0x00, 0x00, 0x00, 0x00, 0x00,
  0x00, 0x00, 0x00, 0x00, 0x00, 0x00, 0x00, 0x00, 0x00, 0x00, 0x00, 0x00,
  0x00, 0x00, 0x00, 0x00, 0x00, 0x00, 0x00, 0x00, 0x00, 0x00, 0x00, 0x00,
  0x00, 0x00, 0x00, 0x00, 0x00, 0x00, 0x00, 0x00, 0x00, 0x00, 0x00, 0x00,
  0x00, 0x00, 0x00, 0x00, 0x00, 0x00, 0x00, 0x00, 0x00, 0x00, 0x00, 0x00,
  0x00, 0x00, 0x00, 0x00, 0x00, 0x00, 0x00, 0x00, 0x00, 0x00, 0x00, 0x00,
  0x00, 0x00, 0x00, 0x00, 0x00, 0x00, 0x00, 0x00, 0x00, 0x00, 0x00, 0x00,
  0x00, 0x00, 0x00, 0x00, 0x00, 0x00, 0x00, 0x00, 0x00, 0x00, 0x00, 0x00,
  0x00, 0x00, 0x00, 0x00, 0x00, 0x00, 0x00, 0x00, 0x00, 0x00, 0x00, 0x00,
  0x00, 0x00, 0x00, 0x00, 0x00, 0x00, 0x00, 0x00, 0x00, 0x00, 0x00, 0x00,
  0x00, 0x00, 0x00, 0x00, 0x00, 0x00, 0x00, 0x00, 0x00, 0x00, 0x00, 0x00,
  0x00, 0x00, 0x00, 0x00, 0x00, 0x00, 0x00, 0x00, 0x00, 0x00, 0x00, 0x00,
  0x00, 0x00, 0x00, 0x00, 0x00, 0x00, 0x00, 0x00, 0x00, 0x00, 0x00, 0x00,
  0x20, 0x00, 0x00, 0x00, 0xb0, 0x65, 0x0a, 0x3a, 0x01, 0x21, 0x20, 0x39,
  0x61, 0x65, 0x14, 0x39, 0x1b, 0x98, 0x01, 0x39, 0xe7, 0xf4, 0x66, 0x39,
  0x55, 0xcc, 0x69, 0x39, 0x10, 0xab, 0x12, 0x39, 0x7f, 0xdd, 0x1f, 0x39,
  0x9d, 0x50, 0x45, 0x39, 0xa6, 0xdd, 0x46, 0x39, 0x64, 0xde, 0xe8, 0x38,
  0xf0, 0xd6, 0xbd, 0x39, 0xc4, 0xde, 0xcd, 0x38, 0x89, 0x7f, 0x0f, 0x3a,
  0x65, 0xca, 0x42, 0x39, 0x46, 0x42, 0xf4, 0x38, 0x41, 0x97, 0x5f, 0x39,
  0x96, 0xa4, 0x85, 0x39, 0xe3, 0x82, 0x36, 0x39, 0x67, 0xe3, 0x38, 0x39,
  0x2c, 0x02, 0x52, 0x39, 0x93, 0x03, 0xa1, 0x39, 0xdf, 0x5f, 0xc4, 0x39,
  0x26, 0x26, 0x5e, 0x39, 0x58, 0xb2, 0xc4, 0x39, 0x85, 0xc9, 0x3f, 0x39,
  0xd3, 0x1b, 0x4b, 0x39, 0x13, 0x41, 0xb7, 0x39, 0x58, 0x76, 0x1a, 0x39,
  0x06, 0xa3, 0xba, 0x39, 0xb0, 0xc1, 0x1b, 0x39, 0x95, 0xb7, 0xbe, 0x39,
  0xe7, 0x00, 0x00, 0x00, 0x73, 0x33, 0x5f, 0x73, 0x33, 0x2d, 0x6c, 0x61,
  0x72, 0x67, 0x65, 0x5f, 0x31, 0x2f, 0x64, 0x73, 0x31, 0x5f, 0x64, 0x77,
  0x5f, 0x72, 0x65, 0x6c, 0x75, 0x36, 0x5f, 0x31, 0x2f, 0x52, 0x65, 0x6c,
  0x75, 0x36, 0x3b, 0x73, 0x33, 0x5f, 0x73, 0x33, 0x2d, 0x6c, 0x61, 0x72,
  0x67, 0x65, 0x5f, 0x31, 0x2f, 0x64, 0x73, 0x31, 0x5f, 0x64, 0x77, 0x5f,
  0x62, 0x6e, 0x5f, 0x31, 0x2f, 0x62, 0x61, 0x74, 0x63, 0x68, 0x6e, 0x6f,
  0x72, 0x6d, 0x2f, 0x61, 0x64, 0x64, 0x5f, 0x31, 0x3b, 0x73, 0x33, 0x5f,
  0x73, 0x33, 0x2d, 0x6c, 0x61, 0x72, 0x67, 0x65, 0x5f, 0x31, 0x2f, 0x64,
  0x73, 0x31, 0x5f, 0x64, 0x77, 0x5f, 0x62, 0x6e, 0x5f, 0x31, 0x2f, 0x62,
  0x61, 0x74, 0x63, 0x68, 0x6e, 0x6f, 0x72, 0x6d, 0x2f, 0x6d, 0x75, 0x6c,
  0x5f, 0x31, 0x3b, 0x73, 0x33, 0x5f, 0x73, 0x33, 0x2d, 0x6c, 0x61, 0x72,
  0x67, 0x65, 0x5f, 0x31, 0x2f, 0x64, 0x73, 0x31, 0x5f, 0x64, 0x77, 0x5f,
  0x31, 0x2f, 0x64, 0x65, 0x70, 0x74, 0x68, 0x77, 0x69, 0x73, 0x65, 0x3b,
  0x73, 0x33, 0x5f, 0x73, 0x33, 0x2d, 0x6c, 0x61, 0x72, 0x67, 0x65, 0x5f,
  0x31, 0x2f, 0x64, 0x73, 0x31, 0x5f, 0x64, 0x77, 0x5f, 0x62, 0x6e, 0x5f,
  0x31, 0x2f, 0x62, 0x61, 0x74, 0x63, 0x68, 0x6e, 0x6f, 0x72, 0x6d, 0x2f,
  0x6d, 0x75, 0x6c, 0x3b, 0x73, 0x33, 0x5f, 0x73, 0x33, 0x2d, 0x6c, 0x61,
  0x72, 0x67, 0x65, 0x5f, 0x31, 0x2f, 0x64, 0x73, 0x31, 0x5f, 0x64, 0x77,
  0x5f, 0x62, 0x6e, 0x5f, 0x31, 0x2f, 0x62, 0x61, 0x74, 0x63, 0x68, 0x6e,
  0x6f, 0x72, 0x6d, 0x2f, 0x73, 0x75, 0x62, 0x00, 0x01, 0x00, 0x00, 0x00,
  0x20, 0x00, 0x00, 0x00, 0xee, 0xd3, 0xff, 0xff, 0x00, 0x00, 0x00, 0x01,
  0x14, 0x00, 0x00, 0x00, 0x28, 0x03, 0x00, 0x00, 0x13, 0x00, 0x00, 0x00,
  0x00, 0x00, 0x00, 0x09, 0x44, 0x03, 0x00, 0x00, 0x4c, 0xd3, 0xff, 0xff,
  0x08, 0x00, 0x00, 0x00, 0x0c, 0x02, 0x00, 0x00, 0x40, 0x00, 0x00, 0x00,
  0x00, 0x00, 0x00, 0x00, 0x00, 0x00, 0x00, 0x00, 0x00, 0x00, 0x00, 0x00,
  0x00, 0x00, 0x00, 0x00, 0x00, 0x00, 0x00, 0x00, 0x00, 0x00, 0x00, 0x00,
  0x00, 0x00, 0x00, 0x00, 0x00, 0x00, 0x00, 0x00, 0x00, 0x00, 0x00, 0x00,
  0x00, 0x00, 0x00, 0x00, 0x00, 0x00, 0x00, 0x00, 0x00, 0x00, 0x00, 0x00,
  0x00, 0x00, 0x00, 0x00, 0x00, 0x00, 0x00, 0x00, 0x00, 0x00, 0x00, 0x00,
  0x00, 0x00, 0x00, 0x00, 0x00, 0x00, 0x00, 0x00, 0x00, 0x00, 0x00, 0x00,
  0x00, 0x00, 0x00, 0x00, 0x00, 0x00, 0x00, 0x00, 0x00, 0x00, 0x00, 0x00,
  0x00, 0x00, 0x00, 0x00, 0x00, 0x00, 0x00, 0x00, 0x00, 0x00, 0x00, 0x00,
  0x00, 0x00, 0x00, 0x00, 0x00, 0x00, 0x00, 0x00, 0x00, 0x00, 0x00, 0x00,
  0x00, 0x00, 0x00, 0x00, 0x00, 0x00, 0x00, 0x00, 0x00, 0x00, 0x00, 0x00,
  0x00, 0x00, 0x00, 0x00, 0x00, 0x00, 0x00, 0x00, 0x00, 0x00, 0x00, 0x00,
  0x00, 0x00, 0x00, 0x00, 0x00, 0x00, 0x00, 0x00, 0x00, 0x00, 0x00, 0x00,
  0x00, 0x00, 0x00, 0x00, 0x00, 0x00, 0x00, 0x00, 0x00, 0x00, 0x00, 0x00,
  0x00, 0x00, 0x00, 0x00, 0x00, 0x00, 0x00, 0x00, 0x00, 0x00, 0x00, 0x00,
  0x00, 0x00, 0x00, 0x00, 0x00, 0x00, 0x00, 0x00, 0x00, 0x00, 0x00, 0x00,
  0x00, 0x00, 0x00, 0x00, 0x00, 0x00, 0x00, 0x00, 0x00, 0x00, 0x00, 0x00,
  0x00, 0x00, 0x00, 0x00, 0x00, 0x00, 0x00, 0x00, 0x00, 0x00, 0x00, 0x00,
  0x00, 0x00, 0x00, 0x00, 0x00, 0x00, 0x00, 0x00, 0x00, 0x00, 0x00, 0x00,
  0x00, 0x00, 0x00, 0x00, 0x00, 0x00, 0x00, 0x00, 0x00, 0x00, 0x00, 0x00,
  0x00, 0x00, 0x00, 0x00, 0x00, 0x00, 0x00, 0x00, 0x00, 0x00, 0x00, 0x00,
  0x00, 0x00, 0x00, 0x00, 0x00, 0x00, 0x00, 0x00, 0x00, 0x00, 0x00, 0x00,
  0x00, 0x00, 0x00, 0x00, 0x00, 0x00, 0x00, 0x00, 0x00, 0x00, 0x00, 0x00,
  0x00, 0x00, 0x00, 0x00, 0x00, 0x00, 0x00, 0x00, 0x00, 0x00, 0x00, 0x00,
  0x00, 0x00, 0x00, 0x00, 0x00, 0x00, 0x00, 0x00, 0x00, 0x00, 0x00, 0x00,
  0x00, 0x00, 0x00, 0x00, 0x00, 0x00, 0x00, 0x00, 0x00, 0x00, 0x00, 0x00,
  0x00, 0x00, 0x00, 0x00, 0x00, 0x00, 0x00, 0x00, 0x00, 0x00, 0x00, 0x00,
  0x00, 0x00, 0x00, 0x00, 0x00, 0x00, 0x00, 0x00, 0x00, 0x00, 0x00, 0x00,
  0x00, 0x00, 0x00, 0x00, 0x00, 0x00, 0x00, 0x00, 0x00, 0x00, 0x00, 0x00,
  0x00, 0x00, 0x00, 0x00, 0x00, 0x00, 0x00, 0x00, 0x00, 0x00, 0x00, 0x00,
  0x00, 0x00, 0x00, 0x00, 0x00, 0x00, 0x00, 0x00, 0x00, 0x00, 0x00, 0x00,
  0x00, 0x00, 0x00, 0x00, 0x00, 0x00, 0x00, 0x00, 0x00, 0x00, 0x00, 0x00,
  0x00, 0x00, 0x00, 0x00, 0x00, 0x00, 0x00, 0x00, 0x00, 0x00, 0x00, 0x00,
  0x00, 0x00, 0x00, 0x00, 0x00, 0x00, 0x00, 0x00, 0x00, 0x00, 0x00, 0x00,
  0x00, 0x00, 0x00, 0x00, 0x00, 0x00, 0x00, 0x00, 0x00, 0x00, 0x00, 0x00,
  0x00, 0x00, 0x00, 0x00, 0x00, 0x00, 0x00, 0x00, 0x00, 0x00, 0x00, 0x00,
  0x00, 0x00, 0x00, 0x00, 0x00, 0x00, 0x00, 0x00, 0x00, 0x00, 0x00, 0x00,
  0x00, 0x00, 0x00, 0x00, 0x00, 0x00, 0x00, 0x00, 0x00, 0x00, 0x00, 0x00,
  0x00, 0x00, 0x00, 0x00, 0x00, 0x00, 0x00, 0x00, 0x00, 0x00, 0x00, 0x00,
  0x00, 0x00, 0x00, 0x00, 0x00, 0x00, 0x00, 0x00, 0x00, 0x00, 0x00, 0x00,
  0x00, 0x00, 0x00, 0x00, 0x00, 0x00, 0x00, 0x00, 0x00, 0x00, 0x00, 0x00,
  0x00, 0x00, 0x00, 0x00, 0x00, 0x00, 0x00, 0x00, 0x00, 0x00, 0x00, 0x00,
  0x00, 0x00, 0x00, 0x00, 0x00, 0x00, 0x00, 0x00, 0x00, 0x00, 0x00, 0x00,
  0x00, 0x00, 0x00, 0x00, 0x00, 0x00, 0x00, 0x00, 0x00, 0x00, 0x00, 0x00,
  0x40, 0x00, 0x00, 0x00, 0x96, 0x3e, 0xa8, 0x3b, 0xa7, 0x18, 0xb3, 0x3b,
  0x0b, 0xf8, 0xb9, 0x3b, 0xfc, 0xb6, 0x91, 0x3b, 0x90, 0xa3, 0xf9, 0x3b,
  0x20, 0x7f, 0x9d, 0x3b, 0xe4, 0xa1, 0xa2, 0x3b, 0x4f, 0x17, 0xa8, 0x3b,
  0xd0, 0x7b, 0x80, 0x3b, 0x76, 0x5d, 0xf5, 0x3b, 0x54, 0x3e, 0x29, 0x3c,
  0xbb, 0x44, 0xbc, 0x3b, 0xdd, 0xda, 0x9a, 0x3b, 0xd3, 0xcb, 0xb7, 0x3b,
  0x2a, 0x28, 0x9c, 0x3b, 0x3d, 0xd8, 0x87, 0x3b, 0x82, 0x07, 0x09, 0x3c,
  0xe4, 0x62, 0x4b, 0x3b, 0x7f, 0x6b, 0xad, 0x3b, 0x51, 0xb7, 0x13, 0x3c,
  0xde, 0xa9, 0xb9, 0x3b, 0xd4, 0x0e, 0xf1, 0x3b, 0x2d, 0xe6, 0x92, 0x3b,
  0x67, 0x04, 0x83, 0x3b, 0x50, 0xff, 0xab, 0x3b, 0xc9, 0x4e, 0x9a, 0x3b,
  0xd2, 0xf8, 0x99, 0x3b, 0xe2, 0xee, 0xb6, 0x3b, 0x23, 0x8d, 0xa0, 0x3b,
  0x6f, 0x37, 0xb7, 0x3b, 0x26, 0x46, 0x78, 0x3b, 0x10, 0x9b, 0xa7, 0x3b,
  0x64, 0x06, 0xd3, 0x3b, 0x3d, 0xc6, 0x83, 0x3b, 0xd6, 0x36, 0x9a, 0x3b,
  0x68, 0xa6, 0xac, 0x3b, 0x95, 0x3b, 0x83, 0x3b, 0x75, 0xd1, 0x82, 0x3b,
  0x44, 0xfe, 0xae, 0x3b, 0xc8, 0x20, 0x5e, 0x3b, 0xe2, 0x37, 0x97, 0x3b,
  0x57, 0x51, 0x98, 0x3b, 0x12, 0xd7, 0x86, 0x3b, 0xe2, 0xa2, 0xf0, 0x3b,
  0x9d, 0x5d, 0x85, 0x3b, 0xd3, 0xed, 0xae, 0x3b, 0x5c, 0x2c, 0xad, 0x3b,
  0xb1, 0xeb, 0xd6, 0x3b, 0x08, 0x26, 0xd4, 0x3b, 0x8c, 0x31, 0x80, 0x3b,
  0x66, 0xb6, 0xb7, 0x3b, 0xd2, 0x1e, 0x95, 0x3b, 0xce, 0x28, 0x82, 0x3b,
  0x07, 0x60, 0xb9, 0x3b, 0x26, 0x92, 0x99, 0x3b, 0x81, 0xb4, 0xce, 0x3b,
  0x79, 0x6b, 0x9e, 0x3b, 0x0a, 0x19, 0x01, 0x3c, 0x88, 0x5e, 0x19, 0x3c,
  0x9e, 0x67, 0xa6, 0x3b, 0x46, 0xf0, 0xb7, 0x3b, 0x21, 0xa7, 0xbe, 0x3b,
  0xd1, 0x27, 0xbd, 0x3b, 0x37, 0xcf, 0xa0, 0x3b, 0x22, 0x00, 0x00, 0x00,
  0x73, 0x33, 0x5f, 0x73, 0x33, 0x2d, 0x6c, 0x61, 0x72, 0x67, 0x65, 0x5f,
  0x31, 0x2f, 0x64, 0x73, 0x31, 0x5f, 0x70, 0x77, 0x5f, 0x31, 0x2f, 0x63,
  0x6f, 0x6e, 0x76, 0x6f, 0x6c, 0x75, 0x74, 0x69, 0x6f, 0x6e, 0x00, 0x00,
  0x04, 0x00, 0x00, 0x00, 0x40, 0x00, 0x00, 0x00, 0x01, 0x00, 0x00, 0x00,
  0x01, 0x00, 0x00, 0x00, 0x20, 0x00, 0x00, 0x00, 0x5e, 0xd7, 0xff, 0xff,
  0x00, 0x00, 0x00, 0x01, 0x14, 0x00, 0x00, 0x00, 0x24, 0x03, 0x00, 0x00,
  0x12, 0x00, 0x00, 0x00, 0x00, 0x00, 0x00, 0x02, 0xb4, 0x03, 0x00, 0x00,
  0xbc, 0xd6, 0xff, 0xff, 0x08, 0x00, 0x00, 0x00, 0x08, 0x02, 0x00, 0x00,
  0x40, 0x00, 0x00, 0x00, 0x00, 0x00, 0x00, 0x00, 0x00, 0x00, 0x00, 0x00,
  0x00, 0x00, 0x00, 0x00, 0x00, 0x00, 0x00, 0x00, 0x00, 0x00, 0x00, 0x00,
  0x00, 0x00, 0x00, 0x00, 0x00, 0x00, 0x00, 0x00, 0x00, 0x00, 0x00, 0x00,
  0x00, 0x00, 0x00, 0x00, 0x00, 0x00, 0x00, 0x00, 0x00, 0x00, 0x00, 0x00,
  0x00, 0x00, 0x00, 0x00, 0x00, 0x00, 0x00, 0x00, 0x00, 0x00, 0x00, 0x00,
  0x00, 0x00, 0x00, 0x00, 0x00, 0x00, 0x00, 0x00, 0x00, 0x00, 0x00, 0x00,
  0x00, 0x00, 0x00, 0x00, 0x00, 0x00, 0x00, 0x00, 0x00, 0x00, 0x00, 0x00,
  0x00, 0x00, 0x00, 0x00, 0x00, 0x00, 0x00, 0x00, 0x00, 0x00, 0x00, 0x00,
  0x00, 0x00, 0x00, 0x00, 0x00, 0x00, 0x00, 0x00, 0x00, 0x00, 0x00, 0x00,
  0x00, 0x00, 0x00, 0x00, 0x00, 0x00, 0x00, 0x00, 0x00, 0x00, 0x00, 0x00,
  0x00, 0x00, 0x00, 0x00, 0x00, 0x00, 0x00, 0x00, 0x00, 0x00, 0x00, 0x00,
  0x00, 0x00, 0x00, 0x00, 0x00, 0x00, 0x00, 0x00, 0x00, 0x00, 0x00, 0x00,
  0x00, 0x00, 0x00, 0x00, 0x00, 0x00, 0x00, 0x00, 0x00, 0x00, 0x00, 0x00,
  0x00, 0x00, 0x00, 0x00, 0x00, 0x00, 0x00, 0x00, 0x00, 0x00, 0x00, 0x00,
  0x00, 0x00, 0x00, 0x00, 0x00, 0x00, 0x00, 0x00, 0x00, 0x00, 0x00, 0x00,
  0x00, 0x00, 0x00, 0x00, 0x00, 0x00, 0x00, 0x00, 0x00, 0x00, 0x00, 0x00,
  0x00, 0x00, 0x00, 0x00, 0x00, 0x00, 0x00, 0x00, 0x00, 0x00, 0x00, 0x00,
  0x00, 0x00, 0x00, 0x00, 0x00, 0x00, 0x00, 0x00, 0x00, 0x00, 0x00, 0x00,
  0x00, 0x00, 0x00, 0x00, 0x00, 0x00, 0x00, 0x00, 0x00, 0x00, 0x00, 0x00,
  0x00, 0x00, 0x00, 0x00, 0x00, 0x00, 0x00, 0x00, 0x00, 0x00, 0x00, 0x00,
  0x00, 0x00, 0x00, 0x00, 0x00, 0x00, 0x00, 0x00, 0x00, 0x00, 0x00, 0x00,
  0x00, 0x00, 0x00, 0x00, 0x00, 0x00, 0x00, 0x00, 0x00, 0x00, 0x00, 0x00,
  0x00, 0x00, 0x00, 0x00, 0x00, 0x00, 0x00, 0x00, 0x00, 0x00, 0x00, 0x00,
  0x00, 0x00, 0x00, 0x00, 0x00, 0x00, 0x00, 0x00, 0x00, 0x00, 0x00, 0x00,
  0x00, 0x00, 0x00, 0x00, 0x00, 0x00, 0x00, 0x00, 0x00, 0x00, 0x00, 0x00,
  0x00, 0x00, 0x00, 0x00, 0x00, 0x00, 0x00, 0x00, 0x00, 0x00, 0x00, 0x00,
  0x00, 0x00, 0x00, 0x00, 0x00, 0x00, 0x00, 0x00, 0x00, 0x00, 0x00, 0x00,
  0x00, 0x00, 0x00, 0x00, 0x00, 0x00, 0x00, 0x00, 0x00, 0x00, 0x00, 0x00,
  0x00, 0x00, 0x00, 0x00, 0x00, 0x00, 0x00, 0x00, 0x00, 0x00, 0x00, 0x00,
  0x00, 0x00, 0x00, 0x00, 0x00, 0x00, 0x00, 0x00, 0x00, 0x00, 0x00, 0x00,
  0x00, 0x00, 0x00, 0x00, 0x00, 0x00, 0x00, 0x00, 0x00, 0x00, 0x00, 0x00,
  0x00, 0x00, 0x00, 0x00, 0x00, 0x00, 0x00, 0x00, 0x00, 0x00, 0x00, 0x00,
  0x00, 0x00, 0x00, 0x00, 0x00, 0x00, 0x00, 0x00, 0x00, 0x00, 0x00, 0x00,
  0x00, 0x00, 0x00, 0x00, 0x00, 0x00, 0x00, 0x00, 0x00, 0x00, 0x00, 0x00,
  0x00, 0x00, 0x00, 0x00, 0x00, 0x00, 0x00, 0x00, 0x00, 0x00, 0x00, 0x00,
  0x00, 0x00, 0x00, 0x00, 0x00, 0x00, 0x00, 0x00, 0x00, 0x00, 0x00, 0x00,
  0x00, 0x00, 0x00, 0x00, 0x00, 0x00, 0x00, 0x00, 0x00, 0x00, 0x00, 0x00,
  0x00, 0x00, 0x00, 0x00, 0x00, 0x00, 0x00, 0x00, 0x00, 0x00, 0x00, 0x00,
  0x00, 0x00, 0x00, 0x00, 0x00, 0x00, 0x00, 0x00, 0x00, 0x00, 0x00, 0x00,
  0x00, 0x00, 0x00, 0x00, 0x00, 0x00, 0x00, 0x00, 0x00, 0x00, 0x00, 0x00,
  0x00, 0x00, 0x00, 0x00, 0x00, 0x00, 0x00, 0x00, 0x00, 0x00, 0x00, 0x00,
  0x00, 0x00, 0x00, 0x00, 0x00, 0x00, 0x00, 0x00, 0x00, 0x00, 0x00, 0x00,
  0x00, 0x00, 0x00, 0x00, 0x00, 0x00, 0x00, 0x00, 0x00, 0x00, 0x00, 0x00,
  0x40, 0x00, 0x00, 0x00, 0x3d, 0x5b, 0xfd, 0x38, 0x57, 0xd9, 0x06, 0x39,
  0x0e, 0x06, 0x0c, 0x39, 0xe8, 0x6d, 0xdb, 0x38, 0xa3, 0xf6, 0x3b, 0x39,
  0xdc, 0x2b, 0xed, 0x38, 0xbe, 0xe7, 0xf4, 0x38, 0x17, 0x20, 0xfd, 0x38,
  0x33, 0x7b, 0xc1, 0x38, 0xd8, 0xbe, 0x38, 0x39, 0x5b, 0xdc, 0x7e, 0x39,
  0x4e, 0xc1, 0x0d, 0x39, 0x7d, 0x31, 0xe9, 0x38, 0x42, 0x63, 0x0a, 0x39,
  0x67, 0x27, 0xeb, 0x38, 0xed, 0x90, 0xcc, 0x38, 0x9d, 0x59, 0x4e, 0x39,
  0x4f, 0x23, 0x99, 0x38, 0x33, 0x93, 0x02, 0x39, 0x6b, 0x71, 0x5e, 0x39,
  0x32, 0xcb, 0x0b, 0x39, 0xa0, 0x80, 0x35, 0x39, 0x7a, 0x36, 0xdd, 0x38,
  0xe7, 0x4b, 0xc5, 0x38, 0xfd, 0x80, 0x01, 0x39, 0x8c, 0x5e, 0xe8, 0x38,
  0x18, 0xdd, 0xe7, 0x38, 0xe7, 0xbc, 0x09, 0x39, 0x7a, 0xc5, 0xf1, 0x38,
  0x87, 0xf3, 0x09, 0x39, 0x8c, 0xef, 0xba, 0x38, 0xfd, 0x64, 0xfc, 0x38,
  0xaf, 0xe3, 0x1e, 0x39, 0xcc, 0x6f, 0xc6, 0x38, 0x7c, 0x3a, 0xe8, 0x38,
  0xcd, 0xfe, 0x01, 0x39, 0xff, 0x9e, 0xc5, 0x38, 0x2f, 0xff, 0xc4, 0x38,
  0x76, 0xc2, 0x03, 0x39, 0xd6, 0x3f, 0xa7, 0x38, 0x8b, 0xb7, 0xe3, 0x38,
  0x62, 0x5f, 0xe5, 0x38, 0xa9, 0x0d, 0xcb, 0x38, 0x59, 0x2f, 0x35, 0x39,
  0x41, 0xd5, 0xc8, 0x38, 0x14, 0xb6, 0x03, 0x39, 0xa9, 0x63, 0x02, 0x39,
  0x98, 0xd2, 0x21, 0x39, 0x42, 0xbc, 0x1f, 0x39, 0x5e, 0x0b, 0xc1, 0x38,
  0x20, 0x53, 0x0a, 0x39, 0xca, 0x8e, 0xe0, 0x38, 0x36, 0x01, 0xc4, 0x38,
  0x99, 0x93, 0x0b, 0x39, 0x7c, 0x42, 0xe7, 0x38, 0x04, 0xa3, 0x1b, 0x39,
  0xc6, 0x8f, 0xee, 0x38, 0xf7, 0x67, 0x42, 0x39, 0xc1, 0xf4, 0x66, 0x39,
  0x03, 0x96, 0xfa, 0x38, 0xb3, 0x7e, 0x0a, 0x39, 0xe6, 0x8c, 0x0f, 0x39,
  0x49, 0x6c, 0x0e, 0x39, 0xfc, 0x28, 0xf2, 0x38, 0x97, 0x00, 0x00, 0x00,
  0x73, 0x33, 0x5f, 0x73, 0x33, 0x2d, 0x6c, 0x61, 0x72, 0x67, 0x65, 0x5f,
  0x31, 0x2f, 0x64, 0x73, 0x31, 0x5f, 0x70, 0x77, 0x5f, 0x72, 0x65, 0x6c,
  0x75, 0x36, 0x5f, 0x31, 0x2f, 0x52, 0x65, 0x6c, 0x75, 0x36, 0x3b, 0x73,
  0x33, 0x5f, 0x73, 0x33, 0x2d, 0x6c, 0x61, 0x72, 0x67, 0x65, 0x5f, 0x31,
  0x2f, 0x64, 0x73, 0x31, 0x5f, 0x70, 0x77, 0x5f, 0x62, 0x6e, 0x5f, 0x31,
  0x2f, 0x62, 0x61, 0x74, 0x63, 0x68, 0x6e, 0x6f, 0x72, 0x6d, 0x2f, 0x61,
  0x64, 0x64, 0x5f, 0x31, 0x3b, 0x73, 0x33, 0x5f, 0x73, 0x33, 0x2d, 0x6c,
  0x61, 0x72, 0x67, 0x65, 0x5f, 0x31, 0x2f, 0x64, 0x73, 0x31, 0x5f, 0x70,
  0x77, 0x5f, 0x31, 0x2f, 0x63, 0x6f, 0x6e, 0x76, 0x6f, 0x6c, 0x75, 0x74,
  0x69, 0x6f, 0x6e, 0x3b, 0x73, 0x33, 0x5f, 0x73, 0x33, 0x2d, 0x6c, 0x61,
  0x72, 0x67, 0x65, 0x5f, 0x31, 0x2f, 0x64, 0x73, 0x31, 0x5f, 0x70, 0x77,
  0x5f, 0x62, 0x6e, 0x5f, 0x31, 0x2f, 0x62, 0x61, 0x74, 0x63, 0x68, 0x6e,
  0x6f, 0x72, 0x6d, 0x2f, 0x73, 0x75, 0x62, 0x00, 0x01, 0x00, 0x00, 0x00,
  0x40, 0x00, 0x00, 0x00, 0x32, 0xdb, 0xff, 0xff, 0x00, 0x00, 0x00, 0x01,
  0x14, 0x00, 0x00, 0x00, 0x2c, 0x03, 0x00, 0x00, 0x11, 0x00, 0x00, 0x00,
  0x00, 0x00, 0x00, 0x09, 0x98, 0x03, 0x00, 0x00, 0xb2, 0xf0, 0xff, 0xff,
  0x03, 0x00, 0x00, 0x00, 0x08, 0x00, 0x00, 0x00, 0x0c, 0x02, 0x00, 0x00,
  0x40, 0x00, 0x00, 0x00, 0x00, 0x00, 0x00, 0x00, 0x00, 0x00, 0x00, 0x00,
  0x00, 0x00, 0x00, 0x00, 0x00, 0x00, 0x00, 0x00, 0x00, 0x00, 0x00, 0x00,
  0x00, 0x00, 0x00, 0x00, 0x00, 0x00, 0x00, 0x00, 0x00, 0x00, 0x00, 0x00,
  0x00, 0x00, 0x00, 0x00, 0x00, 0x00, 0x00, 0x00, 0x00, 0x00, 0x00, 0x00,
  0x00, 0x00, 0x00, 0x00, 0x00, 0x00, 0x00, 0x00, 0x00, 0x00, 0x00, 0x00,
  0x00, 0x00, 0x00, 0x00, 0x00, 0x00, 0x00, 0x00, 0x00, 0x00, 0x00, 0x00,
  0x00, 0x00, 0x00, 0x00, 0x00, 0x00, 0x00, 0x00, 0x00, 0x00, 0x00, 0x00,
  0x00, 0x00, 0x00, 0x00, 0x00, 0x00, 0x00, 0x00, 0x00, 0x00, 0x00, 0x00,
  0x00, 0x00, 0x00, 0x00, 0x00, 0x00, 0x00, 0x00, 0x00, 0x00, 0x00, 0x00,
  0x00, 0x00, 0x00, 0x00, 0x00, 0x00, 0x00, 0x00, 0x00, 0x00, 0x00, 0x00,
  0x00, 0x00, 0x00, 0x00, 0x00, 0x00, 0x00, 0x00, 0x00, 0x00, 0x00, 0x00,
  0x00, 0x00, 0x00, 0x00, 0x00, 0x00, 0x00, 0x00, 0x00, 0x00, 0x00, 0x00,
  0x00, 0x00, 0x00, 0x00, 0x00, 0x00, 0x00, 0x00, 0x00, 0x00, 0x00, 0x00,
  0x00, 0x00, 0x00, 0x00, 0x00, 0x00, 0x00, 0x00, 0x00, 0x00, 0x00, 0x00,
  0x00, 0x00, 0x00, 0x00, 0x00, 0x00, 0x00, 0x00, 0x00, 0x00, 0x00, 0x00,
  0x00, 0x00, 0x00, 0x00, 0x00, 0x00, 0x00, 0x00, 0x00, 0x00, 0x00, 0x00,
  0x00, 0x00, 0x00, 0x00, 0x00, 0x00, 0x00, 0x00, 0x00, 0x00, 0x00, 0x00,
  0x00, 0x00, 0x00, 0x00, 0x00, 0x00, 0x00, 0x00, 0x00, 0x00, 0x00, 0x00,
  0x00, 0x00, 0x00, 0x00, 0x00, 0x00, 0x00, 0x00, 0x00, 0x00, 0x00, 0x00,
  0x00, 0x00, 0x00, 0x00, 0x00, 0x00, 0x00, 0x00, 0x00, 0x00, 0x00, 0x00,
  0x00, 0x00, 0x00, 0x00, 0x00, 0x00, 0x00, 0x00, 0x00, 0x00, 0x00, 0x00,
  0x00, 0x00, 0x00, 0x00, 0x00, 0x00, 0x00, 0x00, 0x00, 0x00, 0x00, 0x00,
  0x00, 0x00, 0x00, 0x00, 0x00, 0x00, 0x00, 0x00, 0x00, 0x00, 0x00, 0x00,
  0x00, 0x00, 0x00, 0x00, 0x00, 0x00, 0x00, 0x00, 0x00, 0x00, 0x00, 0x00,
  0x00, 0x00, 0x00, 0x00, 0x00, 0x00, 0x00, 0x00, 0x00, 0x00, 0x00, 0x00,
  0x00, 0x00, 0x00, 0x00, 0x00, 0x00, 0x00, 0x00, 0x00, 0x00, 0x00, 0x00,
  0x00, 0x00, 0x00, 0x00, 0x00, 0x00, 0x00, 0x00, 0x00, 0x00, 0x00, 0x00,
  0x00, 0x00, 0x00, 0x00, 0x00, 0x00, 0x00, 0x00, 0x00, 0x00, 0x00, 0x00,
  0x00, 0x00, 0x00, 0x00, 0x00, 0x00, 0x00, 0x00, 0x00, 0x00, 0x00, 0x00,
  0x00, 0x00, 0x00, 0x00, 0x00, 0x00, 0x00, 0x00, 0x00, 0x00, 0x00, 0x00,
  0x00, 0x00, 0x00, 0x00, 0x00, 0x00, 0x00, 0x00, 0x00, 0x00, 0x00, 0x00,
  0x00, 0x00, 0x00, 0x00, 0x00, 0x00, 0x00, 0x00, 0x00, 0x00, 0x00, 0x00,
  0x00, 0x00, 0x00, 0x00, 0x00, 0x00, 0x00, 0x00, 0x00, 0x00, 0x00, 0x00,
  0x00, 0x00, 0x00, 0x00, 0x00, 0x00, 0x00, 0x00, 0x00, 0x00, 0x00, 0x00,
  0x00, 0x00, 0x00, 0x00, 0x00, 0x00, 0x00, 0x00, 0x00, 0x00, 0x00, 0x00,
  0x00, 0x00, 0x00, 0x00, 0x00, 0x00, 0x00, 0x00, 0x00, 0x00, 0x00, 0x00,
  0x00, 0x00, 0x00, 0x00, 0x00, 0x00, 0x00, 0x00, 0x00, 0x00, 0x00, 0x00,
  0x00, 0x00, 0x00, 0x00, 0x00, 0x00, 0x00, 0x00, 0x00, 0x00, 0x00, 0x00,
  0x00, 0x00, 0x00, 0x00, 0x00, 0x00, 0x00, 0x00, 0x00, 0x00, 0x00, 0x00,
  0x00, 0x00, 0x00, 0x00, 0x00, 0x00, 0x00, 0x00, 0x00, 0x00, 0x00, 0x00,
  0x00, 0x00, 0x00, 0x00, 0x00, 0x00, 0x00, 0x00, 0x00, 0x00, 0x00, 0x00,
  0x00, 0x00, 0x00, 0x00, 0x00, 0x00, 0x00, 0x00, 0x00, 0x00, 0x00, 0x00,
  0x00, 0x00, 0x00, 0x00, 0x00, 0x00, 0x00, 0x00, 0x00, 0x00, 0x00, 0x00,
  0x00, 0x00, 0x00, 0x00, 0x40, 0x00, 0x00, 0x00, 0xc2, 0xf3, 0xcf, 0x3b,
  0xa2, 0x4c, 0x02, 0x3c, 0xf3, 0x5b, 0x37, 0x3c, 0x1d, 0x5b, 0x2d, 0x3c,
  0x0b, 0x3c, 0x30, 0x3c, 0x03, 0x7f, 0x2c, 0x3c, 0x0f, 0x51, 0x01, 0x3c,
  0xe5, 0xc9, 0x4c, 0x3c, 0x8c, 0xc9, 0x09, 0x3c, 0x34, 0x06, 0xd6, 0x3b,
  0xbc, 0xef, 0xb7, 0x3b, 0x2b, 0xbd, 0x16, 0x3c, 0xb3, 0xbb, 0x30, 0x3c,
  0xe4, 0x88, 0x51, 0x3c, 0x15, 0x28, 0xd8, 0x3b, 0xbb, 0x18, 0x0e, 0x3c,
  0x06, 0xe5, 0xf8, 0x3b, 0x39, 0x72, 0x11, 0x3c, 0x4f, 0x0a, 0xa9, 0x3b,
  0xd7, 0x17, 0x3b, 0x3c, 0xb5, 0x69, 0xad, 0x3b, 0xd8, 0x10, 0xe8, 0x3b,
  0x5d, 0xc5, 0x01, 0x3c, 0xe4, 0x64, 0x64, 0x3c, 0x64, 0xa2, 0x2c, 0x3c,
  0x68, 0x56, 0x9b, 0x3b, 0xf5, 0x96, 0x7f, 0x3b, 0x34, 0x91, 0xa0, 0x3b,
  0x4b, 0x71, 0x03, 0x3c, 0x2b, 0x70, 0x3e, 0x3c, 0x2f, 0xe6, 0x4f, 0x3c,
  0x68, 0xeb, 0xeb, 0x3b, 0x52, 0x2e, 0x12, 0x3c, 0xbd, 0x1e, 0x3a, 0x3c,
  0x59, 0xc2, 0xb7, 0x3b, 0x14, 0x0e, 0x22, 0x3c, 0x75, 0x38, 0xf0, 0x3b,
  0xb9, 0xbe, 0x2d, 0x3c, 0xfe, 0x9e, 0x1c, 0x3c, 0x00, 0xae, 0xb0, 0x3b,
  0xd7, 0xc1, 0x08, 0x3c, 0x77, 0xf0, 0xe6, 0x3b, 0xa0, 0x21, 0x38, 0x3c,
  0x12, 0x4e, 0xae, 0x3b, 0x46, 0xd4, 0x62, 0x3b, 0xb0, 0xf6, 0x10, 0x3c,
  0x6a, 0x76, 0xc2, 0x3b, 0x35, 0x41, 0xc1, 0x3b, 0xe7, 0x0d, 0x7f, 0x3c,
  0x27, 0x44, 0xdb, 0x3b, 0xa7, 0x95, 0x27, 0x3c, 0x01, 0xb5, 0x5e, 0x3c,
  0x10, 0xc2, 0x83, 0x3c, 0x64, 0x83, 0x46, 0x3c, 0xd0, 0x7b, 0xfe, 0x3b,
  0xd1, 0xfe, 0x0c, 0x3c, 0xee, 0x50, 0xc9, 0x3b, 0x03, 0x2a, 0x2a, 0x3c,
  0x28, 0x92, 0xb6, 0x3b, 0x4c, 0xa9, 0x7a, 0x3b, 0xf2, 0xa1, 0x10, 0x3c,
  0x05, 0x41, 0x12, 0x3c, 0x5c, 0x25, 0xc5, 0x3b, 0x48, 0x87, 0xc8, 0x3b,
  0x72, 0x00, 0x00, 0x00, 0x73, 0x33, 0x5f, 0x73, 0x33, 0x2d, 0x6c, 0x61,
  0x72, 0x67, 0x65, 0x5f, 0x31, 0x2f, 0x64, 0x73, 0x32, 0x5f, 0x64, 0x77,
  0x5f, 0x62, 0x6e, 0x5f, 0x31, 0x2f, 0x62, 0x61, 0x74, 0x63, 0x68, 0x6e,
  0x6f, 0x72, 0x6d, 0x2f, 0x6d, 0x75, 0x6c, 0x5f, 0x31, 0x3b, 0x73, 0x33,
  0x5f, 0x73, 0x33, 0x2d, 0x6c, 0x61, 0x72, 0x67, 0x65, 0x5f, 0x31, 0x2f,
  0x64, 0x73, 0x32, 0x5f, 0x64, 0x77, 0x5f, 0x31, 0x2f, 0x64, 0x65, 0x70,
  0x74, 0x68, 0x77, 0x69, 0x73, 0x65, 0x3b, 0x73, 0x33, 0x5f, 0x73, 0x33,
  0x2d, 0x6c, 0x61, 0x72, 0x67, 0x65, 0x5f, 0x31, 0x2f, 0x64, 0x73, 0x32,
  0x5f, 0x64, 0x77, 0x5f, 0x62, 0x6e, 0x5f, 0x31, 0x2f, 0x62, 0x61, 0x74,
  0x63, 0x68, 0x6e, 0x6f, 0x72, 0x6d, 0x2f, 0x6d, 0x75, 0x6c, 0x00, 0x00,
  0x04, 0x00, 0x00, 0x00, 0x01, 0x00, 0x00, 0x00, 0x03, 0x00, 0x00, 0x00,
  0x03, 0x00, 0x00, 0x00, 0x40, 0x00, 0x00, 0x00, 0xf6, 0xde, 0xff, 0xff,
  0x00, 0x00, 0x00, 0x01, 0x14, 0x00, 0x00, 0x00, 0x28, 0x03, 0x00, 0x00,
  0x10, 0x00, 0x00, 0x00, 0x00, 0x00, 0x00, 0x02, 0x08, 0x04, 0x00, 0x00,
  0x54, 0xde, 0xff, 0xff, 0x08, 0x00, 0x00, 0x00, 0x0c, 0x02, 0x00, 0x00,
  0x40, 0x00, 0x00, 0x00, 0x00, 0x00, 0x00, 0x00, 0x00, 0x00, 0x00, 0x00,
  0x00, 0x00, 0x00, 0x00, 0x00, 0x00, 0x00, 0x00, 0x00, 0x00, 0x00, 0x00,
  0x00, 0x00, 0x00, 0x00, 0x00, 0x00, 0x00, 0x00, 0x00, 0x00, 0x00, 0x00,
  0x00, 0x00, 0x00, 0x00, 0x00, 0x00, 0x00, 0x00, 0x00, 0x00, 0x00, 0x00,
  0x00, 0x00, 0x00, 0x00, 0x00, 0x00, 0x00, 0x00, 0x00, 0x00, 0x00, 0x00,
  0x00, 0x00, 0x00, 0x00, 0x00, 0x00, 0x00, 0x00, 0x00, 0x00, 0x00, 0x00,
  0x00, 0x00, 0x00, 0x00, 0x00, 0x00, 0x00, 0x00, 0x00, 0x00, 0x00, 0x00,
  0x00, 0x00, 0x00, 0x00, 0x00, 0x00, 0x00, 0x00, 0x00, 0x00, 0x00, 0x00,
  0x00, 0x00, 0x00, 0x00, 0x00, 0x00, 0x00, 0x00, 0x00, 0x00, 0x00, 0x00,
  0x00, 0x00, 0x00, 0x00, 0x00, 0x00, 0x00, 0x00, 0x00, 0x00, 0x00, 0x00,
  0x00, 0x00, 0x00, 0x00, 0x00, 0x00, 0x00, 0x00, 0x00, 0x00, 0x00, 0x00,
  0x00, 0x00, 0x00, 0x00, 0x00, 0x00, 0x00, 0x00, 0x00, 0x00, 0x00, 0x00,
  0x00, 0x00, 0x00, 0x00, 0x00, 0x00, 0x00, 0x00, 0x00, 0x00, 0x00, 0x00,
  0x00, 0x00, 0x00, 0x00, 0x00, 0x00, 0x00, 0x00, 0x00, 0x00, 0x00, 0x00,
  0x00, 0x00, 0x00, 0x00, 0x00, 0x00, 0x00, 0x00, 0x00, 0x00, 0x00, 0x00,
  0x00, 0x00, 0x00, 0x00, 0x00, 0x00, 0x00, 0x00, 0x00, 0x00, 0x00, 0x00,
  0x00, 0x00, 0x00, 0x00, 0x00, 0x00, 0x00, 0x00, 0x00, 0x00, 0x00, 0x00,
  0x00, 0x00, 0x00, 0x00, 0x00, 0x00, 0x00, 0x00, 0x00, 0x00, 0x00, 0x00,
  0x00, 0x00, 0x00, 0x00, 0x00, 0x00, 0x00, 0x00, 0x00, 0x00, 0x00, 0x00,
  0x00, 0x00, 0x00, 0x00, 0x00, 0x00, 0x00, 0x00, 0x00, 0x00, 0x00, 0x00,
  0x00, 0x00, 0x00, 0x00, 0x00, 0x00, 0x00, 0x00, 0x00, 0x00, 0x00, 0x00,
  0x00, 0x00, 0x00, 0x00, 0x00, 0x00, 0x00, 0x00, 0x00, 0x00, 0x00, 0x00,
  0x00, 0x00, 0x00, 0x00, 0x00, 0x00, 0x00, 0x00, 0x00, 0x00, 0x00, 0x00,
  0x00, 0x00, 0x00, 0x00, 0x00, 0x00, 0x00, 0x00, 0x00, 0x00, 0x00, 0x00,
  0x00, 0x00, 0x00, 0x00, 0x00, 0x00, 0x00, 0x00, 0x00, 0x00, 0x00, 0x00,
  0x00, 0x00, 0x00, 0x00, 0x00, 0x00, 0x00, 0x00, 0x00, 0x00, 0x00, 0x00,
  0x00, 0x00, 0x00, 0x00, 0x00, 0x00, 0x00, 0x00, 0x00, 0x00, 0x00, 0x00,
  0x00, 0x00, 0x00, 0x00, 0x00, 0x00, 0x00, 0x00, 0x00, 0x00, 0x00, 0x00,
  0x00, 0x00, 0x00, 0x00, 0x00, 0x00, 0x00, 0x00, 0x00, 0x00, 0x00, 0x00,
  0x00, 0x00, 0x00, 0x00, 0x00, 0x00, 0x00, 0x00, 0x00, 0x00, 0x00, 0x00,
  0x00, 0x00, 0x00, 0x00, 0x00, 0x00, 0x00, 0x00, 0x00, 0x00, 0x00, 0x00,
  0x00, 0x00, 0x00, 0x00, 0x00, 0x00, 0x00, 0x00, 0x00, 0x00, 0x00, 0x00,
  0x00, 0x00, 0x00, 0x00, 0x00, 0x00, 0x00, 0x00, 0x00, 0x00, 0x00, 0x00,
  0x00, 0x00, 0x00, 0x00, 0x00, 0x00, 0x00, 0x00, 0x00, 0x00, 0x00, 0x00,
  0x00, 0x00, 0x00, 0x00, 0x00, 0x00, 0x00, 0x00, 0x00, 0x00, 0x00, 0x00,
  0x00, 0x00, 0x00, 0x00, 0x00, 0x00, 0x00, 0x00, 0x00, 0x00, 0x00, 0x00,
  0x00, 0x00, 0x00, 0x00, 0x00, 0x00, 0x00, 0x00, 0x00, 0x00, 0x00, 0x00,
  0x00, 0x00, 0x00, 0x00, 0x00, 0x00, 0x00, 0x00, 0x00, 0x00, 0x00, 0x00,
  0x00, 0x00, 0x00, 0x00, 0x00, 0x00, 0x00, 0x00, 0x00, 0x00, 0x00, 0x00,
  0x00, 0x00, 0x00, 0x00, 0x00, 0x00, 0x00, 0x00, 0x00, 0x00, 0x00, 0x00,
  0x00, 0x00, 0x00, 0x00, 0x00, 0x00, 0x00, 0x00, 0x00, 0x00, 0x00, 0x00,
  0x00, 0x00, 0x00, 0x00, 0x00, 0x00, 0x00, 0x00, 0x00, 0x00, 0x00, 0x00,
  0x00, 0x00, 0x00, 0x00, 0x00, 0x00, 0x00, 0x00, 0x00, 0x00, 0x00, 0x00,
  0x00, 0x00, 0x00, 0x00, 0x40, 0x00, 0x00, 0x00, 0x65, 0x93, 0x1c, 0x39,
  0x2a, 0x37, 0x44, 0x39, 0x05, 0x0f, 0x8a, 0x39, 0xdd, 0x86, 0x82, 0x39,
  0xba, 0xb1, 0x84, 0x39, 0x24, 0xe1, 0x81, 0x39, 0x53, 0xbc, 0x42, 0x39,
  0x9e, 0x31, 0x9a, 0x39, 0xd0, 0x7d, 0x4f, 0x39, 0xcd, 0x25, 0x21, 0x39,
  0x4b, 0x7e, 0x0a, 0x39, 0xc0, 0xfe, 0x62, 0x39, 0xd8, 0x11, 0x85, 0x39,
  0x70, 0xc4, 0x9d, 0x39, 0xd1, 0xc0, 0x22, 0x39, 0x14, 0xfb, 0x55, 0x39,
  0x2c, 0x67, 0x3b, 0x39, 0x5c, 0x06, 0x5b, 0x39, 0x05, 0x8e, 0xfe, 0x38,
  0xc0, 0xde, 0x8c, 0x39, 0xda, 0x91, 0x02, 0x39, 0x5e, 0xbb, 0x2e, 0x39,
  0x77, 0x6b, 0x43, 0x39, 0xa3, 0xf7, 0xab, 0x39, 0xc7, 0xfb, 0x81, 0x39,
  0x88, 0xeb, 0xe9, 0x38, 0xaa, 0x71, 0xc0, 0x38, 0x9a, 0xcb, 0xf1, 0x38,
  0xe1, 0xef, 0x45, 0x39, 0x84, 0x63, 0x8f, 0x39, 0x2d, 0x89, 0x9c, 0x39,
  0x30, 0xa2, 0x31, 0x39, 0x9d, 0x21, 0x5c, 0x39, 0x31, 0x23, 0x8c, 0x39,
  0x1f, 0x5c, 0x0a, 0x39, 0x27, 0x09, 0x74, 0x39, 0x37, 0xdf, 0x34, 0x39,
  0xdd, 0xd1, 0x82, 0x39, 0x58, 0xda, 0x6b, 0x39, 0x88, 0x07, 0x05, 0x39,
  0xb3, 0xf0, 0x4d, 0x39, 0x3c, 0xe2, 0x2d, 0x39, 0xdc, 0xa3, 0x8a, 0x39,
  0xcb, 0x3d, 0x03, 0x39, 0xff, 0xc9, 0xaa, 0x38, 0x55, 0x4c, 0x5a, 0x39,
  0x3b, 0x6b, 0x12, 0x39, 0x6a, 0x82, 0x11, 0x39, 0x78, 0x0a, 0xc0, 0x39,
  0x36, 0x18, 0x25, 0x39, 0xd8, 0x5c, 0x7c, 0x39, 0x70, 0xaf, 0xa7, 0x39,
  0x82, 0x69, 0xc6, 0x39, 0x03, 0x78, 0x95, 0x39, 0x79, 0x9c, 0x3f, 0x39,
  0x8c, 0x52, 0x54, 0x39, 0x47, 0x94, 0x17, 0x39, 0xa2, 0x1f, 0x80, 0x39,
  0x15, 0x77, 0x09, 0x39, 0xb5, 0xbb, 0xbc, 0x38, 0xb8, 0xcc, 0x59, 0x39,
  0xc6, 0x3d, 0x5c, 0x39, 0x76, 0x70, 0x14, 0x39, 0x73, 0xfc, 0x16, 0x39,
  0xe7, 0x00, 0x00, 0x00, 0x73, 0x33, 0x5f, 0x73, 0x33, 0x2d, 0x6c, 0x61,
  0x72, 0x67, 0x65, 0x5f, 0x31, 0x2f, 0x64, 0x73, 0x32, 0x5f, 0x64, 0x77,
  0x5f, 0x72, 0x65, 0x6c, 0x75, 0x36, 0x5f, 0x31, 0x2f, 0x52, 0x65, 0x6c,
  0x75, 0x36, 0x3b, 0x73, 0x33, 0x5f, 0x73, 0x33, 0x2d, 0x6c, 0x61, 0x72,
  0x67, 0x65, 0x5f, 0x31, 0x2f, 0x64, 0x73, 0x32, 0x5f, 0x64, 0x77, 0x5f,
  0x62, 0x6e, 0x5f, 0x31, 0x2f, 0x62, 0x61, 0x74, 0x63, 0x68, 0x6e, 0x6f,
  0x72, 0x6d, 0x2f, 0x61, 0x64, 0x64, 0x5f, 0x31, 0x3b, 0x73, 0x33, 0x5f,
  0x73, 0x33, 0x2d, 0x6c, 0x61, 0x72, 0x67, 0x65, 0x5f, 0x31, 0x2f, 0x64,
  0x73, 0x32, 0x5f, 0x64, 0x77, 0x5f, 0x62, 0x6e, 0x5f, 0x31, 0x2f, 0x62,
  0x61, 0x74, 0x63, 0x68, 0x6e, 0x6f, 0x72, 0x6d, 0x2f, 0x6d, 0x75, 0x6c,
  0x5f, 0x31, 0x3b, 0x73, 0x33, 0x5f, 0x73, 0x33, 0x2d, 0x6c, 0x61, 0x72,
  0x67, 0x65, 0x5f, 0x31, 0x2f, 0x64, 0x73, 0x32, 0x5f, 0x64, 0x77, 0x5f,
  0x31, 0x2f, 0x64, 0x65, 0x70, 0x74, 0x68, 0x77, 0x69, 0x73, 0x65, 0x3b,
  0x73, 0x33, 0x5f, 0x73, 0x33, 0x2d, 0x6c, 0x61, 0x72, 0x67, 0x65, 0x5f,
  0x31, 0x2f, 0x64, 0x73, 0x32, 0x5f, 0x64, 0x77, 0x5f, 0x62, 0x6e, 0x5f,
  0x31, 0x2f, 0x62, 0x61, 0x74, 0x63, 0x68, 0x6e, 0x6f, 0x72, 0x6d, 0x2f,
  0x6d, 0x75, 0x6c, 0x3b, 0x73, 0x33, 0x5f, 0x73, 0x33, 0x2d, 0x6c, 0x61,
  0x72, 0x67, 0x65, 0x5f, 0x31, 0x2f, 0x64, 0x73, 0x32, 0x5f, 0x64, 0x77,
  0x5f, 0x62, 0x6e, 0x5f, 0x31, 0x2f, 0x62, 0x61, 0x74, 0x63, 0x68, 0x6e,
  0x6f, 0x72, 0x6d, 0x2f, 0x73, 0x75, 0x62, 0x00, 0x01, 0x00, 0x00, 0x00,
  0x40, 0x00, 0x00, 0x00, 0x1e, 0xe3, 0xff, 0xff, 0x00, 0x00, 0x00, 0x01,
  0x14, 0x00, 0x00, 0x00, 0x28, 0x03, 0x00, 0x00, 0x0f, 0x00, 0x00, 0x00,
  0x00, 0x00, 0x00, 0x09, 0x44, 0x03, 0x00, 0x00, 0x7c, 0xe2, 0xff, 0xff,
  0x08, 0x00, 0x00, 0x00, 0x0c, 0x02, 0x00, 0x00, 0x40, 0x00, 0x00, 0x00,
  0x00, 0x00, 0x00, 0x00, 0x00, 0x00, 0x00, 0x00, 0x00, 0x00, 0x00, 0x00,
  0x00, 0x00, 0x00, 0x00, 0x00, 0x00, 0x00, 0x00, 0x00, 0x00, 0x00, 0x00,
  0x00, 0x00, 0x00, 0x00, 0x00, 0x00, 0x00, 0x00, 0x00, 0x00, 0x00, 0x00,
  0x00, 0x00, 0x00, 0x00, 0x00, 0x00, 0x00, 0x00, 0x00, 0x00, 0x00, 0x00,
  0x00, 0x00, 0x00, 0x00, 0x00, 0x00, 0x00, 0x00, 0x00, 0x00, 0x00, 0x00,
  0x00, 0x00, 0x00, 0x00, 0x00, 0x00, 0x00, 0x00, 0x00, 0x00, 0x00, 0x00,
  0x00, 0x00, 0x00, 0x00, 0x00, 0x00, 0x00, 0x00, 0x00, 0x00, 0x00, 0x00,
  0x00, 0x00, 0x00, 0x00, 0x00, 0x00, 0x00, 0x00, 0x00, 0x00, 0x00, 0x00,
  0x00, 0x00, 0x00, 0x00, 0x00, 0x00, 0x00, 0x00, 0x00, 0x00, 0x00, 0x00,
  0x00, 0x00, 0x00, 0x00, 0x00, 0x00, 0x00, 0x00, 0x00, 0x00, 0x00, 0x00,
  0x00, 0x00, 0x00, 0x00, 0x00, 0x00, 0x00, 0x00, 0x00, 0x00, 0x00, 0x00,
  0x00, 0x00, 0x00, 0x00, 0x00, 0x00, 0x00, 0x00, 0x00, 0x00, 0x00, 0x00,
  0x00, 0x00, 0x00, 0x00, 0x00, 0x00, 0x00, 0x00, 0x00, 0x00, 0x00, 0x00,
  0x00, 0x00, 0x00, 0x00, 0x00, 0x00, 0x00, 0x00, 0x00, 0x00, 0x00, 0x00,
  0x00, 0x00, 0x00, 0x00, 0x00, 0x00, 0x00, 0x00, 0x00, 0x00, 0x00, 0x00,
  0x00, 0x00, 0x00, 0x00, 0x00, 0x00, 0x00, 0x00, 0x00, 0x00, 0x00, 0x00,
  0x00, 0x00, 0x00, 0x00, 0x00, 0x00, 0x00, 0x00, 0x00, 0x00, 0x00, 0x00,
  0x00, 0x00, 0x00, 0x00, 0x00, 0x00, 0x00, 0x00, 0x00, 0x00, 0x00, 0x00,
  0x00, 0x00, 0x00, 0x00, 0x00, 0x00, 0x00, 0x00, 0x00, 0x00, 0x00, 0x00,
  0x00, 0x00, 0x00, 0x00, 0x00, 0x00, 0x00, 0x00, 0x00, 0x00, 0x00, 0x00,
  0x00, 0x00, 0x00, 0x00, 0x00, 0x00, 0x00, 0x00, 0x00, 0x00, 0x00, 0x00,
  0x00, 0x00, 0x00, 0x00, 0x00, 0x00, 0x00, 0x00, 0x00, 0x00, 0x00, 0x00,
  0x00, 0x00, 0x00, 0x00, 0x00, 0x00, 0x00, 0x00, 0x00, 0x00, 0x00, 0x00,
  0x00, 0x00, 0x00, 0x00, 0x00, 0x00, 0x00, 0x00, 0x00, 0x00, 0x00, 0x00,
  0x00, 0x00, 0x00, 0x00, 0x00, 0x00, 0x00, 0x00, 0x00, 0x00, 0x00, 0x00,
  0x00, 0x00, 0x00, 0x00, 0x00, 0x00, 0x00, 0x00, 0x00, 0x00, 0x00, 0x00,
  0x00, 0x00, 0x00, 0x00, 0x00, 0x00, 0x00, 0x00, 0x00, 0x00, 0x00, 0x00,
  0x00, 0x00, 0x00, 0x00, 0x00, 0x00, 0x00, 0x00, 0x00, 0x00, 0x00, 0x00,
  0x00, 0x00, 0x00, 0x00, 0x00, 0x00, 0x00, 0x00, 0x00, 0x00, 0x00, 0x00,
  0x00, 0x00, 0x00, 0x00, 0x00, 0x00, 0x00, 0x00, 0x00, 0x00, 0x00, 0x00,
  0x00, 0x00, 0x00, 0x00, 0x00, 0x00, 0x00, 0x00, 0x00, 0x00, 0x00, 0x00,
  0x00, 0x00, 0x00, 0x00, 0x00, 0x00, 0x00, 0x00, 0x00, 0x00, 0x00, 0x00,
  0x00, 0x00, 0x00, 0x00, 0x00, 0x00, 0x00, 0x00, 0x00, 0x00, 0x00, 0x00,
  0x00, 0x00, 0x00, 0x00, 0x00, 0x00, 0x00, 0x00, 0x00, 0x00, 0x00, 0x00,
  0x00, 0x00, 0x00, 0x00, 0x00, 0x00, 0x00, 0x00, 0x00, 0x00, 0x00, 0x00,
  0x00, 0x00, 0x00, 0x00, 0x00, 0x00, 0x00, 0x00, 0x00, 0x00, 0x00, 0x00,
  0x00, 0x00, 0x00, 0x00, 0x00, 0x00, 0x00, 0x00, 0x00, 0x00, 0x00, 0x00,
  0x00, 0x00, 0x00, 0x00, 0x00, 0x00, 0x00, 0x00, 0x00, 0x00, 0x00, 0x00,
  0x00, 0x00, 0x00, 0x00, 0x00, 0x00, 0x00, 0x00, 0x00, 0x00, 0x00, 0x00,
  0x00, 0x00, 0x00, 0x00, 0x00, 0x00, 0x00, 0x00, 0x00, 0x00, 0x00, 0x00,
  0x00, 0x00, 0x00, 0x00, 0x00, 0x00, 0x00, 0x00, 0x00, 0x00, 0x00, 0x00,
  0x00, 0x00, 0x00, 0x00, 0x00, 0x00, 0x00, 0x00, 0x00, 0x00, 0x00, 0x00,
  0x00, 0x00, 0x00, 0x00, 0x00, 0x00, 0x00, 0x00, 0x00, 0x00, 0x00, 0x00,
  0x40, 0x00, 0x00, 0x00, 0x68, 0x32, 0x49, 0x3b, 0xbf, 0x03, 0x5f, 0x3b,
  0x05, 0x54, 0x1b, 0x3b, 0x12, 0x28, 0x67, 0x3b, 0x0f, 0x1a, 0x5a, 0x3b,
  0x54, 0xc5, 0x36, 0x3b, 0x37, 0x11, 0x50, 0x3b, 0x3b, 0x80, 0x08, 0x3b,
  0x1d, 0x71, 0x8c, 0x3b, 0xad, 0xbb, 0x7d, 0x3b, 0x1c, 0x3a, 0x41, 0x3b,
  0x5d, 0x1b, 0x3c, 0x3b, 0xf2, 0x9a, 0xb2, 0x3b, 0x31, 0xc5, 0x84, 0x3b,
  0x2e, 0x67, 0x44, 0x3b, 0x29, 0x47, 0x90, 0x3b, 0x13, 0x8a, 0x32, 0x3b,
  0x49, 0x22, 0x8a, 0x3b, 0x5a, 0x01, 0x72, 0x3b, 0xe6, 0xdd, 0x74, 0x3b,
  0x96, 0xe1, 0x46, 0x3b, 0x6f, 0x60, 0x87, 0x3b, 0xbc, 0x74, 0x64, 0x3b,
  0xeb, 0xee, 0x80, 0x3b, 0xd9, 0x96, 0x84, 0x3b, 0x84, 0x2d, 0x08, 0x3b,
  0x73, 0x03, 0x27, 0x3b, 0xdf, 0xab, 0x8b, 0x3b, 0x14, 0x5e, 0x6d, 0x3b,
  0xb2, 0xb7, 0x2e, 0x3b, 0x4a, 0xed, 0x91, 0x3b, 0xa7, 0x89, 0x27, 0x3b,
  0xbc, 0x4c, 0x3c, 0x3b, 0xd3, 0x07, 0x5c, 0x3b, 0x1e, 0x97, 0xac, 0x3b,
  0xa5, 0x35, 0xa9, 0x3b, 0xf6, 0xbc, 0x87, 0x3b, 0x00, 0x33, 0x59, 0x3b,
  0xf7, 0xdb, 0x8c, 0x3b, 0x05, 0x7a, 0x44, 0x3b, 0xae, 0x49, 0x90, 0x3b,
  0xcb, 0x3e, 0x19, 0x3b, 0x46, 0x87, 0x77, 0x3b, 0xa2, 0x57, 0xa8, 0x3b,
  0xea, 0x85, 0x59, 0x3b, 0xda, 0x3f, 0x4d, 0x3b, 0x4b, 0x02, 0xa7, 0x3b,
  0x10, 0xb7, 0x9d, 0x3b, 0x14, 0xfc, 0xcc, 0x3b, 0x6a, 0x2f, 0x2f, 0x3b,
  0xf5, 0xa8, 0x54, 0x3b, 0x6b, 0x74, 0x80, 0x3b, 0x7b, 0x00, 0x7c, 0x3b,
  0xff, 0x2b, 0x8c, 0x3b, 0x2d, 0xc8, 0x67, 0x3b, 0xef, 0x6e, 0x29, 0x3b,
  0xaa, 0x74, 0x94, 0x3b, 0x56, 0x0f, 0x55, 0x3b, 0xd6, 0xe6, 0x30, 0x3b,
  0x0a, 0x1c, 0x0d, 0x3b, 0x56, 0xa1, 0x1e, 0x3b, 0x42, 0x99, 0x45, 0x3b,
  0x69, 0x34, 0x59, 0x3b, 0x89, 0xbc, 0x10, 0x3b, 0x22, 0x00, 0x00, 0x00,
  0x73, 0x33, 0x5f, 0x73, 0x33, 0x2d, 0x6c, 0x61, 0x72, 0x67, 0x65, 0x5f,
  0x31, 0x2f, 0x64, 0x73, 0x32, 0x5f, 0x70, 0x77, 0x5f, 0x31, 0x2f, 0x63,
  0x6f, 0x6e, 0x76, 0x6f, 0x6c, 0x75, 0x74, 0x69, 0x6f, 0x6e, 0x00, 0x00,
  0x04, 0x00, 0x00, 0x00, 0x40, 0x00, 0x00, 0x00, 0x01, 0x00, 0x00, 0x00,
  0x01, 0x00, 0x00, 0x00, 0x40, 0x00, 0x00, 0x00, 0x8e, 0xe6, 0xff, 0xff,
  0x00, 0x00, 0x00, 0x01, 0x14, 0x00, 0x00, 0x00, 0x28, 0x03, 0x00, 0x00,
  0x0e, 0x00, 0x00, 0x00, 0x00, 0x00, 0x00, 0x02, 0xb8, 0x03, 0x00, 0x00,
  0xec, 0xe5, 0xff, 0xff, 0x08, 0x00, 0x00, 0x00, 0x0c, 0x02, 0x00, 0x00,
  0x40, 0x00, 0x00, 0x00, 0x00, 0x00, 0x00, 0x00, 0x00, 0x00, 0x00, 0x00,
  0x00, 0x00, 0x00, 0x00, 0x00, 0x00, 0x00, 0x00, 0x00, 0x00, 0x00, 0x00,
  0x00, 0x00, 0x00, 0x00, 0x00, 0x00, 0x00, 0x00, 0x00, 0x00, 0x00, 0x00,
  0x00, 0x00, 0x00, 0x00, 0x00, 0x00, 0x00, 0x00, 0x00, 0x00, 0x00, 0x00,
  0x00, 0x00, 0x00, 0x00, 0x00, 0x00, 0x00, 0x00, 0x00, 0x00, 0x00, 0x00,
  0x00, 0x00, 0x00, 0x00, 0x00, 0x00, 0x00, 0x00, 0x00, 0x00, 0x00, 0x00,
  0x00, 0x00, 0x00, 0x00, 0x00, 0x00, 0x00, 0x00, 0x00, 0x00, 0x00, 0x00,
  0x00, 0x00, 0x00, 0x00, 0x00, 0x00, 0x00, 0x00, 0x00, 0x00, 0x00, 0x00,
  0x00, 0x00, 0x00, 0x00, 0x00, 0x00, 0x00, 0x00, 0x00, 0x00, 0x00, 0x00,
  0x00, 0x00, 0x00, 0x00, 0x00, 0x00, 0x00, 0x00, 0x00, 0x00, 0x00, 0x00,
  0x00, 0x00, 0x00, 0x00, 0x00, 0x00, 0x00, 0x00, 0x00, 0x00, 0x00, 0x00,
  0x00, 0x00, 0x00, 0x00, 0x00, 0x00, 0x00, 0x00, 0x00, 0x00, 0x00, 0x00,
  0x00, 0x00, 0x00, 0x00, 0x00, 0x00, 0x00, 0x00, 0x00, 0x00, 0x00, 0x00,
  0x00, 0x00, 0x00, 0x00, 0x00, 0x00, 0x00, 0x00, 0x00, 0x00, 0x00, 0x00,
  0x00, 0x00, 0x00, 0x00, 0x00, 0x00, 0x00, 0x00, 0x00, 0x00, 0x00, 0x00,
  0x00, 0x00, 0x00, 0x00, 0x00, 0x00, 0x00, 0x00, 0x00, 0x00, 0x00, 0x00,
  0x00, 0x00, 0x00, 0x00, 0x00, 0x00, 0x00, 0x00, 0x00, 0x00, 0x00, 0x00,
  0x00, 0x00, 0x00, 0x00, 0x00, 0x00, 0x00, 0x00, 0x00, 0x00, 0x00, 0x00,
  0x00, 0x00, 0x00, 0x00, 0x00, 0x00, 0x00, 0x00, 0x00, 0x00, 0x00, 0x00,
  0x00, 0x00, 0x00, 0x00, 0x00, 0x00, 0x00, 0x00, 0x00, 0x00, 0x00, 0x00,
  0x00, 0x00, 0x00, 0x00, 0x00, 0x00, 0x00, 0x00, 0x00, 0x00, 0x00, 0x00,
  0x00, 0x00, 0x00, 0x00, 0x00, 0x00, 0x00, 0x00, 0x00, 0x00, 0x00, 0x00,
  0x00, 0x00, 0x00, 0x00, 0x00, 0x00, 0x00, 0x00, 0x00, 0x00, 0x00, 0x00,
  0x00, 0x00, 0x00, 0x00, 0x00, 0x00, 0x00, 0x00, 0x00, 0x00, 0x00, 0x00,
  0x00, 0x00, 0x00, 0x00, 0x00, 0x00, 0x00, 0x00, 0x00, 0x00, 0x00, 0x00,
  0x00, 0x00, 0x00, 0x00, 0x00, 0x00, 0x00, 0x00, 0x00, 0x00, 0x00, 0x00,
  0x00, 0x00, 0x00, 0x00, 0x00, 0x00, 0x00, 0x00, 0x00, 0x00, 0x00, 0x00,
  0x00, 0x00, 0x00, 0x00, 0x00, 0x00, 0x00, 0x00, 0x00, 0x00, 0x00, 0x00,
  0x00, 0x00, 0x00, 0x00, 0x00, 0x00, 0x00, 0x00, 0x00, 0x00, 0x00, 0x00,
  0x00, 0x00, 0x00, 0x00, 0x00, 0x00, 0x00, 0x00, 0x00, 0x00, 0x00, 0x00,
  0x00, 0x00, 0x00, 0x00, 0x00, 0x00, 0x00, 0x00, 0x00, 0x00, 0x00, 0x00,
  0x00, 0x00, 0x00, 0x00, 0x00, 0x00, 0x00, 0x00, 0x00, 0x00, 0x00, 0x00,
  0x00, 0x00, 0x00, 0x00, 0x00, 0x00, 0x00, 0x00, 0x00, 0x00, 0x00, 0x00,
  0x00, 0x00, 0x00, 0x00, 0x00, 0x00, 0x00, 0x00, 0x00, 0x00, 0x00, 0x00,
  0x00, 0x00, 0x00, 0x00, 0x00, 0x00, 0x00, 0x00, 0x00, 0x00, 0x00, 0x00,
  0x00, 0x00, 0x00, 0x00, 0x00, 0x00, 0x00, 0x00, 0x00, 0x00, 0x00, 0x00,
  0x00, 0x00, 0x00, 0x00, 0x00, 0x00, 0x00, 0x00, 0x00, 0x00, 0x00, 0x00,
  0x00, 0x00, 0x00, 0x00, 0x00, 0x00, 0x00, 0x00, 0x00, 0x00, 0x00, 0x00,
  0x00, 0x00, 0x00, 0x00, 0x00, 0x00, 0x00, 0x00, 0x00, 0x00, 0x00, 0x00,
  0x00, 0x00, 0x00, 0x00, 0x00, 0x00, 0x00, 0x00, 0x00, 0x00, 0x00, 0x00,
  0x00, 0x00, 0x00, 0x00, 0x00, 0x00, 0x00, 0x00, 0x00, 0x00, 0x00, 0x00,
  0x00, 0x00, 0x00, 0x00, 0x00, 0x00, 0x00, 0x00, 0x00, 0x00, 0x00, 0x00,
  0x00, 0x00, 0x00, 0x00, 0x00, 0x00, 0x00, 0x00, 0x00, 0x00, 0x00, 0x00,
  0x00, 0x00, 0x00, 0x00, 0x40, 0x00, 0x00, 0x00, 0x4b, 0x7d, 0x97, 0x38,
  0xba, 0xea, 0xa7, 0x38, 0xf0, 0xe7, 0x69, 0x38, 0x1a, 0x0c, 0xae, 0x38,
  0xc3, 0x37, 0xa4, 0x38, 0x9d, 0x9d, 0x89, 0x38, 0x93, 0xa9, 0x9c, 0x38,
  0xe7, 0x8d, 0x4d, 0x38, 0x29, 0x7d, 0xd3, 0x38, 0xce, 0x0b, 0xbf, 0x38,
  0x12, 0x7d, 0x91, 0x38, 0x28, 0xa2, 0x8d, 0x38, 0xb0, 0x7a, 0x06, 0x39,
  0xb9, 0xef, 0xc7, 0x38, 0x44, 0xe1, 0x93, 0x38, 0x02, 0x44, 0xd9, 0x38,
  0xfc, 0x6d, 0x86, 0x38, 0x71, 0x03, 0xd0, 0x38, 0x3b, 0x37, 0xb6, 0x38,
  0xcc, 0x5e, 0xb8, 0x38, 0xf0, 0xbe, 0x95, 0x38, 0x83, 0xdc, 0xcb, 0x38,
  0x91, 0x03, 0xac, 0x38, 0x89, 0x28, 0xc2, 0x38, 0xf0, 0xa9, 0xc7, 0x38,
  0x58, 0x11, 0x4d, 0x38, 0xad, 0x80, 0x7b, 0x38, 0x23, 0x54, 0xd2, 0x38,
  0x49, 0xb9, 0xb2, 0x38, 0x53, 0x8d, 0x83, 0x38, 0xaf, 0xbf, 0xdb, 0x38,
  0xc6, 0x4a, 0x7c, 0x38, 0x55, 0xc7, 0x8d, 0x38, 0x8a, 0xab, 0xa5, 0x38,
  0x4a, 0xf3, 0x01, 0x39, 0x47, 0xcf, 0xfe, 0x38, 0xd9, 0x67, 0xcc, 0x38,
  0xca, 0x89, 0xa3, 0x38, 0x11, 0x1e, 0xd4, 0x38, 0x73, 0xef, 0x93, 0x38,
  0xcd, 0x47, 0xd9, 0x38, 0xf6, 0xc4, 0x66, 0x38, 0xd5, 0x5f, 0xba, 0x38,
  0xf4, 0x80, 0xfd, 0x38, 0x38, 0xc8, 0xa3, 0x38, 0x6e, 0x8a, 0x9a, 0x38,
  0xf0, 0x7e, 0xfb, 0x38, 0x18, 0x80, 0xed, 0x38, 0x67, 0x57, 0x1a, 0x39,
  0x77, 0xe7, 0x83, 0x38, 0xd7, 0x1e, 0xa0, 0x38, 0x11, 0x70, 0xc1, 0x38,
  0x1b, 0xbe, 0xbd, 0x38, 0x14, 0x15, 0xd3, 0x38, 0xa7, 0x84, 0xae, 0x38,
  0x8c, 0x25, 0x7f, 0x38, 0x8e, 0x8e, 0xdf, 0x38, 0xed, 0x6b, 0xa0, 0x38,
  0x53, 0x32, 0x85, 0x38, 0x8e, 0x7e, 0x54, 0x38, 0xe2, 0xe0, 0x6e, 0x38,
  0xb9, 0xc7, 0x94, 0x38, 0xda, 0x8a, 0xa3, 0x38, 0xc3, 0xf4, 0x59, 0x38,
  0x97, 0x00, 0x00, 0x00, 0x73, 0x33, 0x5f, 0x73, 0x33, 0x2d, 0x6c, 0x61,
  0x72, 0x67, 0x65, 0x5f, 0x31, 0x2f, 0x64, 0x73, 0x32, 0x5f, 0x70, 0x77,
  0x5f, 0x72, 0x65, 0x6c, 0x75, 0x36, 0x5f, 0x31, 0x2f, 0x52, 0x65, 0x6c,
  0x75, 0x36, 0x3b, 0x73, 0x33, 0x5f, 0x73, 0x33, 0x2d, 0x6c, 0x61, 0x72,
  0x67, 0x65, 0x5f, 0x31, 0x2f, 0x64, 0x73, 0x32, 0x5f, 0x70, 0x77, 0x5f,
  0x62, 0x6e, 0x5f, 0x31, 0x2f, 0x62, 0x61, 0x74, 0x63, 0x68, 0x6e, 0x6f,
  0x72, 0x6d, 0x2f, 0x61, 0x64, 0x64, 0x5f, 0x31, 0x3b, 0x73, 0x33, 0x5f,
  0x73, 0x33, 0x2d, 0x6c, 0x61, 0x72, 0x67, 0x65, 0x5f, 0x31, 0x2f, 0x64,
  0x73, 0x32, 0x5f, 0x70, 0x77, 0x5f, 0x31, 0x2f, 0x63, 0x6f, 0x6e, 0x76,
  0x6f, 0x6c, 0x75, 0x74, 0x69, 0x6f, 0x6e, 0x3b, 0x73, 0x33, 0x5f, 0x73,
  0x33, 0x2d, 0x6c, 0x61, 0x72, 0x67, 0x65, 0x5f, 0x31, 0x2f, 0x64, 0x73,
  0x32, 0x5f, 0x70, 0x77, 0x5f, 0x62, 0x6e, 0x5f, 0x31, 0x2f, 0x62, 0x61,
  0x74, 0x63, 0x68, 0x6e, 0x6f, 0x72, 0x6d, 0x2f, 0x73, 0x75, 0x62, 0x00,
  0x01, 0x00, 0x00, 0x00, 0x40, 0x00, 0x00, 0x00, 0x00, 0x00, 0x16, 0x00,
  0x1e, 0x00, 0x18, 0x00, 0x17, 0x00, 0x10, 0x00, 0x0c, 0x00, 0x08, 0x00,
  0x00, 0x00, 0x00, 0x00, 0x00, 0x00, 0x07, 0x00, 0x16, 0x00, 0x00, 0x00,
  0x00, 0x00, 0x00, 0x01, 0x28, 0x00, 0x00, 0x00, 0x40, 0x03, 0x00, 0x00,
  0x0d, 0x00, 0x00, 0x00, 0x00, 0x00, 0x00, 0x09, 0xac, 0x03, 0x00, 0x00,
  0x00, 0x00, 0x12, 0x00, 0x10, 0x00, 0x00, 0x00, 0x00, 0x00, 0x0c, 0x00,
  0x08, 0x00, 0x00, 0x00, 0x00, 0x00, 0x04, 0x00, 0x12, 0x00, 0x00, 0x00,
  0x03, 0x00, 0x00, 0x00, 0x08, 0x00, 0x00, 0x00, 0x0c, 0x02, 0x00, 0x00,
  0x40, 0x00, 0x00, 0x00, 0x00, 0x00, 0x00, 0x00, 0x00, 0x00, 0x00, 0x00,
  0x00, 0x00, 0x00, 0x00, 0x00, 0x00, 0x00, 0x00, 0x00, 0x00, 0x00, 0x00,
  0x00, 0x00, 0x00, 0x00, 0x00, 0x00, 0x00, 0x00, 0x00, 0x00, 0x00, 0x00,
  0x00, 0x00, 0x00, 0x00, 0x00, 0x00, 0x00, 0x00, 0x00, 0x00, 0x00, 0x00,
  0x00, 0x00, 0x00, 0x00, 0x00, 0x00, 0x00, 0x00, 0x00, 0x00, 0x00, 0x00,
  0x00, 0x00, 0x00, 0x00, 0x00, 0x00, 0x00, 0x00, 0x00, 0x00, 0x00, 0x00,
  0x00, 0x00, 0x00, 0x00, 0x00, 0x00, 0x00, 0x00, 0x00, 0x00, 0x00, 0x00,
  0x00, 0x00, 0x00, 0x00, 0x00, 0x00, 0x00, 0x00, 0x00, 0x00, 0x00, 0x00,
  0x00, 0x00, 0x00, 0x00, 0x00, 0x00, 0x00, 0x00, 0x00, 0x00, 0x00, 0x00,
  0x00, 0x00, 0x00, 0x00, 0x00, 0x00, 0x00, 0x00, 0x00, 0x00, 0x00, 0x00,
  0x00, 0x00, 0x00, 0x00, 0x00, 0x00, 0x00, 0x00, 0x00, 0x00, 0x00, 0x00,
  0x00, 0x00, 0x00, 0x00, 0x00, 0x00, 0x00, 0x00, 0x00, 0x00, 0x00, 0x00,
  0x00, 0x00, 0x00, 0x00, 0x00, 0x00, 0x00, 0x00, 0x00, 0x00, 0x00, 0x00,
  0x00, 0x00, 0x00, 0x00, 0x00, 0x00, 0x00, 0x00, 0x00, 0x00, 0x00, 0x00,
  0x00, 0x00, 0x00, 0x00, 0x00, 0x00, 0x00, 0x00, 0x00, 0x00, 0x00, 0x00,
  0x00, 0x00, 0x00, 0x00, 0x00, 0x00, 0x00, 0x00, 0x00, 0x00, 0x00, 0x00,
  0x00, 0x00, 0x00, 0x00, 0x00, 0x00, 0x00, 0x00, 0x00, 0x00, 0x00, 0x00,
  0x00, 0x00, 0x00, 0x00, 0x00, 0x00, 0x00, 0x00, 0x00, 0x00, 0x00, 0x00,
  0x00, 0x00, 0x00, 0x00, 0x00, 0x00, 0x00, 0x00, 0x00, 0x00, 0x00, 0x00,
  0x00, 0x00, 0x00, 0x00, 0x00, 0x00, 0x00, 0x00, 0x00, 0x00, 0x00, 0x00,
  0x00, 0x00, 0x00, 0x00, 0x00, 0x00, 0x00, 0x00, 0x00, 0x00, 0x00, 0x00,
  0x00, 0x00, 0x00, 0x00, 0x00, 0x00, 0x00, 0x00, 0x00, 0x00, 0x00, 0x00,
  0x00, 0x00, 0x00, 0x00, 0x00, 0x00, 0x00, 0x00, 0x00, 0x00, 0x00, 0x00,
  0x00, 0x00, 0x00, 0x00, 0x00, 0x00, 0x00, 0x00, 0x00, 0x00, 0x00, 0x00,
  0x00, 0x00, 0x00, 0x00, 0x00, 0x00, 0x00, 0x00, 0x00, 0x00, 0x00, 0x00,
  0x00, 0x00, 0x00, 0x00, 0x00, 0x00, 0x00, 0x00, 0x00, 0x00, 0x00, 0x00,
  0x00, 0x00, 0x00, 0x00, 0x00, 0x00, 0x00, 0x00, 0x00, 0x00, 0x00, 0x00,
  0x00, 0x00, 0x00, 0x00, 0x00, 0x00, 0x00, 0x00, 0x00, 0x00, 0x00, 0x00,
  0x00, 0x00, 0x00, 0x00, 0x00, 0x00, 0x00, 0x00, 0x00, 0x00, 0x00, 0x00,
  0x00, 0x00, 0x00, 0x00, 0x00, 0x00, 0x00, 0x00, 0x00, 0x00, 0x00, 0x00,
  0x00, 0x00, 0x00, 0x00, 0x00, 0x00, 0x00, 0x00, 0x00, 0x00, 0x00, 0x00,
  0x00, 0x00, 0x00, 0x00, 0x00, 0x00, 0x00, 0x00, 0x00, 0x00, 0x00, 0x00,
  0x00, 0x00, 0x00, 0x00, 0x00, 0x00, 0x00, 0x00, 0x00, 0x00, 0x00, 0x00,
  0x00, 0x00, 0x00, 0x00, 0x00, 0x00, 0x00, 0x00, 0x00, 0x00, 0x00, 0x00,
  0x00, 0x00, 0x00, 0x00, 0x00, 0x00, 0x00, 0x00, 0x00, 0x00, 0x00, 0x00,
  0x00, 0x00, 0x00, 0x00, 0x00, 0x00, 0x00, 0x00, 0x00, 0x00, 0x00, 0x00,
  0x00, 0x00, 0x00, 0x00, 0x00, 0x00, 0x00, 0x00, 0x00, 0x00, 0x00, 0x00,
  0x00, 0x00, 0x00, 0x00, 0x00, 0x00, 0x00, 0x00, 0x00, 0x00, 0x00, 0x00,
  0x00, 0x00, 0x00, 0x00, 0x00, 0x00, 0x00, 0x00, 0x00, 0x00, 0x00, 0x00,
  0x00, 0x00, 0x00, 0x00, 0x00, 0x00, 0x00, 0x00, 0x00, 0x00, 0x00, 0x00,
  0x00, 0x00, 0x00, 0x00, 0x00, 0x00, 0x00, 0x00, 0x00, 0x00, 0x00, 0x00,
  0x00, 0x00, 0x00, 0x00, 0x00, 0x00, 0x00, 0x00, 0x00, 0x00, 0x00, 0x00,
  0x00, 0x00, 0x00, 0x00, 0x00, 0x00, 0x00, 0x00, 0x00, 0x00, 0x00, 0x00,
  0x00, 0x00, 0x00, 0x00, 0x40, 0x00, 0x00, 0x00, 0x5f, 0x74, 0xcc, 0x3b,
  0xfd, 0x06, 0x82, 0x3b, 0x72, 0x4c, 0xeb, 0x3b, 0x9a, 0xdf, 0x44, 0x3b,
  0xc2, 0x18, 0x01, 0x3c, 0xcc, 0x60, 0x65, 0x3b, 0x57, 0x4c, 0xe3, 0x3b,
  0xc2, 0x2e, 0x42, 0x3c, 0x55, 0xdd, 0xbf, 0x3b, 0x1f, 0x24, 0x95, 0x3b,
  0x29, 0xd5, 0xdd, 0x3b, 0x6b, 0xd7, 0x5a, 0x3c, 0x02, 0xf8, 0x75, 0x3b,
  0x9d, 0x7b, 0xaf, 0x3b, 0x93, 0x66, 0xef, 0x3b, 0x0f, 0x38, 0xcd, 0x3b,
  0xca, 0xaa, 0x85, 0x3b, 0x00, 0x12, 0x6a, 0x3b, 0xba, 0xb0, 0x83, 0x3b,
  0xa6, 0x1e, 0x31, 0x3b, 0x2f, 0x77, 0x1a, 0x3c, 0xc3, 0x51, 0x90, 0x3b,
  0xf0, 0xbe, 0xb0, 0x3b, 0x66, 0xdd, 0x88, 0x3b, 0xac, 0x1c, 0x7d, 0x3b,
  0xb1, 0xe6, 0xda, 0x3c, 0xc4, 0xcd, 0x1c, 0x3c, 0x83, 0x34, 0x69, 0x3b,
  0x93, 0x73, 0xee, 0x3b, 0xe4, 0x4d, 0xa7, 0x3b, 0x57, 0x04, 0x7d, 0x3b,
  0x90, 0x91, 0xa0, 0x3c, 0x46, 0x1a, 0xf3, 0x3b, 0x99, 0xa2, 0x75, 0x3b,
  0x44, 0x84, 0x6d, 0x3b, 0x22, 0x55, 0x5e, 0x3b, 0x06, 0x1d, 0x15, 0x3b,
  0x59, 0x5d, 0x49, 0x3b, 0x72, 0x71, 0xa0, 0x3b, 0x42, 0x97, 0x6e, 0x3b,
  0x55, 0x51, 0x82, 0x3b, 0xe8, 0xed, 0x5f, 0x3c, 0x00, 0xe7, 0xcc, 0x3b,
  0x30, 0x17, 0x90, 0x3b, 0x10, 0x28, 0x49, 0x3b, 0x9f, 0x62, 0xa2, 0x3b,
  0x16, 0xb6, 0x42, 0x3b, 0x17, 0x81, 0xa8, 0x3b, 0x8b, 0x7f, 0x8a, 0x3b,
  0x4d, 0xbf, 0xc3, 0x3b, 0xd5, 0x12, 0xbc, 0x3b, 0x35, 0xa8, 0xb8, 0x3b,
  0x4b, 0xf6, 0xdc, 0x3b, 0x97, 0x55, 0xcc, 0x3b, 0xfe, 0x42, 0x90, 0x3b,
  0x82, 0x00, 0x00, 0x3c, 0x97, 0xf8, 0xc3, 0x3b, 0x28, 0x8e, 0x68, 0x3b,
  0x82, 0xd6, 0x92, 0x3b, 0xe4, 0xa1, 0x2d, 0x3c, 0xd8, 0xbf, 0xe2, 0x3b,
  0xb8, 0x90, 0x95, 0x3b, 0x31, 0x85, 0x7a, 0x3b, 0x8d, 0xe5, 0x03, 0x3d,
  0x72, 0x00, 0x00, 0x00, 0x73, 0x33, 0x5f, 0x73, 0x33, 0x2d, 0x6c, 0x61,
  0x72, 0x67, 0x65, 0x5f, 0x31, 0x2f, 0x64, 0x73, 0x33, 0x5f, 0x64, 0x77,
  0x5f, 0x62, 0x6e, 0x5f, 0x31, 0x2f, 0x62, 0x61, 0x74, 0x63, 0x68, 0x6e,
  0x6f, 0x72, 0x6d, 0x2f, 0x6d, 0x75, 0x6c, 0x5f, 0x31, 0x3b, 0x73, 0x33,
  0x5f, 0x73, 0x33, 0x2d, 0x6c, 0x61, 0x72, 0x67, 0x65, 0x5f, 0x31, 0x2f,
  0x64, 0x73, 0x33, 0x5f, 0x64, 0x77, 0x5f, 0x31, 0x2f, 0x64, 0x65, 0x70,
  0x74, 0x68, 0x77, 0x69, 0x73, 0x65, 0x3b, 0x73, 0x33, 0x5f, 0x73, 0x33,
  0x2d, 0x6c, 0x61, 0x72, 0x67, 0x65, 0x5f, 0x31, 0x2f, 0x64, 0x73, 0x33,
  0x5f, 0x64, 0x77, 0x5f, 0x62, 0x6e, 0x5f, 0x31, 0x2f, 0x62, 0x61, 0x74,
  0x63, 0x68, 0x6e, 0x6f, 0x72, 0x6d, 0x2f, 0x6d, 0x75, 0x6c, 0x00, 0x00,
  0x04, 0x00, 0x00, 0x00, 0x01, 0x00, 0x00, 0x00, 0x03, 0x00, 0x00, 0x00,
  0x03, 0x00, 0x00, 0x00, 0x40, 0x00, 0x00, 0x00, 0x56, 0xee, 0xff, 0xff,
  0x00, 0x00, 0x00, 0x01, 0x14, 0x00, 0x00, 0x00, 0x28, 0x03, 0x00, 0x00,
  0x0c, 0x00, 0x00, 0x00, 0x00, 0x00, 0x00, 0x02, 0x08, 0x04, 0x00, 0x00,
  0xb4, 0xed, 0xff, 0xff, 0x08, 0x00, 0x00, 0x00, 0x0c, 0x02, 0x00, 0x00,
  0x40, 0x00, 0x00, 0x00, 0x00, 0x00, 0x00, 0x00, 0x00, 0x00, 0x00, 0x00,
  0x00, 0x00, 0x00, 0x00, 0x00, 0x00, 0x00, 0x00, 0x00, 0x00, 0x00, 0x00,
  0x00, 0x00, 0x00, 0x00, 0x00, 0x00, 0x00, 0x00, 0x00, 0x00, 0x00, 0x00,
  0x00, 0x00, 0x00, 0x00, 0x00, 0x00, 0x00, 0x00, 0x00, 0x00, 0x00, 0x00,
  0x00, 0x00, 0x00, 0x00, 0x00, 0x00, 0x00, 0x00, 0x00, 0x00, 0x00, 0x00,
  0x00, 0x00, 0x00, 0x00, 0x00, 0x00, 0x00, 0x00, 0x00, 0x00, 0x00, 0x00,
  0x00, 0x00, 0x00, 0x00, 0x00, 0x00, 0x00, 0x00, 0x00, 0x00, 0x00, 0x00,
  0x00, 0x00, 0x00, 0x00, 0x00, 0x00, 0x00, 0x00, 0x00, 0x00, 0x00, 0x00,
  0x00, 0x00, 0x00, 0x00, 0x00, 0x00, 0x00, 0x00, 0x00, 0x00, 0x00, 0x00,
  0x00, 0x00, 0x00, 0x00, 0x00, 0x00, 0x00, 0x00, 0x00, 0x00, 0x00, 0x00,
  0x00, 0x00, 0x00, 0x00, 0x00, 0x00, 0x00, 0x00, 0x00, 0x00, 0x00, 0x00,
  0x00, 0x00, 0x00, 0x00, 0x00, 0x00, 0x00, 0x00, 0x00, 0x00, 0x00, 0x00,
  0x00, 0x00, 0x00, 0x00, 0x00, 0x00, 0x00, 0x00, 0x00, 0x00, 0x00, 0x00,
  0x00, 0x00, 0x00, 0x00, 0x00, 0x00, 0x00, 0x00, 0x00, 0x00, 0x00, 0x00,
  0x00, 0x00, 0x00, 0x00, 0x00, 0x00, 0x00, 0x00, 0x00, 0x00, 0x00, 0x00,
  0x00, 0x00, 0x00, 0x00, 0x00, 0x00, 0x00, 0x00, 0x00, 0x00, 0x00, 0x00,
  0x00, 0x00, 0x00, 0x00, 0x00, 0x00, 0x00, 0x00, 0x00, 0x00, 0x00, 0x00,
  0x00, 0x00, 0x00, 0x00, 0x00, 0x00, 0x00, 0x00, 0x00, 0x00, 0x00, 0x00,
  0x00, 0x00, 0x00, 0x00, 0x00, 0x00, 0x00, 0x00, 0x00, 0x00, 0x00, 0x00,
  0x00, 0x00, 0x00, 0x00, 0x00, 0x00, 0x00, 0x00, 0x00, 0x00, 0x00, 0x00,
  0x00, 0x00, 0x00, 0x00, 0x00, 0x00, 0x00, 0x00, 0x00, 0x00, 0x00, 0x00,
  0x00, 0x00, 0x00, 0x00, 0x00, 0x00, 0x00, 0x00, 0x00, 0x00, 0x00, 0x00,
  0x00, 0x00, 0x00, 0x00, 0x00, 0x00, 0x00, 0x00, 0x00, 0x00, 0x00, 0x00,
  0x00, 0x00, 0x00, 0x00, 0x00, 0x00, 0x00, 0x00, 0x00, 0x00, 0x00, 0x00,
  0x00, 0x00, 0x00, 0x00, 0x00, 0x00, 0x00, 0x00, 0x00, 0x00, 0x00, 0x00,
  0x00, 0x00, 0x00, 0x00, 0x00, 0x00, 0x00, 0x00, 0x00, 0x00, 0x00, 0x00,
  0x00, 0x00, 0x00, 0x00, 0x00, 0x00, 0x00, 0x00, 0x00, 0x00, 0x00, 0x00,
  0x00, 0x00, 0x00, 0x00, 0x00, 0x00, 0x00, 0x00, 0x00, 0x00, 0x00, 0x00,
  0x00, 0x00, 0x00, 0x00, 0x00, 0x00, 0x00, 0x00, 0x00, 0x00, 0x00, 0x00,
  0x00, 0x00, 0x00, 0x00, 0x00, 0x00, 0x00, 0x00, 0x00, 0x00, 0x00, 0x00,
  0x00, 0x00, 0x00, 0x00, 0x00, 0x00, 0x00, 0x00, 0x00, 0x00, 0x00, 0x00,
  0x00, 0x00, 0x00, 0x00, 0x00, 0x00, 0x00, 0x00, 0x00, 0x00, 0x00, 0x00,
  0x00, 0x00, 0x00, 0x00, 0x00, 0x00, 0x00, 0x00, 0x00, 0x00, 0x00, 0x00,
  0x00, 0x00, 0x00, 0x00, 0x00, 0x00, 0x00, 0x00, 0x00, 0x00, 0x00, 0x00,
  0x00, 0x00, 0x00, 0x00, 0x00, 0x00, 0x00, 0x00, 0x00, 0x00, 0x00, 0x00,
  0x00, 0x00, 0x00, 0x00, 0x00, 0x00, 0x00, 0x00, 0x00, 0x00, 0x00, 0x00,
  0x00, 0x00, 0x00, 0x00, 0x00, 0x00, 0x00, 0x00, 0x00, 0x00, 0x00, 0x00,
  0x00, 0x00, 0x00, 0x00, 0x00, 0x00, 0x00, 0x00, 0x00, 0x00, 0x00, 0x00,
  0x00, 0x00, 0x00, 0x00, 0x00, 0x00, 0x00, 0x00, 0x00, 0x00, 0x00, 0x00,
  0x00, 0x00, 0x00, 0x00, 0x00, 0x00, 0x00, 0x00, 0x00, 0x00, 0x00, 0x00,
  0x00, 0x00, 0x00, 0x00, 0x00, 0x00, 0x00, 0x00, 0x00, 0x00, 0x00, 0x00,
  0x00, 0x00, 0x00, 0x00, 0x00, 0x00, 0x00, 0x00, 0x00, 0x00, 0x00, 0x00,
  0x00, 0x00, 0x00, 0x00, 0x00, 0x00, 0x00, 0x00, 0x00, 0x00, 0x00, 0x00,
  0x00, 0x00, 0x00, 0x00, 0x40, 0x00, 0x00, 0x00, 0x39, 0xf1, 0x19, 0x39,
  0x4a, 0xce, 0xc3, 0x38, 0x80, 0x2a, 0x31, 0x39, 0xf0, 0x3b, 0x94, 0x38,
  0x8b, 0x67, 0x42, 0x39, 0x4f, 0xb5, 0xac, 0x38, 0x66, 0x24, 0x2b, 0x39,
  0x47, 0x35, 0x92, 0x39, 0x76, 0x76, 0x10, 0x39, 0xc6, 0x96, 0xe0, 0x38,
  0xe6, 0x06, 0x27, 0x39, 0x57, 0xc6, 0xa4, 0x39, 0x35, 0x33, 0xb9, 0x38,
  0xd7, 0x20, 0x04, 0x39, 0x30, 0x41, 0x34, 0x39, 0x90, 0x84, 0x1a, 0x39,
  0x79, 0x49, 0xc9, 0x38, 0xbe, 0x3d, 0xb0, 0x38, 0x67, 0x4f, 0xc6, 0x38,
  0x59, 0x5c, 0x85, 0x38, 0x62, 0x9b, 0x68, 0x39, 0xf9, 0x53, 0xd9, 0x38,
  0x48, 0x14, 0x05, 0x39, 0x33, 0x1a, 0xce, 0x38, 0x15, 0x94, 0xbe, 0x38,
  0xd7, 0xd1, 0x24, 0x3a, 0xc7, 0x20, 0x6c, 0x39, 0xf9, 0x96, 0xaf, 0x38,
  0x39, 0x8a, 0x33, 0x39, 0xc7, 0xf0, 0xfb, 0x38, 0xc3, 0x81, 0xbe, 0x38,
  0x24, 0xcc, 0xf1, 0x39, 0xbf, 0x0a, 0x37, 0x39, 0xe6, 0xf2, 0xb8, 0x38,
  0x09, 0xd6, 0xb2, 0x38, 0x41, 0x67, 0xa7, 0x38, 0x15, 0x8c, 0x60, 0x38,
  0xa1, 0x9d, 0x97, 0x38, 0xc7, 0x9b, 0xf1, 0x38, 0x17, 0xa5, 0xb3, 0x38,
  0x3e, 0x3e, 0xc4, 0x38, 0x09, 0x9b, 0xa8, 0x39, 0x88, 0x47, 0x1a, 0x39,
  0xc4, 0xfb, 0xd8, 0x38, 0x82, 0x75, 0x97, 0x38, 0x77, 0x88, 0xf4, 0x38,
  0x2c, 0x9b, 0x92, 0x38, 0x62, 0xbf, 0xfd, 0x38, 0xe1, 0x8f, 0xd0, 0x38,
  0xdd, 0x62, 0x13, 0x39, 0xbc, 0x9b, 0x0d, 0x39, 0x31, 0x09, 0x0b, 0x39,
  0x18, 0x5f, 0x26, 0x39, 0x0b, 0xda, 0x19, 0x39, 0xbb, 0x3d, 0xd9, 0x38,
  0x85, 0xc1, 0x40, 0x39, 0xff, 0x8d, 0x13, 0x39, 0xb8, 0x19, 0xaf, 0x38,
  0xe2, 0x1e, 0xdd, 0x38, 0x27, 0xbc, 0x82, 0x39, 0x9d, 0xba, 0x2a, 0x39,
  0x4f, 0x3a, 0xe1, 0x38, 0x86, 0xa0, 0xbc, 0x38, 0xf3, 0x9e, 0x46, 0x3a,
  0xe7, 0x00, 0x00, 0x00, 0x73, 0x33, 0x5f, 0x73, 0x33, 0x2d, 0x6c, 0x61,
  0x72, 0x67, 0x65, 0x5f, 0x31, 0x2f, 0x64, 0x73, 0x33, 0x5f, 0x64, 0x77,
  0x5f, 0x72, 0x65, 0x6c, 0x75, 0x36, 0x5f, 0x31, 0x2f, 0x52, 0x65, 0x6c,
  0x75, 0x36, 0x3b, 0x73, 0x33, 0x5f, 0x73, 0x33, 0x2d, 0x6c, 0x61, 0x72,
  0x67, 0x65, 0x5f, 0x31, 0x2f, 0x64, 0x73, 0x33, 0x5f, 0x64, 0x77, 0x5f,
  0x62, 0x6e, 0x5f, 0x31, 0x2f, 0x62, 0x61, 0x74, 0x63, 0x68, 0x6e, 0x6f,
  0x72, 0x6d, 0x2f, 0x61, 0x64, 0x64, 0x5f, 0x31, 0x3b, 0x73, 0x33, 0x5f,
  0x73, 0x33, 0x2d, 0x6c, 0x61, 0x72, 0x67, 0x65, 0x5f, 0x31, 0x2f, 0x64,
  0x73, 0x33, 0x5f, 0x64, 0x77, 0x5f, 0x62, 0x6e, 0x5f, 0x31, 0x2f, 0x62,
  0x61, 0x74, 0x63, 0x68, 0x6e, 0x6f, 0x72, 0x6d, 0x2f, 0x6d, 0x75, 0x6c,
  0x5f, 0x31, 0x3b, 0x73, 0x33, 0x5f, 0x73, 0x33, 0x2d, 0x6c, 0x61, 0x72,
  0x67, 0x65, 0x5f, 0x31, 0x2f, 0x64, 0x73, 0x33, 0x5f, 0x64, 0x77, 0x5f,
  0x31, 0x2f, 0x64, 0x65, 0x70, 0x74, 0x68, 0x77, 0x69, 0x73, 0x65, 0x3b,
  0x73, 0x33, 0x5f, 0x73, 0x33, 0x2d, 0x6c, 0x61, 0x72, 0x67, 0x65, 0x5f,
  0x31, 0x2f, 0x64, 0x73, 0x33, 0x5f, 0x64, 0x77, 0x5f, 0x62, 0x6e, 0x5f,
  0x31, 0x2f, 0x62, 0x61, 0x74, 0x63, 0x68, 0x6e, 0x6f, 0x72, 0x6d, 0x2f,
  0x6d, 0x75, 0x6c, 0x3b, 0x73, 0x33, 0x5f, 0x73, 0x33, 0x2d, 0x6c, 0x61,
  0x72, 0x67, 0x65, 0x5f, 0x31, 0x2f, 0x64, 0x73, 0x33, 0x5f, 0x64, 0x77,
  0x5f, 0x62, 0x6e, 0x5f, 0x31, 0x2f, 0x62, 0x61, 0x74, 0x63, 0x68, 0x6e,
  0x6f, 0x72, 0x6d, 0x2f, 0x73, 0x75, 0x62, 0x00, 0x01, 0x00, 0x00, 0x00,
  0x40, 0x00, 0x00, 0x00, 0x7e, 0xf2, 0xff, 0xff, 0x00, 0x00, 0x00, 0x01,
  0x14, 0x00, 0x00, 0x00, 0xa8, 0x04, 0x00, 0x00, 0x0b, 0x00, 0x00, 0x00,
  0x00, 0x00, 0x00, 0x09, 0xc4, 0x04, 0x00, 0x00, 0xdc, 0xf1, 0xff, 0xff,
  0x08, 0x00, 0x00, 0x00, 0x0c, 0x03, 0x00, 0x00, 0x60, 0x00, 0x00, 0x00,
  0x00, 0x00, 0x00, 0x00, 0x00, 0x00, 0x00, 0x00, 0x00, 0x00, 0x00, 0x00,
  0x00, 0x00, 0x00, 0x00, 0x00, 0x00, 0x00, 0x00, 0x00, 0x00, 0x00, 0x00,
  0x00, 0x00, 0x00, 0x00, 0x00, 0x00, 0x00, 0x00, 0x00, 0x00, 0x00, 0x00,
  0x00, 0x00, 0x00, 0x00, 0x00, 0x00, 0x00, 0x00, 0x00, 0x00, 0x00, 0x00,
  0x00, 0x00, 0x00, 0x00, 0x00, 0x00, 0x00, 0x00, 0x00, 0x00, 0x00, 0x00,
  0x00, 0x00, 0x00, 0x00, 0x00, 0x00, 0x00, 0x00, 0x00, 0x00, 0x00, 0x00,
  0x00, 0x00, 0x00, 0x00, 0x00, 0x00, 0x00, 0x00, 0x00, 0x00, 0x00, 0x00,
  0x00, 0x00, 0x00, 0x00, 0x00, 0x00, 0x00, 0x00, 0x00, 0x00, 0x00, 0x00,
  0x00, 0x00, 0x00, 0x00, 0x00, 0x00, 0x00, 0x00, 0x00, 0x00, 0x00, 0x00,
  0x00, 0x00, 0x00, 0x00, 0x00, 0x00, 0x00, 0x00, 0x00, 0x00, 0x00, 0x00,
  0x00, 0x00, 0x00, 0x00, 0x00, 0x00, 0x00, 0x00, 0x00, 0x00, 0x00, 0x00,
  0x00, 0x00, 0x00, 0x00, 0x00, 0x00, 0x00, 0x00, 0x00, 0x00, 0x00, 0x00,
  0x00, 0x00, 0x00, 0x00, 0x00, 0x00, 0x00, 0x00, 0x00, 0x00, 0x00, 0x00,
  0x00, 0x00, 0x00, 0x00, 0x00, 0x00, 0x00, 0x00, 0x00, 0x00, 0x00, 0x00,
  0x00, 0x00, 0x00, 0x00, 0x00, 0x00, 0x00, 0x00, 0x00, 0x00, 0x00, 0x00,
  0x00, 0x00, 0x00, 0x00, 0x00, 0x00, 0x00, 0x00, 0x00, 0x00, 0x00, 0x00,
  0x00, 0x00, 0x00, 0x00, 0x00, 0x00, 0x00, 0x00, 0x00, 0x00, 0x00, 0x00,
  0x00, 0x00, 0x00, 0x00, 0x00, 0x00, 0x00, 0x00, 0x00, 0x00, 0x00, 0x00,
  0x00, 0x00, 0x00, 0x00, 0x00, 0x00, 0x00, 0x00, 0x00, 0x00, 0x00, 0x00,
  0x00, 0x00, 0x00, 0x00, 0x00, 0x00, 0x00, 0x00, 0x00, 0x00, 0x00, 0x00,
  0x00, 0x00, 0x00, 0x00, 0x00, 0x00, 0x00, 0x00, 0x00, 0x00, 0x00, 0x00,
  0x00, 0x00, 0x00, 0x00, 0x00, 0x00, 0x00, 0x00, 0x00, 0x00, 0x00, 0x00,
  0x00, 0x00, 0x00, 0x00, 0x00, 0x00, 0x00, 0x00, 0x00, 0x00, 0x00, 0x00,
  0x00, 0x00, 0x00, 0x00, 0x00, 0x00, 0x00, 0x00, 0x00, 0x00, 0x00, 0x00,
  0x00, 0x00, 0x00, 0x00, 0x00, 0x00, 0x00, 0x00, 0x00, 0x00, 0x00, 0x00,
  0x00, 0x00, 0x00, 0x00, 0x00, 0x00, 0x00, 0x00, 0x00, 0x00, 0x00, 0x00,
  0x00, 0x00, 0x00, 0x00, 0x00, 0x00, 0x00, 0x00, 0x00, 0x00, 0x00, 0x00,
  0x00, 0x00, 0x00, 0x00, 0x00, 0x00, 0x00, 0x00, 0x00, 0x00, 0x00, 0x00,
  0x00, 0x00, 0x00, 0x00, 0x00, 0x00, 0x00, 0x00, 0x00, 0x00, 0x00, 0x00,
  0x00, 0x00, 0x00, 0x00, 0x00, 0x00, 0x00, 0x00, 0x00, 0x00, 0x00, 0x00,
  0x00, 0x00, 0x00, 0x00, 0x00, 0x00, 0x00, 0x00, 0x00, 0x00, 0x00, 0x00,
  0x00, 0x00, 0x00, 0x00, 0x00, 0x00, 0x00, 0x00, 0x00, 0x00, 0x00, 0x00,
  0x00, 0x00, 0x00, 0x00, 0x00, 0x00, 0x00, 0x00, 0x00, 0x00, 0x00, 0x00,
  0x00, 0x00, 0x00, 0x00, 0x00, 0x00, 0x00, 0x00, 0x00, 0x00, 0x00, 0x00,
  0x00, 0x00, 0x00, 0x00, 0x00, 0x00, 0x00, 0x00, 0x00, 0x00, 0x00, 0x00,
  0x00, 0x00, 0x00, 0x00, 0x00, 0x00, 0x00, 0x00, 0x00, 0x00, 0x00, 0x00,
  0x00, 0x00, 0x00, 0x00, 0x00, 0x00, 0x00, 0x00, 0x00, 0x00, 0x00, 0x00,
  0x00, 0x00, 0x00, 0x00, 0x00, 0x00, 0x00, 0x00, 0x00, 0x00, 0x00, 0x00,
  0x00, 0x00, 0x00, 0x00, 0x00, 0x00, 0x00, 0x00, 0x00, 0x00, 0x00, 0x00,
  0x00, 0x00, 0x00, 0x00, 0x00, 0x00, 0x00, 0x00, 0x00, 0x00, 0x00, 0x00,
  0x00, 0x00, 0x00, 0x00, 0x00, 0x00, 0x00, 0x00, 0x00, 0x00, 0x00, 0x00,
  0x00, 0x00, 0x00, 0x00, 0x00, 0x00, 0x00, 0x00, 0x00, 0x00, 0x00, 0x00,
  0x00, 0x00, 0x00, 0x00, 0x00, 0x00, 0x00, 0x00, 0x00, 0x00, 0x00, 0x00,
  0x00, 0x00, 0x00, 0x00, 0x00, 0x00, 0x00, 0x00, 0x00, 0x00, 0x00, 0x00,
  0x00, 0x00, 0x00, 0x00, 0x00, 0x00, 0x00, 0x00, 0x00, 0x00, 0x00, 0x00,
  0x00, 0x00, 0x00, 0x00, 0x00, 0x00, 0x00, 0x00, 0x00, 0x00, 0x00, 0x00,
  0x00, 0x00, 0x00, 0x00, 0x00, 0x00, 0x00, 0x00, 0x00, 0x00, 0x00, 0x00,
  0x00, 0x00, 0x00, 0x00, 0x00, 0x00, 0x00, 0x00, 0x00, 0x00, 0x00, 0x00,
  0x00, 0x00, 0x00, 0x00, 0x00, 0x00, 0x00, 0x00, 0x00, 0x00, 0x00, 0x00,
  0x00, 0x00, 0x00, 0x00, 0x00, 0x00, 0x00, 0x00, 0x00, 0x00, 0x00, 0x00,
  0x00, 0x00, 0x00, 0x00, 0x00, 0x00, 0x00, 0x00, 0x00, 0x00, 0x00, 0x00,
  0x00, 0x00, 0x00, 0x00, 0x00, 0x00, 0x00, 0x00, 0x00, 0x00, 0x00, 0x00,
  0x00, 0x00, 0x00, 0x00, 0x00, 0x00, 0x00, 0x00, 0x00, 0x00, 0x00, 0x00,
  0x00, 0x00, 0x00, 0x00, 0x00, 0x00, 0x00, 0x00, 0x00, 0x00, 0x00, 0x00,
  0x00, 0x00, 0x00, 0x00, 0x00, 0x00, 0x00, 0x00, 0x00, 0x00, 0x00, 0x00,
  0x00, 0x00, 0x00, 0x00, 0x00, 0x00, 0x00, 0x00, 0x00, 0x00, 0x00, 0x00,
  0x00, 0x00, 0x00, 0x00, 0x00, 0x00, 0x00, 0x00, 0x00, 0x00, 0x00, 0x00,
  0x00, 0x00, 0x00, 0x00, 0x00, 0x00, 0x00, 0x00, 0x00, 0x00, 0x00, 0x00,
  0x00, 0x00, 0x00, 0x00, 0x00, 0x00, 0x00, 0x00, 0x00, 0x00, 0x00, 0x00,
  0x00, 0x00, 0x00, 0x00, 0x00, 0x00, 0x00, 0x00, 0x00, 0x00, 0x00, 0x00,
  0x00, 0x00, 0x00, 0x00, 0x00, 0x00, 0x00, 0x00, 0x00, 0x00, 0x00, 0x00,
  0x00, 0x00, 0x00, 0x00, 0x00, 0x00, 0x00, 0x00, 0x00, 0x00, 0x00, 0x00,
  0x00, 0x00, 0x00, 0x00, 0x00, 0x00, 0x00, 0x00, 0x00, 0x00, 0x00, 0x00,
  0x00, 0x00, 0x00, 0x00, 0x00, 0x00, 0x00, 0x00, 0x00, 0x00, 0x00, 0x00,
  0x00, 0x00, 0x00, 0x00, 0x60, 0x00, 0x00, 0x00, 0xad, 0x02, 0xd3, 0x3b,
  0x67, 0x49, 0x08, 0x3c, 0x4b, 0x26, 0xeb, 0x3b, 0x89, 0x00, 0x23, 0x3c,
  0xa9, 0x54, 0xbf, 0x3b, 0xeb, 0x4b, 0xdf, 0x3b, 0xcf, 0xe7, 0xb5, 0x3b,
  0x7c, 0x51, 0xd0, 0x3b, 0x63, 0x82, 0x13, 0x3c, 0xff, 0x33, 0xe3, 0x3b,
  0x84, 0x39, 0x01, 0x3c, 0x7c, 0x5d, 0x02, 0x3c, 0xca, 0xb3, 0x37, 0x3c,
  0x5e, 0xb9, 0xb1, 0x3b, 0xb1, 0x58, 0xcb, 0x3b, 0x8e, 0x6e, 0xe4, 0x3b,
  0xb9, 0x6a, 0xe7, 0x3b, 0x08, 0xa9, 0xb8, 0x3b, 0x23, 0x0c, 0xd7, 0x3b,
  0xd7, 0xff, 0xef, 0x3b, 0x2a, 0xca, 0x03, 0x3c, 0x5d, 0xdc, 0xe3, 0x3b,
  0x8a, 0x1f, 0xef, 0x3b, 0x0d, 0x1e, 0x0c, 0x3c, 0x0e, 0x4d, 0xf0, 0x3b,
  0x4a, 0x6a, 0x03, 0x3c, 0xef, 0x1d, 0xd9, 0x3b, 0xa2, 0x9c, 0xd0, 0x3b,
  0x28, 0xa5, 0xcf, 0x3b, 0xb2, 0x24, 0x06, 0x3c, 0xf4, 0x43, 0xfb, 0x3b,
  0x35, 0x4d, 0x17, 0x3c, 0x0a, 0x78, 0x0b, 0x3c, 0xfd, 0xdd, 0x01, 0x3c,
  0x8c, 0xcd, 0xfc, 0x3b, 0xaa, 0x44, 0xdd, 0x3b, 0xcd, 0xa3, 0x19, 0x3c,
  0x15, 0x1d, 0xed, 0x3b, 0xa5, 0xbb, 0xde, 0x3b, 0x60, 0x6e, 0xe3, 0x3b,
  0xc3, 0xe7, 0xdd, 0x3b, 0x27, 0xbd, 0x16, 0x3c, 0x9c, 0x26, 0xfb, 0x3b,
  0xcc, 0x3c, 0xe2, 0x3b, 0x98, 0x61, 0xb8, 0x3b, 0xed, 0x09, 0xf1, 0x3b,
  0x9b, 0x58, 0x24, 0x3c, 0x54, 0xa4, 0xec, 0x3b, 0x0b, 0x84, 0x18, 0x3c,
  0x77, 0x07, 0xf2, 0x3b, 0xb2, 0x02, 0xec, 0x3b, 0xe2, 0x7a, 0x02, 0x3c,
  0x8e, 0x61, 0x08, 0x3c, 0xe8, 0x1d, 0x19, 0x3c, 0x07, 0x14, 0xf0, 0x3b,
  0xad, 0x6e, 0x90, 0x3b, 0x20, 0xa2, 0xb5, 0x3b, 0x3c, 0x1a, 0x06, 0x3c,
  0xd4, 0x85, 0xe3, 0x3b, 0x06, 0x67, 0xe5, 0x3b, 0xe3, 0xe0, 0xfe, 0x3b,
  0x2f, 0xcd, 0xe2, 0x3b, 0x2a, 0x99, 0xe4, 0x3b, 0xc1, 0xf7, 0x01, 0x3c,
  0xe8, 0x9d, 0x0b, 0x3c, 0x04, 0x12, 0x18, 0x3c, 0xbc, 0xa1, 0xd7, 0x3b,
  0x28, 0x99, 0x1a, 0x3c, 0x49, 0xb4, 0xe8, 0x3b, 0x9a, 0x27, 0x0a, 0x3c,
  0xa2, 0x13, 0xc9, 0x3b, 0xac, 0x13, 0xe9, 0x3b, 0x4b, 0xaf, 0xb1, 0x3b,
  0x09, 0xd0, 0xb9, 0x3b, 0x9b, 0x84, 0xf2, 0x3b, 0x3c, 0x36, 0xd4, 0x3b,
  0xd3, 0x7f, 0x03, 0x3c, 0x84, 0x9a, 0xeb, 0x3b, 0x1c, 0x47, 0xfb, 0x3b,
  0xcb, 0xf9, 0xa9, 0x3b, 0x3e, 0x73, 0xd3, 0x3b, 0xbd, 0x86, 0xce, 0x3b,
  0x9d, 0xd3, 0xc6, 0x3b, 0xac, 0x31, 0xef, 0x3b, 0x83, 0x72, 0xe7, 0x3b,
  0xc6, 0xaa, 0xbc, 0x3b, 0xea, 0xcb, 0xd3, 0x3b, 0x7e, 0xb8, 0xf0, 0x3b,
  0x66, 0xa2, 0xc6, 0x3b, 0xb2, 0x3b, 0xd4, 0x3b, 0x7d, 0xba, 0xf5, 0x3b,
  0x00, 0x77, 0xcf, 0x3b, 0x8f, 0xbe, 0xf9, 0x3b, 0x4d, 0xfa, 0xd5, 0x3b,
  0x26, 0x12, 0xe2, 0x3b, 0xc7, 0x9a, 0xe3, 0x3b, 0x22, 0x00, 0x00, 0x00,
  0x73, 0x33, 0x5f, 0x73, 0x33, 0x2d, 0x6c, 0x61, 0x72, 0x67, 0x65, 0x5f,
  0x31, 0x2f, 0x64, 0x73, 0x33, 0x5f, 0x70, 0x77, 0x5f, 0x31, 0x2f, 0x63,
  0x6f, 0x6e, 0x76, 0x6f, 0x6c, 0x75, 0x74, 0x69, 0x6f, 0x6e, 0x00, 0x00,
  0x04, 0x00, 0x00, 0x00, 0x60, 0x00, 0x00, 0x00, 0x01, 0x00, 0x00, 0x00,
  0x01, 0x00, 0x00, 0x00, 0x40, 0x00, 0x00, 0x00, 0x6e, 0xf7, 0xff, 0xff,
  0x00, 0x00, 0x00, 0x01, 0x14, 0x00, 0x00, 0x00, 0xa8, 0x04, 0x00, 0x00,
  0x0a, 0x00, 0x00, 0x00, 0x00, 0x00, 0x00, 0x02, 0x38, 0x05, 0x00, 0x00,
  0xcc, 0xf6, 0xff, 0xff, 0x08, 0x00, 0x00, 0x00, 0x0c, 0x03, 0x00, 0x00,
  0x60, 0x00, 0x00, 0x00, 0x00, 0x00, 0x00, 0x00, 0x00, 0x00, 0x00, 0x00,
  0x00, 0x00, 0x00, 0x00, 0x00, 0x00, 0x00, 0x00, 0x00, 0x00, 0x00, 0x00,
  0x00, 0x00, 0x00, 0x00, 0x00, 0x00, 0x00, 0x00, 0x00, 0x00, 0x00, 0x00,
  0x00, 0x00, 0x00, 0x00, 0x00, 0x00, 0x00, 0x00, 0x00, 0x00, 0x00, 0x00,
  0x00, 0x00, 0x00, 0x00, 0x00, 0x00, 0x00, 0x00, 0x00, 0x00, 0x00, 0x00,
  0x00, 0x00, 0x00, 0x00, 0x00, 0x00, 0x00, 0x00, 0x00, 0x00, 0x00, 0x00,
  0x00, 0x00, 0x00, 0x00, 0x00, 0x00, 0x00, 0x00, 0x00, 0x00, 0x00, 0x00,
  0x00, 0x00, 0x00, 0x00, 0x00, 0x00, 0x00, 0x00, 0x00, 0x00, 0x00, 0x00,
  0x00, 0x00, 0x00, 0x00, 0x00, 0x00, 0x00, 0x00, 0x00, 0x00, 0x00, 0x00,
  0x00, 0x00, 0x00, 0x00, 0x00, 0x00, 0x00, 0x00, 0x00, 0x00, 0x00, 0x00,
  0x00, 0x00, 0x00, 0x00, 0x00, 0x00, 0x00, 0x00, 0x00, 0x00, 0x00, 0x00,
  0x00, 0x00, 0x00, 0x00, 0x00, 0x00, 0x00, 0x00, 0x00, 0x00, 0x00, 0x00,
  0x00, 0x00, 0x00, 0x00, 0x00, 0x00, 0x00, 0x00, 0x00, 0x00, 0x00, 0x00,
  0x00, 0x00, 0x00, 0x00, 0x00, 0x00, 0x00, 0x00, 0x00, 0x00, 0x00, 0x00,
  0x00, 0x00, 0x00, 0x00, 0x00, 0x00, 0x00, 0x00, 0x00, 0x00, 0x00, 0x00,
  0x00, 0x00, 0x00, 0x00, 0x00, 0x00, 0x00, 0x00, 0x00, 0x00, 0x00, 0x00,
  0x00, 0x00, 0x00, 0x00, 0x00, 0x00, 0x00, 0x00, 0x00, 0x00, 0x00, 0x00,
  0x00, 0x00, 0x00, 0x00, 0x00, 0x00, 0x00, 0x00, 0x00, 0x00, 0x00, 0x00,
  0x00, 0x00, 0x00, 0x00, 0x00, 0x00, 0x00, 0x00, 0x00, 0x00, 0x00, 0x00,
  0x00, 0x00, 0x00, 0x00, 0x00, 0x00, 0x00, 0x00, 0x00, 0x00, 0x00, 0x00,
  0x00, 0x00, 0x00, 0x00, 0x00, 0x00, 0x00, 0x00, 0x00, 0x00, 0x00, 0x00,
  0x00, 0x00, 0x00, 0x00, 0x00, 0x00, 0x00, 0x00, 0x00, 0x00, 0x00, 0x00,
  0x00, 0x00, 0x00, 0x00, 0x00, 0x00, 0x00, 0x00, 0x00, 0x00, 0x00, 0x00,
  0x00, 0x00, 0x00, 0x00, 0x00, 0x00, 0x00, 0x00, 0x00, 0x00, 0x00, 0x00,
  0x00, 0x00, 0x00, 0x00, 0x00, 0x00, 0x00, 0x00, 0x00, 0x00, 0x00, 0x00,
  0x00, 0x00, 0x00, 0x00, 0x00, 0x00, 0x00, 0x00, 0x00, 0x00, 0x00, 0x00,
  0x00, 0x00, 0x00, 0x00, 0x00, 0x00, 0x00, 0x00, 0x00, 0x00, 0x00, 0x00,
  0x00, 0x00, 0x00, 0x00, 0x00, 0x00, 0x00, 0x00, 0x00, 0x00, 0x00, 0x00,
  0x00, 0x00, 0x00, 0x00, 0x00, 0x00, 0x00, 0x00, 0x00, 0x00, 0x00, 0x00,
  0x00, 0x00, 0x00, 0x00, 0x00, 0x00, 0x00, 0x00, 0x00, 0x00, 0x00, 0x00,
  0x00, 0x00, 0x00, 0x00, 0x00, 0x00, 0x00, 0x00, 0x00, 0x00, 0x00, 0x00,
  0x00, 0x00, 0x00, 0x00, 0x00, 0x00, 0x00, 0x00, 0x00, 0x00, 0x00, 0x00,
  0x00, 0x00, 0x00, 0x00, 0x00, 0x00, 0x00, 0x00, 0x00, 0x00, 0x00, 0x00,
  0x00, 0x00, 0x00, 0x00, 0x00, 0x00, 0x00, 0x00, 0x00, 0x00, 0x00, 0x00,
  0x00, 0x00, 0x00, 0x00, 0x00, 0x00, 0x00, 0x00, 0x00, 0x00, 0x00, 0x00,
  0x00, 0x00, 0x00, 0x00, 0x00, 0x00, 0x00, 0x00, 0x00, 0x00, 0x00, 0x00,
  0x00, 0x00, 0x00, 0x00, 0x00, 0x00, 0x00, 0x00, 0x00, 0x00, 0x00, 0x00,
  0x00, 0x00, 0x00, 0x00, 0x00, 0x00, 0x00, 0x00, 0x00, 0x00, 0x00, 0x00,
  0x00, 0x00, 0x00, 0x00, 0x00, 0x00, 0x00, 0x00, 0x00, 0x00, 0x00, 0x00,
  0x00, 0x00, 0x00, 0x00, 0x00, 0x00, 0x00, 0x00, 0x00, 0x00, 0x00, 0x00,
  0x00, 0x00, 0x00, 0x00, 0x00, 0x00, 0x00, 0x00, 0x00, 0x00, 0x00, 0x00,
  0x00, 0x00, 0x00, 0x00, 0x00, 0x00, 0x00, 0x00, 0x00, 0x00, 0x00, 0x00,
  0x00, 0x00, 0x00, 0x00, 0x00, 0x00, 0x00, 0x00, 0x00, 0x00, 0x00, 0x00,
  0x00, 0x00, 0x00, 0x00, 0x00, 0x00, 0x00, 0x00, 0x00, 0x00, 0x00, 0x00,
  0x00, 0x00, 0x00, 0x00, 0x00, 0x00, 0x00, 0x00, 0x00, 0x00, 0x00, 0x00,
  0x00, 0x00, 0x00, 0x00, 0x00, 0x00, 0x00, 0x00, 0x00, 0x00, 0x00, 0x00,
  0x00, 0x00, 0x00, 0x00, 0x00, 0x00, 0x00, 0x00, 0x00, 0x00, 0x00, 0x00,
  0x00, 0x00, 0x00, 0x00, 0x00, 0x00, 0x00, 0x00, 0x00, 0x00, 0x00, 0x00,
  0x00, 0x00, 0x00, 0x00, 0x00, 0x00, 0x00, 0x00, 0x00, 0x00, 0x00, 0x00,
  0x00, 0x00, 0x00, 0x00, 0x00, 0x00, 0x00, 0x00, 0x00, 0x00, 0x00, 0x00,
  0x00, 0x00, 0x00, 0x00, 0x00, 0x00, 0x00, 0x00, 0x00, 0x00, 0x00, 0x00,
  0x00, 0x00, 0x00, 0x00, 0x00, 0x00, 0x00, 0x00, 0x00, 0x00, 0x00, 0x00,
  0x00, 0x00, 0x00, 0x00, 0x00, 0x00, 0x00, 0x00, 0x00, 0x00, 0x00, 0x00,
  0x00, 0x00, 0x00, 0x00, 0x00, 0x00, 0x00, 0x00, 0x00, 0x00, 0x00, 0x00,
  0x00, 0x00, 0x00, 0x00, 0x00, 0x00, 0x00, 0x00, 0x00, 0x00, 0x00, 0x00,
  0x00, 0x00, 0x00, 0x00, 0x00, 0x00, 0x00, 0x00, 0x00, 0x00, 0x00, 0x00,
  0x00, 0x00, 0x00, 0x00, 0x00, 0x00, 0x00, 0x00, 0x00, 0x00, 0x00, 0x00,
  0x00, 0x00, 0x00, 0x00, 0x00, 0x00, 0x00, 0x00, 0x00, 0x00, 0x00, 0x00,
  0x00, 0x00, 0x00, 0x00, 0x00, 0x00, 0x00, 0x00, 0x00, 0x00, 0x00, 0x00,
  0x00, 0x00, 0x00, 0x00, 0x00, 0x00, 0x00, 0x00, 0x00, 0x00, 0x00, 0x00,
  0x00, 0x00, 0x00, 0x00, 0x00, 0x00, 0x00, 0x00, 0x00, 0x00, 0x00, 0x00,
  0x00, 0x00, 0x00, 0x00, 0x00, 0x00, 0x00, 0x00, 0x00, 0x00, 0x00, 0x00,
  0x00, 0x00, 0x00, 0x00, 0x00, 0x00, 0x00, 0x00, 0x00, 0x00, 0x00, 0x00,
  0x00, 0x00, 0x00, 0x00, 0x00, 0x00, 0x00, 0x00, 0x00, 0x00, 0x00, 0x00,
  0x00, 0x00, 0x00, 0x00, 0x00, 0x00, 0x00, 0x00, 0x60, 0x00, 0x00, 0x00,
  0xe3, 0xe0, 0x1e, 0x39, 0x56, 0x3b, 0x4d, 0x39, 0xc6, 0x0d, 0x31, 0x39,
  0x44, 0x76, 0x75, 0x39, 0x8e, 0x0f, 0x10, 0x39, 0x12, 0x21, 0x28, 0x39,
  0xd2, 0xf6, 0x08, 0x39, 0xf7, 0xd9, 0x1c, 0x39, 0xb6, 0x21, 0x5e, 0x39,
  0x12, 0x12, 0x2b, 0x39, 0xdf, 0x98, 0x42, 0x39, 0x8b, 0x50, 0x44, 0x39,
  0x29, 0x51, 0x8a, 0x39, 0xd8, 0xd0, 0x05, 0x39, 0xa1, 0x1b, 0x19, 0x39,
  0xea, 0xfe, 0x2b, 0x39, 0x49, 0x3e, 0x2e, 0x39, 0xd0, 0x09, 0x0b, 0x39,
  0x05, 0xeb, 0x21, 0x39, 0x96, 0xb4, 0x34, 0x39, 0xb5, 0x75, 0x46, 0x39,
  0xd7, 0x90, 0x2b, 0x39, 0xb3, 0x0b, 0x34, 0x39, 0x14, 0x00, 0x53, 0x39,
  0xb9, 0xee, 0x34, 0x39, 0x55, 0xe5, 0x45, 0x39, 0xed, 0x79, 0x23, 0x39,
  0x8c, 0x12, 0x1d, 0x39, 0x36, 0x58, 0x1c, 0x39, 0x0c, 0x01, 0x4a, 0x39,
  0x27, 0x30, 0x3d, 0x39, 0xa7, 0xd7, 0x63, 0x39, 0x15, 0x06, 0x52, 0x39,
  0x8c, 0x90, 0x43, 0x39, 0x82, 0x58, 0x3e, 0x39, 0x1a, 0x9a, 0x26, 0x39,
  0x11, 0x5d, 0x67, 0x39, 0x58, 0x88, 0x32, 0x39, 0x70, 0xb4, 0x27, 0x39,
  0x06, 0x3e, 0x2b, 0x39, 0xe7, 0x14, 0x27, 0x39, 0xba, 0xfe, 0x62, 0x39,
  0x0f, 0x1a, 0x3d, 0x39, 0xf1, 0x57, 0x2a, 0x39, 0x06, 0xd4, 0x0a, 0x39,
  0xef, 0x7c, 0x35, 0x39, 0x65, 0x7c, 0x77, 0x39, 0x6d, 0x2d, 0x32, 0x39,
  0xbd, 0xab, 0x65, 0x39, 0xd5, 0x3b, 0x36, 0x39, 0xb9, 0xb3, 0x31, 0x39,
  0xd0, 0x7c, 0x44, 0x39, 0xb5, 0x5f, 0x4d, 0x39, 0x70, 0x93, 0x66, 0x39,
  0xc9, 0xc3, 0x34, 0x39, 0x83, 0x7f, 0xd9, 0x38, 0x5b, 0xc2, 0x08, 0x39,
  0x4c, 0xf1, 0x49, 0x39, 0xaf, 0x4f, 0x2b, 0x39, 0xff, 0xb9, 0x2c, 0x39,
  0x93, 0xe8, 0x3f, 0x39, 0xa8, 0xc4, 0x2a, 0x39, 0xff, 0x1e, 0x2c, 0x39,
  0x59, 0xb7, 0x43, 0x39, 0x1b, 0x3f, 0x52, 0x39, 0x06, 0x00, 0x65, 0x39,
  0xa9, 0x5b, 0x22, 0x39, 0x8b, 0xce, 0x68, 0x39, 0x6d, 0x36, 0x2f, 0x39,
  0x73, 0x0b, 0x50, 0x39, 0x20, 0x66, 0x17, 0x39, 0x3f, 0x7e, 0x2f, 0x39,
  0x42, 0xc9, 0x05, 0x39, 0xef, 0xe7, 0x0b, 0x39, 0x0f, 0x9a, 0x36, 0x39,
  0x76, 0xc8, 0x1f, 0x39, 0xc3, 0x05, 0x46, 0x39, 0x49, 0x65, 0x31, 0x39,
  0x88, 0x32, 0x3d, 0x39, 0xa7, 0xf6, 0xff, 0x38, 0xa4, 0x35, 0x1f, 0x39,
  0x8f, 0x80, 0x1b, 0x39, 0x6a, 0xb4, 0x15, 0x39, 0x5b, 0x19, 0x34, 0x39,
  0x27, 0x44, 0x2e, 0x39, 0x23, 0x0e, 0x0e, 0x39, 0x68, 0x78, 0x1f, 0x39,
  0x9e, 0x3f, 0x35, 0x39, 0x5c, 0x8f, 0x15, 0x39, 0x92, 0xcc, 0x1f, 0x39,
  0xe3, 0x04, 0x39, 0x39, 0x76, 0x35, 0x1c, 0x39, 0xf6, 0x0a, 0x3c, 0x39,
  0xd7, 0x1c, 0x21, 0x39, 0xd5, 0x37, 0x2a, 0x39, 0x75, 0x5f, 0x2b, 0x39,
  0x97, 0x00, 0x00, 0x00, 0x73, 0x33, 0x5f, 0x73, 0x33, 0x2d, 0x6c, 0x61,
  0x72, 0x67, 0x65, 0x5f, 0x31, 0x2f, 0x64, 0x73, 0x33, 0x5f, 0x70, 0x77,
  0x5f, 0x72, 0x65, 0x6c, 0x75, 0x36, 0x5f, 0x31, 0x2f, 0x52, 0x65, 0x6c,
  0x75, 0x36, 0x3b, 0x73, 0x33, 0x5f, 0x73, 0x33, 0x2d, 0x6c, 0x61, 0x72,
  0x67, 0x65, 0x5f, 0x31, 0x2f, 0x64, 0x73, 0x33, 0x5f, 0x70, 0x77, 0x5f,
  0x62, 0x6e, 0x5f, 0x31, 0x2f, 0x62, 0x61, 0x74, 0x63, 0x68, 0x6e, 0x6f,
  0x72, 0x6d, 0x2f, 0x61, 0x64, 0x64, 0x5f, 0x31, 0x3b, 0x73, 0x33, 0x5f,
  0x73, 0x33, 0x2d, 0x6c, 0x61, 0x72, 0x67, 0x65, 0x5f, 0x31, 0x2f, 0x64,
  0x73, 0x33, 0x5f, 0x70, 0x77, 0x5f, 0x31, 0x2f, 0x63, 0x6f, 0x6e, 0x76,
  0x6f, 0x6c, 0x75, 0x74, 0x69, 0x6f, 0x6e, 0x3b, 0x73, 0x33, 0x5f, 0x73,
  0x33, 0x2d, 0x6c, 0x61, 0x72, 0x67, 0x65, 0x5f, 0x31, 0x2f, 0x64, 0x73,
  0x33, 0x5f, 0x70, 0x77, 0x5f, 0x62, 0x6e, 0x5f, 0x31, 0x2f, 0x62, 0x61,
  0x74, 0x63, 0x68, 0x6e, 0x6f, 0x72, 0x6d, 0x2f, 0x73, 0x75, 0x62, 0x00,
  0x01, 0x00, 0x00, 0x00, 0x60, 0x00, 0x00, 0x00, 0xc6, 0xfc, 0xff, 0xff,
  0x00, 0x00, 0x00, 0x01, 0x14, 0x00, 0x00, 0x00, 0x84, 0x00, 0x00, 0x00,
  0x09, 0x00, 0x00, 0x00, 0x00, 0x00, 0x00, 0x09, 0xa4, 0x00, 0x00, 0x00,
  0x24, 0xfc, 0xff, 0xff, 0x08, 0x00, 0x00, 0x00, 0x48, 0x00, 0x00, 0x00,
  0x08, 0x00, 0x00, 0x00, 0x00, 0x00, 0x00, 0x00, 0x00, 0x00, 0x00, 0x00,
  0x00, 0x00, 0x00, 0x00, 0x00, 0x00, 0x00, 0x00, 0x00, 0x00, 0x00, 0x00,
  0x00, 0x00, 0x00, 0x00, 0x00, 0x00, 0x00, 0x00, 0x00, 0x00, 0x00, 0x00,
  0x00, 0x00, 0x00, 0x00, 0x00, 0x00, 0x00, 0x00, 0x00, 0x00, 0x00, 0x00,
  0x00, 0x00, 0x00, 0x00, 0x00, 0x00, 0x00, 0x00, 0x00, 0x00, 0x00, 0x00,
  0x00, 0x00, 0x00, 0x00, 0x00, 0x00, 0x00, 0x00, 0x08, 0x00, 0x00, 0x00,
  0xb8, 0x27, 0x84, 0x3b, 0x3e, 0x15, 0x8d, 0x3b, 0x98, 0x33, 0x7e, 0x3b,
  0xf5, 0xb5, 0x97, 0x3b, 0x60, 0x9d, 0x84, 0x3b, 0xbe, 0x14, 0x9a, 0x3b,
  0xce, 0x63, 0x96, 0x3b, 0x3f, 0xc9, 0xbb, 0x3b, 0x24, 0x00, 0x00, 0x00,
  0x73, 0x33, 0x5f, 0x73, 0x33, 0x2d, 0x6c, 0x61, 0x72, 0x67, 0x65, 0x5f,
  0x31, 0x2f, 0x70, 0x72, 0x6f, 0x62, 0x61, 0x62, 0x69, 0x6c, 0x69, 0x74,
  0x69, 0x65, 0x73, 0x5f, 0x31, 0x2f, 0x4d, 0x61, 0x74, 0x4d, 0x75, 0x6c,
  0x00, 0x00, 0x00, 0x00, 0x02, 0x00, 0x00, 0x00, 0x08, 0x00, 0x00, 0x00,
  0x60, 0x00, 0x00, 0x00, 0x8e, 0xfd, 0xff, 0xff, 0x00, 0x00, 0x00, 0x01,
  0x14, 0x00, 0x00, 0x00, 0x88, 0x00, 0x00, 0x00, 0x08, 0x00, 0x00, 0x00,
  0x00, 0x00, 0x00, 0x02, 0xa8, 0x00, 0x00, 0x00, 0xec, 0xfc, 0xff, 0xff,
  0x08, 0x00, 0x00, 0x00, 0x4c, 0x00, 0x00, 0x00, 0x08, 0x00, 0x00, 0x00,
  0x00, 0x00, 0x00, 0x00, 0x00, 0x00, 0x00, 0x00, 0x00, 0x00, 0x00, 0x00,
  0x00, 0x00, 0x00, 0x00, 0x00, 0x00, 0x00, 0x00, 0x00, 0x00, 0x00, 0x00,
  0x00, 0x00, 0x00, 0x00, 0x00, 0x00, 0x00, 0x00, 0x00, 0x00, 0x00, 0x00,
  0x00, 0x00, 0x00, 0x00, 0x00, 0x00, 0x00, 0x00, 0x00, 0x00, 0x00, 0x00,
  0x00, 0x00, 0x00, 0x00, 0x00, 0x00, 0x00, 0x00, 0x00, 0x00, 0x00, 0x00,
  0x00, 0x00, 0x00, 0x00, 0x00, 0x00, 0x00, 0x00, 0x08, 0x00, 0x00, 0x00,
  0x2d, 0x2c, 0x90, 0x38, 0x88, 0xe9, 0x99, 0x38, 0x98, 0xa8, 0x8a, 0x38,
  0xa7, 0x81, 0xa5, 0x38, 0x88, 0xac, 0x90, 0x38, 0x9e, 0x17, 0xa8, 0x38,
  0xc1, 0x10, 0xa4, 0x38, 0xbf, 0xdc, 0xcc, 0x38, 0x25, 0x00, 0x00, 0x00,
  0x73, 0x33, 0x5f, 0x73, 0x33, 0x2d, 0x6c, 0x61, 0x72, 0x67, 0x65, 0x5f,
  0x31, 0x2f, 0x70, 0x72, 0x6f, 0x62, 0x61, 0x62, 0x69, 0x6c, 0x69, 0x74,
  0x69, 0x65, 0x73, 0x5f, 0x31, 0x2f, 0x42, 0x69, 0x61, 0x73, 0x41, 0x64,
  0x64, 0x00, 0x00, 0x00, 0x01, 0x00, 0x00, 0x00, 0x08, 0x00, 0x00, 0x00,
  0x56, 0xfe, 0xff, 0xff, 0x00, 0x00, 0x00, 0x01, 0x14, 0x00, 0x00, 0x00,
  0x14, 0x00, 0x00, 0x00, 0x07, 0x00, 0x00, 0x00, 0x00, 0x00, 0x00, 0x02,
  0x44, 0x00, 0x00, 0x00, 0x40, 0xfe, 0xff, 0xff, 0x36, 0x00, 0x00, 0x00,
  0x73, 0x33, 0x5f, 0x73, 0x33, 0x2d, 0x6c, 0x61, 0x72, 0x67, 0x65, 0x5f,
  0x31, 0x2f, 0x67, 0x6c, 0x6f, 0x62, 0x61, 0x6c, 0x5f, 0x61, 0x76, 0x67,
  0x5f, 0x70, 0x6f, 0x6f, 0x6c, 0x5f, 0x31, 0x2f, 0x4d, 0x65, 0x61, 0x6e,
  0x2f, 0x72, 0x65, 0x64, 0x75, 0x63, 0x74, 0x69, 0x6f, 0x6e, 0x5f, 0x69,
  0x6e, 0x64, 0x69, 0x63, 0x65, 0x73, 0x00, 0x00, 0x01, 0x00, 0x00, 0x00,
  0x02, 0x00, 0x00, 0x00, 0xba, 0xfe, 0xff, 0xff, 0x00, 0x00, 0x00, 0x01,
  0x14, 0x00, 0x00, 0x00, 0x14, 0x00, 0x00, 0x00, 0x06, 0x00, 0x00, 0x00,
  0x00, 0x00, 0x00, 0x02, 0x3c, 0x00, 0x00, 0x00, 0xa4, 0xfe, 0xff, 0xff,
  0x2d, 0x00, 0x00, 0x00, 0x73, 0x33, 0x5f, 0x73, 0x33, 0x2d, 0x6c, 0x61,
  0x72, 0x67, 0x65, 0x5f, 0x31, 0x2f, 0x66, 0x65, 0x61, 0x74, 0x75, 0x72,
  0x65, 0x5f, 0x69, 0x6d, 0x61, 0x67, 0x65, 0x5f, 0x31, 0x2f, 0x52, 0x65,
  0x73, 0x68, 0x61, 0x70, 0x65, 0x2f, 0x73, 0x68, 0x61, 0x70, 0x65, 0x2f,
  0x33, 0x00, 0x00, 0x00, 0x00, 0x00, 0x00, 0x00, 0x12, 0xff, 0xff, 0xff,
  0x00, 0x00, 0x00, 0x01, 0x14, 0x00, 0x00, 0x00, 0x14, 0x00, 0x00, 0x00,
  0x05, 0x00, 0x00, 0x00, 0x00, 0x00, 0x00, 0x02, 0x3c, 0x00, 0x00, 0x00,
  0xfc, 0xfe, 0xff, 0xff, 0x2d, 0x00, 0x00, 0x00, 0x73, 0x33, 0x5f, 0x73,
  0x33, 0x2d, 0x6c, 0x61, 0x72, 0x67, 0x65, 0x5f, 0x31, 0x2f, 0x66, 0x65,
  0x61, 0x74, 0x75, 0x72, 0x65, 0x5f, 0x69, 0x6d, 0x61, 0x67, 0x65, 0x5f,
  0x31, 0x2f, 0x52, 0x65, 0x73, 0x68, 0x61, 0x70, 0x65, 0x2f, 0x73, 0x68,
  0x61, 0x70, 0x65, 0x2f, 0x32, 0x00, 0x00, 0x00, 0x00, 0x00, 0x00, 0x00,
  0x6a, 0xff, 0xff, 0xff, 0x00, 0x00, 0x00, 0x01, 0x14, 0x00, 0x00, 0x00,
  0x14, 0x00, 0x00, 0x00, 0x04, 0x00, 0x00, 0x00, 0x00, 0x00, 0x00, 0x02,
  0x3c, 0x00, 0x00, 0x00, 0x54, 0xff, 0xff, 0xff, 0x2d, 0x00, 0x00, 0x00,
  0x73, 0x33, 0x5f, 0x73, 0x33, 0x2d, 0x6c, 0x61, 0x72, 0x67, 0x65, 0x5f,
  0x31, 0x2f, 0x66, 0x65, 0x61, 0x74, 0x75, 0x72, 0x65, 0x5f, 0x69, 0x6d,
  0x61, 0x67, 0x65, 0x5f, 0x31, 0x2f, 0x52, 0x65, 0x73, 0x68, 0x61, 0x70,
  0x65, 0x2f, 0x73, 0x68, 0x61, 0x70, 0x65, 0x2f, 0x31, 0x00, 0x00, 0x00,
  0x00, 0x00, 0x00, 0x00, 0xc2, 0xff, 0xff, 0xff, 0x00, 0x00, 0x00, 0x01,
  0x14, 0x00, 0x00, 0x00, 0x14, 0x00, 0x00, 0x00, 0x03, 0x00, 0x00, 0x00,
  0x00, 0x00, 0x00, 0x02, 0x1c, 0x00, 0x00, 0x00, 0xac, 0xff, 0xff, 0xff,
  0x0e, 0x00, 0x00, 0x00, 0x61, 0x72, 0x69, 0x74, 0x68, 0x2e, 0x63, 0x6f,
  0x6e, 0x73, 0x74, 0x61, 0x6e, 0x74, 0x00, 0x00, 0x01, 0x00, 0x00, 0x00,
  0x01, 0x00, 0x00, 0x00, 0x00, 0x00, 0x16, 0x00, 0x1c, 0x00, 0x18, 0x00,
  0x17, 0x00, 0x10, 0x00, 0x0c, 0x00, 0x08, 0x00, 0x00, 0x00, 0x00, 0x00,
  0x00, 0x00, 0x07, 0x00, 0x16, 0x00, 0x00, 0x00, 0x00, 0x00, 0x00, 0x01,
  0x18, 0x00, 0x00, 0x00, 0x18, 0x00, 0x00, 0x00, 0x02, 0x00, 0x00, 0x00,
  0x00, 0x00, 0x00, 0x02, 0x44, 0x00, 0x00, 0x00, 0x04, 0x00, 0x04, 0x00,
  0x04, 0x00, 0x00, 0x00, 0x31, 0x00, 0x00, 0x00, 0x73, 0x33, 0x5f, 0x73,
  0x33, 0x2d, 0x6c, 0x61, 0x72, 0x67, 0x65, 0x5f, 0x31, 0x2f, 0x66, 0x65,
  0x61, 0x74, 0x75, 0x72, 0x65, 0x5f, 0x69, 0x6d, 0x61, 0x67, 0x65, 0x5f,
  0x31, 0x2f, 0x73, 0x74, 0x72, 0x69, 0x64, 0x65, 0x64, 0x5f, 0x73, 0x6c,
  0x69, 0x63, 0x65, 0x2f, 0x73, 0x74, 0x61, 0x63, 0x6b, 0x00, 0x00, 0x00,
  0x01, 0x00, 0x00, 0x00, 0x01, 0x00, 0x00, 0x00, 0x00, 0x00, 0x16, 0x00,
  0x20, 0x00, 0x1c, 0x00, 0x1b, 0x00, 0x14, 0x00, 0x10, 0x00, 0x0c, 0x00,
  0x00, 0x00, 0x00, 0x00, 0x08, 0x00, 0x07, 0x00, 0x16, 0x00, 0x00, 0x00,
  0x00, 0x00, 0x00, 0x01, 0x18, 0x00, 0x00, 0x00, 0x2c, 0x00, 0x00, 0x00,
  0x4c, 0x00, 0x00, 0x00, 0x01, 0x00, 0x00, 0x00, 0x00, 0x00, 0x00, 0x09,
  0x68, 0x00, 0x00, 0x00, 0x02, 0x00, 0x00, 0x00, 0xff, 0xff, 0xff, 0xff,
  0xf8, 0x16, 0x00, 0x00, 0x0c, 0x00, 0x0c, 0x00, 0x00, 0x00, 0x00, 0x00,
  0x08, 0x00, 0x04, 0x00, 0x0c, 0x00, 0x00, 0x00, 0x08, 0x00, 0x00, 0x00,
  0x14, 0x00, 0x00, 0x00, 0x01, 0x00, 0x00, 0x00, 0xfd, 0xff, 0xff, 0xff,
  0xff, 0xff, 0xff, 0xff, 0x00, 0x00, 0x00, 0x00, 0x01, 0x00, 0x00, 0x00,
  0x78, 0x04, 0x4c, 0x3e, 0x20, 0x00, 0x00, 0x00, 0x73, 0x65, 0x72, 0x76,
  0x69, 0x6e, 0x67, 0x5f, 0x64, 0x65, 0x66, 0x61, 0x75, 0x6c, 0x74, 0x5f,
  0x69, 0x6e, 0x70, 0x75, 0x74, 0x5f, 0x66, 0x65, 0x61, 0x74, 0x75, 0x72,
  0x65, 0x73, 0x3a, 0x30, 0x00, 0x00, 0x00, 0x00, 0x02, 0x00, 0x00, 0x00,
  0x01, 0x00, 0x00, 0x00, 0xf8, 0x16, 0x00, 0x00, 0x09, 0x00, 0x00, 0x00,
  0xb0, 0x00, 0x00, 0x00, 0x94, 0x00, 0x00, 0x00, 0x84, 0x00, 0x00, 0x00,
  0x74, 0x00, 0x00, 0x00, 0x60, 0x00, 0x00, 0x00, 0x40, 0x00, 0x00, 0x00,
  0x2c, 0x00, 0x00, 0x00, 0x18, 0x00, 0x00, 0x00, 0x04, 0x00, 0x00, 0x00,
  0xc0, 0xff, 0xff, 0xff, 0x19, 0x00, 0x00, 0x00, 0x02, 0x00, 0x00, 0x00,
  0x00, 0x00, 0x00, 0x19, 0xd0, 0xff, 0xff, 0xff, 0x09, 0x00, 0x00, 0x00,
  0x04, 0x00, 0x00, 0x00, 0x00, 0x00, 0x00, 0x09, 0xe0, 0xff, 0xff, 0xff,
  0x28, 0x00, 0x00, 0x00, 0x02, 0x00, 0x00, 0x00, 0x00, 0x00, 0x00, 0x28,
  0xf0, 0xff, 0xff, 0xff, 0x04, 0x00, 0x00, 0x00, 0x03, 0x00, 0x00, 0x00,
  0x00, 0x00, 0x00, 0x04, 0x0c, 0x00, 0x10, 0x00, 0x0f, 0x00, 0x00, 0x00,
  0x08, 0x00, 0x04, 0x00, 0x0c, 0x00, 0x00, 0x00, 0x03, 0x00, 0x00, 0x00,
  0x03, 0x00, 0x00, 0x00, 0x00, 0x00, 0x00, 0x03, 0xdc, 0xff, 0xff, 0xff,
  0x16, 0x00, 0x00, 0x00, 0x00, 0x00, 0x00, 0x16, 0xe8, 0xff, 0xff, 0xff,
  0x53, 0x00, 0x00, 0x00, 0x00, 0x00, 0x00, 0x53, 0xf4, 0xff, 0xff, 0xff,
  0x2d, 0x00, 0x00, 0x00, 0x00, 0x00, 0x00, 0x2d, 0x0c, 0x00, 0x0c, 0x00,
  0x0b, 0x00, 0x00, 0x00, 0x00, 0x00, 0x04, 0x00, 0x0c, 0x00, 0x00, 0x00,
  0x4d, 0x00, 0x00, 0x00, 0x00, 0x00, 0x00, 0x4d
};

const unsigned int g_s3_model_len = 37784;
